"HYBRID_ZONE","CLASS","XS","YS","INTERVAL_TYPE","MIN_YS","MAX_YS","ALPHA","BETA"
"montandoni_vulgarisIN","I","0",0,"95","0","0",1,-1
"montandoni_vulgarisIN","I","0",0,"LL","0","0",1,-1
"montandoni_vulgarisIN","I","0.01",0.049204,"95","0.0324524363241957","0.0659643323241957",1,-1
"montandoni_vulgarisIN","I","0.01",0.049204,"LL","0.047869876","0.049204",1,-1
"montandoni_vulgarisIN","I","0.02",0.096832,"95","0.064088007565733","0.129592775565733",1,-1
"montandoni_vulgarisIN","I","0.02",0.096832,"LL","0.094215008","0.096832",1,-1
"montandoni_vulgarisIN","I","0.03",0.142908,"95","0.0949178345565644","0.190922226556564",1,-1
"montandoni_vulgarisIN","I","0.03",0.142908,"LL","0.139058652","0.142908",1,-1
"montandoni_vulgarisIN","I","0.04",0.187456,"95","0.124953038128643","0.249989582128643",1,-1
"montandoni_vulgarisIN","I","0.04",0.187456,"LL","0.182424064","0.187456",1,-1
"montandoni_vulgarisIN","I","0.05",0.2305,"95","0.15420473911392","0.30683173911392",1,-1
"montandoni_vulgarisIN","I","0.05",0.2305,"LL","0.2243345","0.2305",1,-1
"montandoni_vulgarisIN","I","0.06",0.272064,"95","0.18268405834435","0.36148559434435",1,-1
"montandoni_vulgarisIN","I","0.06",0.272064,"LL","0.264813216","0.272064",1,-1
"montandoni_vulgarisIN","I","0.07",0.312172,"95","0.210402116651884","0.413988044651884",1,-1
"montandoni_vulgarisIN","I","0.07",0.312172,"LL","0.303883468","0.312172",1,-1
"montandoni_vulgarisIN","I","0.08",0.350848,"95","0.237370034868476","0.464375986868476",1,-1
"montandoni_vulgarisIN","I","0.08",0.350848,"LL","0.341568512","0.350848",1,-1
"montandoni_vulgarisIN","I","0.09",0.388116,"95","0.263598933826078","0.512686317826078",1,-1
"montandoni_vulgarisIN","I","0.09",0.388116,"LL","0.377891604","0.388116",1,-1
"montandoni_vulgarisIN","I","0.1",0.424,"95","0.289099934356642","0.558955934356642",1,-1
"montandoni_vulgarisIN","I","0.1",0.424,"LL","0.412876","0.424",1,-1
"montandoni_vulgarisIN","I","0.11",0.458524,"95","0.313884157292121","0.603221733292121",1,-1
"montandoni_vulgarisIN","I","0.11",0.458524,"LL","0.446544956","0.458524",1,-1
"montandoni_vulgarisIN","I","0.12",0.491712,"95","0.337962723464468","0.645520611464468",1,-1
"montandoni_vulgarisIN","I","0.12",0.491712,"LL","0.478921728","0.491712",1,-1
"montandoni_vulgarisIN","I","0.13",0.523588,"95","0.361346753705636","0.685889465705636",1,-1
"montandoni_vulgarisIN","I","0.13",0.523588,"LL","0.510029572","0.523588",1,-1
"montandoni_vulgarisIN","I","0.14",0.554176,"95","0.384047368847577","0.724365192847577",1,-1
"montandoni_vulgarisIN","I","0.14",0.554176,"LL","0.539891744","0.554176",1,-1
"montandoni_vulgarisIN","I","0.15",0.5835,"95","0.406075689722243","0.760984689722243",1,-1
"montandoni_vulgarisIN","I","0.15",0.5835,"LL","0.5685315","0.5835",1,-1
"montandoni_vulgarisIN","I","0.16",0.611584,"95","0.427442837161587","0.795784853161588",1,-1
"montandoni_vulgarisIN","I","0.16",0.611584,"LL","0.595972096","0.611584",1,-1
"montandoni_vulgarisIN","I","0.17",0.638452,"95","0.448159931997563","0.828802579997563",1,-1
"montandoni_vulgarisIN","I","0.17",0.638452,"LL","0.622236788","0.638452",1,-1
"montandoni_vulgarisIN","I","0.18",0.664128,"95","0.468238095062122","0.860074767062122",1,-1
"montandoni_vulgarisIN","I","0.18",0.664128,"LL","0.647348832","0.664128",1,-1
"montandoni_vulgarisIN","I","0.19",0.688636,"95","0.487688447187218","0.889638311187218",1,-1
"montandoni_vulgarisIN","I","0.19",0.688636,"LL","0.671331484","0.688636",1,-1
"montandoni_vulgarisIN","I","0.2",0.712,"95","0.506522109204802","0.917530109204802",1,-1
"montandoni_vulgarisIN","I","0.2",0.712,"LL","0.694208","0.712",1,-1
"montandoni_vulgarisIN","I","0.21",0.734244,"95","0.524750201946828","0.943787057946827",1,-1
"montandoni_vulgarisIN","I","0.21",0.734244,"LL","0.716001636","0.734244",1,-1
"montandoni_vulgarisIN","I","0.22",0.755392,"95","0.542383846245247","0.968446054245247",1,-1
"montandoni_vulgarisIN","I","0.22",0.755392,"LL","0.736735648","0.755392",1,-1
"montandoni_vulgarisIN","I","0.23",0.775468,"95","0.559434162932014","0.991543994932014",1,-1
"montandoni_vulgarisIN","I","0.23",0.775468,"LL","0.756433292","0.775468",1,-1
"montandoni_vulgarisIN","I","0.24",0.794496,"95","0.57591227283908","1.01311777683908",1,-1
"montandoni_vulgarisIN","I","0.24",0.794496,"LL","0.775117824","0.794496",1,-1
"montandoni_vulgarisIN","I","0.25",0.8125,"95","0.591829296798397","1.0332042967984",1,-1
"montandoni_vulgarisIN","I","0.25",0.8125,"LL","0.7928125","0.8125",1,-1
"montandoni_vulgarisIN","I","0.26",0.829504,"95","0.60719635564192","1.05184045164192",1,-1
"montandoni_vulgarisIN","I","0.26",0.829504,"LL","0.809540576","0.829504",1,-1
"montandoni_vulgarisIN","I","0.27",0.845532,"95","0.622024570201599","1.0690631382016",1,-1
"montandoni_vulgarisIN","I","0.27",0.845532,"LL","0.825325308","0.845532",1,-1
"montandoni_vulgarisIN","I","0.28",0.860608,"95","0.636325061309389","1.08490925330939",1,-1
"montandoni_vulgarisIN","I","0.28",0.860608,"LL","0.840189952","0.860608",1,-1
"montandoni_vulgarisIN","I","0.29",0.874756,"95","0.650108949797241","1.09941569379724",1,-1
"montandoni_vulgarisIN","I","0.29",0.874756,"LL","0.854157764","0.874756",1,-1
"montandoni_vulgarisIN","I","0.3",0.888,"95","0.663387356497108","1.11261935649711",1,-1
"montandoni_vulgarisIN","I","0.3",0.888,"LL","0.867252","0.888",1,-1
"montandoni_vulgarisIN","I","0.31",0.900364,"95","0.676171402240942","1.12455713824094",1,-1
"montandoni_vulgarisIN","I","0.31",0.900364,"LL","0.879495916","0.900364",1,-1
"montandoni_vulgarisIN","I","0.32",0.911872,"95","0.688472207860697","1.1352659358607",1,-1
"montandoni_vulgarisIN","I","0.32",0.911872,"LL","0.890912768","0.911872",1,-1
"montandoni_vulgarisIN","I","0.33",0.922548,"95","0.700300894188325","1.14478264618833",1,-1
"montandoni_vulgarisIN","I","0.33",0.922548,"LL","0.901525812","0.922548",1,-1
"montandoni_vulgarisIN","I","0.34",0.932416,"95","0.711668582055779","1.15314416605578",1,-1
"montandoni_vulgarisIN","I","0.34",0.932416,"LL","0.911358304","0.932416",1,-1
"montandoni_vulgarisIN","I","0.35",0.9415,"95","0.722586392295011","1.16038739229501",1,-1
"montandoni_vulgarisIN","I","0.35",0.9415,"LL","0.9204335","0.9415",1,-1
"montandoni_vulgarisIN","I","0.36",0.949824,"95","0.733065445737974","1.16654922173797",1,-1
"montandoni_vulgarisIN","I","0.36",0.949824,"LL","0.928774656","0.949824",1,-1
"montandoni_vulgarisIN","I","0.37",0.957412,"95","0.74311686321662","1.17166655121662",1,-1
"montandoni_vulgarisIN","I","0.37",0.957412,"LL","0.936405028","0.957412",1,-1
"montandoni_vulgarisIN","I","0.38",0.964288,"95","0.752751765562902","1.1757762775629",1,-1
"montandoni_vulgarisIN","I","0.38",0.964288,"LL","0.943347872","0.964288",1,-1
"montandoni_vulgarisIN","I","0.39",0.970476,"95","0.761981273608773","1.17891529760877",1,-1
"montandoni_vulgarisIN","I","0.39",0.970476,"LL","0.949626444","0.970476",1,-1
"montandoni_vulgarisIN","I","0.4",0.976,"95","0.770816508186186","1.18112050818619",1,-1
"montandoni_vulgarisIN","I","0.4",0.976,"LL","0.955264","0.976",1,-1
"montandoni_vulgarisIN","I","0.41",0.980884,"95","0.779268590127092","1.18242880612709",1,-1
"montandoni_vulgarisIN","I","0.41",0.980884,"LL","0.960283796","0.980884",1,-1
"montandoni_vulgarisIN","I","0.42",0.985152,"95","0.787348640263445","1.18287708826345",1,-1
"montandoni_vulgarisIN","I","0.42",0.985152,"LL","0.964709088","0.985152",1,-1
"montandoni_vulgarisIN","I","0.43",0.988828,"95","0.795067779427198","1.1825022514272",1,-1
"montandoni_vulgarisIN","I","0.43",0.988828,"LL","0.968563132","0.988828",1,-1
"montandoni_vulgarisIN","I","0.44",0.991936,"95","0.802437128450302","1.1813411924503",1,-1
"montandoni_vulgarisIN","I","0.44",0.991936,"LL","0.971869184","0.991936",1,-1
"montandoni_vulgarisIN","I","0.45",0.9945,"95","0.809467808164711","1.17943080816471",1,-1
"montandoni_vulgarisIN","I","0.45",0.9945,"LL","0.9746505","0.9945",1,-1
"montandoni_vulgarisIN","I","0.46",0.996544,"95","0.816170939402377","1.17680799540238",1,-1
"montandoni_vulgarisIN","I","0.46",0.996544,"LL","0.976930336","0.996544",1,-1
"montandoni_vulgarisIN","I","0.47",0.998092,"95","0.822557642995252","1.17350965099525",1,-1
"montandoni_vulgarisIN","I","0.47",0.998092,"LL","0.978731948","0.998092",1,-1
"montandoni_vulgarisIN","I","0.48",0.999168,"95","0.82863903977529","1.16957267177529",1,-1
"montandoni_vulgarisIN","I","0.48",0.999168,"LL","0.980078592","0.999168",1,-1
"montandoni_vulgarisIN","I","0.49",0.999796,"95","0.834426250574443","1.16503395457444",1,-1
"montandoni_vulgarisIN","I","0.49",0.999796,"LL","0.980993524","0.999796",1,-1
"montandoni_vulgarisIN","I","0.5",1,"95","0.839930396224664","1.15993039622466",1,-1
"montandoni_vulgarisIN","I","0.5",1,"LL","0.9815","1",1,-1
"montandoni_vulgarisIN","I","0.51",0.999804,"95","0.834426893557905","1.1650345975579",1,-1
"montandoni_vulgarisIN","I","0.51",0.999804,"LL","0.9813114","1.000113876",1,-1
"montandoni_vulgarisIN","I","0.52",0.999232,"95","0.828688343406119","1.16962197540612",1,-1
"montandoni_vulgarisIN","I","0.52",0.999232,"LL","0.9807616","0.999851008",1,-1
"montandoni_vulgarisIN","I","0.53",0.998308,"95","0.822751642601258","1.17370365060126",1,-1
"montandoni_vulgarisIN","I","0.53",0.998308,"LL","0.9798746","0.999234652",1,-1
"montandoni_vulgarisIN","I","0.54",0.997056,"95","0.816653687975276","1.17729074397528",1,-1
"montandoni_vulgarisIN","I","0.54",0.997056,"LL","0.9786744","0.998288064",1,-1
"montandoni_vulgarisIN","I","0.55",0.9955,"95","0.810431376360124","1.18039437636012",1,-1
"montandoni_vulgarisIN","I","0.55",0.9955,"LL","0.977185","0.9970345",1,-1
"montandoni_vulgarisIN","I","0.56",0.993664,"95","0.804121604587756","1.18302566858776",1,-1
"montandoni_vulgarisIN","I","0.56",0.993664,"LL","0.9754304","0.995497216",1,-1
"montandoni_vulgarisIN","I","0.57",0.991572,"95","0.797761269490123","1.18519574149012",1,-1
"montandoni_vulgarisIN","I","0.57",0.991572,"LL","0.9734346","0.993699468",1,-1
"montandoni_vulgarisIN","I","0.58",0.989248,"95","0.79138726789918","1.18691571589918",1,-1
"montandoni_vulgarisIN","I","0.58",0.989248,"LL","0.9712216","0.991664512",1,-1
"montandoni_vulgarisIN","I","0.59",0.986716,"95","0.785036496646877","1.18819671264688",1,-1
"montandoni_vulgarisIN","I","0.59",0.986716,"LL","0.9688154","0.989415604",1,-1
"montandoni_vulgarisIN","I","0.6",0.984,"95","0.778745852565169","1.18904985256517",1,-1
"montandoni_vulgarisIN","I","0.6",0.984,"LL","0.96624","0.986976",1,-1
"montandoni_vulgarisIN","I","0.61",0.981124,"95","0.772552232486007","1.18948625648601",1,-1
"montandoni_vulgarisIN","I","0.61",0.981124,"LL","0.9635194","0.984368956",1,-1
"montandoni_vulgarisIN","I","0.62",0.978112,"95","0.766492533241344","1.18951704524134",1,-1
"montandoni_vulgarisIN","I","0.62",0.978112,"LL","0.9606776","0.981617728",1,-1
"montandoni_vulgarisIN","I","0.63",0.974988,"95","0.760603651663133","1.18915333966313",1,-1
"montandoni_vulgarisIN","I","0.63",0.974988,"LL","0.9577386","0.978745572",1,-1
"montandoni_vulgarisIN","I","0.64",0.971776,"95","0.754922484583327","1.18840626058333",1,-1
"montandoni_vulgarisIN","I","0.64",0.971776,"LL","0.9547264","0.975775744",1,-1
"montandoni_vulgarisIN","I","0.65",0.9685,"95","0.749485928833877","1.18728692883388",1,-1
"montandoni_vulgarisIN","I","0.65",0.9685,"LL","0.951665","0.9727315",1,-1
"montandoni_vulgarisIN","I","0.66",0.965184,"95","0.744330881246738","1.18580646524674",1,-1
"montandoni_vulgarisIN","I","0.66",0.965184,"LL","0.9485784","0.969636096",1,-1
"montandoni_vulgarisIN","I","0.67",0.961852,"95","0.73949423865386","1.18397599065386",1,-1
"montandoni_vulgarisIN","I","0.67",0.961852,"LL","0.9454906","0.966512788",1,-1
"montandoni_vulgarisIN","I","0.68",0.958528,"95","0.735012897887198","1.1818066258872",1,-1
"montandoni_vulgarisIN","I","0.68",0.958528,"LL","0.9424256","0.963384832",1,-1
"montandoni_vulgarisIN","I","0.69",0.955236,"95","0.730923755778703","1.1793094917787",1,-1
"montandoni_vulgarisIN","I","0.69",0.955236,"LL","0.9394074","0.960275484",1,-1
"montandoni_vulgarisIN","I","0.7",0.952,"95","0.727263709160328","1.17649570916033",1,-1
"montandoni_vulgarisIN","I","0.7",0.952,"LL","0.93646","0.957208",1,-1
"montandoni_vulgarisIN","I","0.71",0.948844,"95","0.724069654864026","1.17337639886403",1,-1
"montandoni_vulgarisIN","I","0.71",0.948844,"LL","0.9336074","0.954205636",1,-1
"montandoni_vulgarisIN","I","0.72",0.945792,"95","0.721378489721749","1.16996268172175",1,-1
"montandoni_vulgarisIN","I","0.72",0.945792,"LL","0.9308736","0.951291648",1,-1
"montandoni_vulgarisIN","I","0.73",0.942868,"95","0.719227110565451","1.16626567856545",1,-1
"montandoni_vulgarisIN","I","0.73",0.942868,"LL","0.9282826","0.948489292",1,-1
"montandoni_vulgarisIN","I","0.74",0.940096,"95","0.717652414227083","1.16229651022708",1,-1
"montandoni_vulgarisIN","I","0.74",0.940096,"LL","0.9258584","0.945821824",1,-1
"montandoni_vulgarisIN","I","0.75",0.9375,"95","0.716691297538599","1.1580662975386",1,-1
"montandoni_vulgarisIN","I","0.75",0.9375,"LL","0.923625","0.9433125",1,-1
"montandoni_vulgarisIN","I","0.76",0.935104,"95","0.71638065733195","1.15358616133195",1,-1
"montandoni_vulgarisIN","I","0.76",0.935104,"LL","0.9216064","0.940984576",1,-1
"montandoni_vulgarisIN","I","0.77",0.932932,"95","0.71675739043909","1.14886722243909",1,-1
"montandoni_vulgarisIN","I","0.77",0.932932,"LL","0.9198266","0.938861308",1,-1
"montandoni_vulgarisIN","I","0.78",0.931008,"95","0.717858393691971","1.14392060169197",1,-1
"montandoni_vulgarisIN","I","0.78",0.931008,"LL","0.9183096","0.936965952",1,-1
"montandoni_vulgarisIN","I","0.79",0.929356,"95","0.719720563922546","1.13875741992255",1,-1
"montandoni_vulgarisIN","I","0.79",0.929356,"LL","0.9170794","0.935321764",1,-1
"montandoni_vulgarisIN","I","0.8",0.928,"95","0.722380797962768","1.13338879796277",1,-1
"montandoni_vulgarisIN","I","0.8",0.928,"LL","0.91616","0.933952",1,-1
"montandoni_vulgarisIN","I","0.81",0.926964,"95","0.725875992644589","1.12782585664459",1,-1
"montandoni_vulgarisIN","I","0.81",0.926964,"LL","0.9155754","0.932879916",1,-1
"montandoni_vulgarisIN","I","0.82",0.926272,"95","0.730243044799961","1.12207971679996",1,-1
"montandoni_vulgarisIN","I","0.82",0.926272,"LL","0.9153496","0.932128768",1,-1
"montandoni_vulgarisIN","I","0.83",0.925948,"95","0.735518851260838","1.11616149926084",1,-1
"montandoni_vulgarisIN","I","0.83",0.925948,"LL","0.9155066","0.931721812",1,-1
"montandoni_vulgarisIN","I","0.84",0.926016,"95","0.741740308859171","1.11008232485917",1,-1
"montandoni_vulgarisIN","I","0.84",0.926016,"LL","0.9160704","0.931682304",1,-1
"montandoni_vulgarisIN","I","0.85",0.9265,"95","0.748944314426914","1.10385331442691",1,-1
"montandoni_vulgarisIN","I","0.85",0.9265,"LL","0.917065","0.9320335",1,-1
"montandoni_vulgarisIN","I","0.86",0.927424,"95","0.75716776479602","1.09748558879602",1,-1
"montandoni_vulgarisIN","I","0.86",0.927424,"LL","0.9185144","0.932798656",1,-1
"montandoni_vulgarisIN","I","0.87",0.928812,"95","0.76644755679844","1.09099026879844",1,-1
"montandoni_vulgarisIN","I","0.87",0.928812,"LL","0.9204426","0.934001028",1,-1
"montandoni_vulgarisIN","I","0.88",0.930688,"95","0.776820587266128","1.08437847526613",1,-1
"montandoni_vulgarisIN","I","0.88",0.930688,"LL","0.9228736","0.935663872",1,-1
"montandoni_vulgarisIN","I","0.89",0.933076,"95","0.788323753031036","1.07766132903104",1,-1
"montandoni_vulgarisIN","I","0.89",0.933076,"LL","0.9258314","0.937810444",1,-1
"montandoni_vulgarisIN","I","0.9",0.936,"95","0.800993950925116","1.07084995092512",1,-1
"montandoni_vulgarisIN","I","0.9",0.936,"LL","0.92934","0.940464",1,-1
"montandoni_vulgarisIN","I","0.91",0.939484,"95","0.814868077780322","1.06395546178032",1,-1
"montandoni_vulgarisIN","I","0.91",0.939484,"LL","0.9334234","0.943647796",1,-1
"montandoni_vulgarisIN","I","0.92",0.943552,"95","0.829983030428606","1.05698898242861",1,-1
"montandoni_vulgarisIN","I","0.92",0.943552,"LL","0.9381056","0.947385088",1,-1
"montandoni_vulgarisIN","I","0.93",0.948228,"95","0.846375705701921","1.04996163370192",1,-1
"montandoni_vulgarisIN","I","0.93",0.948228,"LL","0.9434106","0.951699132",1,-1
"montandoni_vulgarisIN","I","0.94",0.953536,"95","0.864083000432219","1.04288453643222",1,-1
"montandoni_vulgarisIN","I","0.94",0.953536,"LL","0.9493624","0.956613184",1,-1
"montandoni_vulgarisIN","I","0.95",0.9595,"95","0.883141811451452","1.03576881145145",1,-1
"montandoni_vulgarisIN","I","0.95",0.9595,"LL","0.955985","0.9621505",1,-1
"montandoni_vulgarisIN","I","0.96",0.966144,"95","0.903589035591574","1.02862557959157",1,-1
"montandoni_vulgarisIN","I","0.96",0.966144,"LL","0.9633024","0.968334336",1,-1
"montandoni_vulgarisIN","I","0.97",0.973492,"95","0.925461569684537","1.02146596168454",1,-1
"montandoni_vulgarisIN","I","0.97",0.973492,"LL","0.9713386","0.975187948",1,-1
"montandoni_vulgarisIN","I","0.98",0.981568,"95","0.948796310562294","1.01430107856229",1,-1
"montandoni_vulgarisIN","I","0.98",0.981568,"LL","0.9801176","0.982734592",1,-1
"montandoni_vulgarisIN","I","0.99",0.990396,"95","0.973630155056798","1.0071420510568",1,-1
"montandoni_vulgarisIN","I","0.99",0.990396,"LL","0.9896634","0.990997524",1,-1
"montandoni_vulgarisIN","I","1",1,"95","1","1",1,-1
"montandoni_vulgarisIN","I","1",1,"LL","1","1",1,-1
"montandoni_vulgarisIN","II","0",0,"95","0","0",1,-1
"montandoni_vulgarisIN","II","0",0,"LL","0","0",1,-1
"montandoni_vulgarisIN","II","0.01",0.049204,"95","0.0325683132939904","0.0658303332939904",1,-1
"montandoni_vulgarisIN","II","0.01",0.049204,"LL","0.047062036","0.049204",1,-1
"montandoni_vulgarisIN","II","0.02",0.096832,"95","0.0643102462562295","0.129335206256229",1,-1
"montandoni_vulgarisIN","II","0.02",0.096832,"LL","0.092623488","0.096832",1,-1
"montandoni_vulgarisIN","II","0.03",0.142908,"95","0.095237139340105","0.190551279340105",1,-1
"montandoni_vulgarisIN","II","0.03",0.142908,"LL","0.136707372","0.142908",1,-1
"montandoni_vulgarisIN","II","0.04",0.187456,"95","0.125360332999004","0.249515212999004",1,-1
"montandoni_vulgarisIN","II","0.04",0.187456,"LL","0.179336704","0.187456",1,-1
"montandoni_vulgarisIN","II","0.05",0.2305,"95","0.154691167686315","0.306263667686315",1,-1
"montandoni_vulgarisIN","II","0.05",0.2305,"LL","0.2205345","0.2305",1,-1
"montandoni_vulgarisIN","II","0.06",0.272064,"95","0.183240983855425","0.360833303855425",1,-1
"montandoni_vulgarisIN","II","0.06",0.272064,"LL","0.260323776","0.272064",1,-1
"montandoni_vulgarisIN","II","0.07",0.312172,"95","0.211021121959722","0.413260781959722",1,-1
"montandoni_vulgarisIN","II","0.07",0.312172,"LL","0.298727548","0.312172",1,-1
"montandoni_vulgarisIN","II","0.08",0.350848,"95","0.238042922452593","0.463582762452593",1,-1
"montandoni_vulgarisIN","II","0.08",0.350848,"LL","0.335768832","0.350848",1,-1
"montandoni_vulgarisIN","II","0.09",0.388116,"95","0.264317725787425","0.511835905787425",1,-1
"montandoni_vulgarisIN","II","0.09",0.388116,"LL","0.371470644","0.388116",1,-1
"montandoni_vulgarisIN","II","0.1",0.424,"95","0.289856872417607","0.558056872417607",1,-1
"montandoni_vulgarisIN","II","0.1",0.424,"LL","0.405856","0.424",1,-1
"montandoni_vulgarisIN","II","0.11",0.458524,"95","0.314671702796526","0.602282322796525",1,-1
"montandoni_vulgarisIN","II","0.11",0.458524,"LL","0.438947916","0.458524",1,-1
"montandoni_vulgarisIN","II","0.12",0.491712,"95","0.338773557377569","0.644548917377569",1,-1
"montandoni_vulgarisIN","II","0.12",0.491712,"LL","0.470769408","0.491712",1,-1
"montandoni_vulgarisIN","II","0.13",0.523588,"95","0.362173776614124","0.684893316614124",1,-1
"montandoni_vulgarisIN","II","0.13",0.523588,"LL","0.501343492","0.523588",1,-1
"montandoni_vulgarisIN","II","0.14",0.554176,"95","0.384883700959579","0.723352180959579",1,-1
"montandoni_vulgarisIN","II","0.14",0.554176,"LL","0.530693184","0.554176",1,-1
"montandoni_vulgarisIN","II","0.15",0.5835,"95","0.40691467086732","0.75996217086732",1,-1
"montandoni_vulgarisIN","II","0.15",0.5835,"LL","0.5588415","0.5835",1,-1
"montandoni_vulgarisIN","II","0.16",0.611584,"95","0.428278026790737","0.794759946790737",1,-1
"montandoni_vulgarisIN","II","0.16",0.611584,"LL","0.585811456","0.611584",1,-1
"montandoni_vulgarisIN","II","0.17",0.638452,"95","0.448985109183216","0.827782169183216",1,-1
"montandoni_vulgarisIN","II","0.17",0.638452,"LL","0.611626068","0.638452",1,-1
"montandoni_vulgarisIN","II","0.18",0.664128,"95","0.469047258498145","0.859065498498145",1,-1
"montandoni_vulgarisIN","II","0.18",0.664128,"LL","0.636308352","0.664128",1,-1
"montandoni_vulgarisIN","II","0.19",0.688636,"95","0.488475815188911","0.888646595188911",1,-1
"montandoni_vulgarisIN","II","0.19",0.688636,"LL","0.659881324","0.688636",1,-1
"montandoni_vulgarisIN","II","0.2",0.712,"95","0.507282119708902","0.916562119708902",1,-1
"montandoni_vulgarisIN","II","0.2",0.712,"LL","0.682368","0.712",1,-1
"montandoni_vulgarisIN","II","0.21",0.734244,"95","0.525477512511505","0.942848732511505",1,-1
"montandoni_vulgarisIN","II","0.21",0.734244,"LL","0.703791396","0.734244",1,-1
"montandoni_vulgarisIN","II","0.22",0.755392,"95","0.543073334050109","0.967543094050109",1,-1
"montandoni_vulgarisIN","II","0.22",0.755392,"LL","0.724174528","0.755392",1,-1
"montandoni_vulgarisIN","II","0.23",0.775468,"95","0.560080924778101","0.990681864778101",1,-1
"montandoni_vulgarisIN","II","0.23",0.775468,"LL","0.743540412","0.775468",1,-1
"montandoni_vulgarisIN","II","0.24",0.794496,"95","0.576511625148867","1.01230170514887",1,-1
"montandoni_vulgarisIN","II","0.24",0.794496,"LL","0.761912064","0.794496",1,-1
"montandoni_vulgarisIN","II","0.25",0.8125,"95","0.592376775615797","1.0324392756158",1,-1
"montandoni_vulgarisIN","II","0.25",0.8125,"LL","0.7793125","0.8125",1,-1
"montandoni_vulgarisIN","II","0.26",0.829504,"95","0.607687716632277","1.05113123663228",1,-1
"montandoni_vulgarisIN","II","0.26",0.829504,"LL","0.795764736","0.829504",1,-1
"montandoni_vulgarisIN","II","0.27",0.845532,"95","0.622455788651694","1.06841424865169",1,-1
"montandoni_vulgarisIN","II","0.27",0.845532,"LL","0.811291788","0.845532",1,-1
"montandoni_vulgarisIN","II","0.28",0.860608,"95","0.636692332127438","1.08432497212744",1,-1
"montandoni_vulgarisIN","II","0.28",0.860608,"LL","0.825916672","0.860608",1,-1
"montandoni_vulgarisIN","II","0.29",0.874756,"95","0.650408687512894","1.09890006751289",1,-1
"montandoni_vulgarisIN","II","0.29",0.874756,"LL","0.839662404","0.874756",1,-1
"montandoni_vulgarisIN","II","0.3",0.888,"95","0.663616195261451","1.11217619526145",1,-1
"montandoni_vulgarisIN","II","0.3",0.888,"LL","0.852552","0.888",1,-1
"montandoni_vulgarisIN","II","0.31",0.900364,"95","0.676326195826496","1.1241900158265",1,-1
"montandoni_vulgarisIN","II","0.31",0.900364,"LL","0.864608476","0.900364",1,-1
"montandoni_vulgarisIN","II","0.32",0.911872,"95","0.688550029661417","1.13497818966142",1,-1
"montandoni_vulgarisIN","II","0.32",0.911872,"LL","0.875854848","0.911872",1,-1
"montandoni_vulgarisIN","II","0.33",0.922548,"95","0.700299037219602","1.1445773772196",1,-1
"montandoni_vulgarisIN","II","0.33",0.922548,"LL","0.886314132","0.922548",1,-1
"montandoni_vulgarisIN","II","0.34",0.932416,"95","0.711584558954437","1.15302423895444",1,-1
"montandoni_vulgarisIN","II","0.34",0.932416,"LL","0.896009344","0.932416",1,-1
"montandoni_vulgarisIN","II","0.35",0.9415,"95","0.722417935319311","1.16035543531931",1,-1
"montandoni_vulgarisIN","II","0.35",0.9415,"LL","0.9049635","0.9415",1,-1
"montandoni_vulgarisIN","II","0.36",0.949824,"95","0.732810506767611","1.16660762676761",1,-1
"montandoni_vulgarisIN","II","0.36",0.949824,"LL","0.913199616","0.949824",1,-1
"montandoni_vulgarisIN","II","0.37",0.957412,"95","0.742773613752724","1.17181747375272",1,-1
"montandoni_vulgarisIN","II","0.37",0.957412,"LL","0.920740708","0.957412",1,-1
"montandoni_vulgarisIN","II","0.38",0.964288,"95","0.752318596728039","1.17602163672804",1,-1
"montandoni_vulgarisIN","II","0.38",0.964288,"LL","0.927609792","0.964288",1,-1
"montandoni_vulgarisIN","II","0.39",0.970476,"95","0.761456796146942","1.17925677614694",1,-1
"montandoni_vulgarisIN","II","0.39",0.970476,"LL","0.933829884","0.970476",1,-1
"montandoni_vulgarisIN","II","0.4",0.976,"95","0.770199552462821","1.18155955246282",1,-1
"montandoni_vulgarisIN","II","0.4",0.976,"LL","0.939424","0.976",1,-1
"montandoni_vulgarisIN","II","0.41",0.980884,"95","0.778558206129065","1.18296662612907",1,-1
"montandoni_vulgarisIN","II","0.41",0.980884,"LL","0.944415156","0.980884",1,-1
"montandoni_vulgarisIN","II","0.42",0.985152,"95","0.78654409759906","1.18351465759906",1,-1
"montandoni_vulgarisIN","II","0.42",0.985152,"LL","0.948826368","0.985152",1,-1
"montandoni_vulgarisIN","II","0.43",0.988828,"95","0.794168567326194","1.18324030732619",1,-1
"montandoni_vulgarisIN","II","0.43",0.988828,"LL","0.952680652","0.988828",1,-1
"montandoni_vulgarisIN","II","0.44",0.991936,"95","0.801442955763854","1.18218023576385",1,-1
"montandoni_vulgarisIN","II","0.44",0.991936,"LL","0.956001024","0.991936",1,-1
"montandoni_vulgarisIN","II","0.45",0.9945,"95","0.808378603365429","1.18037110336543",1,-1
"montandoni_vulgarisIN","II","0.45",0.9945,"LL","0.9588105","0.9945",1,-1
"montandoni_vulgarisIN","II","0.46",0.996544,"95","0.814986850584305","1.17784957058431",1,-1
"montandoni_vulgarisIN","II","0.46",0.996544,"LL","0.961132096","0.996544",1,-1
"montandoni_vulgarisIN","II","0.47",0.998092,"95","0.821279037873871","1.17465229787387",1,-1
"montandoni_vulgarisIN","II","0.47",0.998092,"LL","0.962988828","0.998092",1,-1
"montandoni_vulgarisIN","II","0.48",0.999168,"95","0.827266505687513","1.17081594568751",1,-1
"montandoni_vulgarisIN","II","0.48",0.999168,"LL","0.964403712","0.999168",1,-1
"montandoni_vulgarisIN","II","0.49",0.999796,"95","0.83296059447862","1.16637717447862",1,-1
"montandoni_vulgarisIN","II","0.49",0.999796,"LL","0.965399764","0.999796",1,-1
"montandoni_vulgarisIN","II","0.5",1,"95","0.838372644700579","1.16137264470058",1,-1
"montandoni_vulgarisIN","II","0.5",1,"LL","0.966","1",1,-1
"montandoni_vulgarisIN","II","0.51",0.999804,"95","0.832968216806777","1.16638479680678",1,-1
"montandoni_vulgarisIN","II","0.51",0.999804,"LL","0.9658176","1.000213836",1,-1
"montandoni_vulgarisIN","II","0.52",0.999232,"95","0.827329751250603","1.1708791912506",1,-1
"montandoni_vulgarisIN","II","0.52",0.999232,"LL","0.9652864","1.000050688",1,-1
"montandoni_vulgarisIN","II","0.53",0.998308,"95","0.821493908485443","1.17486716848544",1,-1
"montandoni_vulgarisIN","II","0.53",0.998308,"LL","0.9644304","0.999533572",1,-1
"montandoni_vulgarisIN","II","0.54",0.997056,"95","0.815497348964685","1.17836006896469",1,-1
"montandoni_vulgarisIN","II","0.54",0.997056,"LL","0.9632736","0.998685504",1,-1
"montandoni_vulgarisIN","II","0.55",0.9955,"95","0.809376733141717","1.18136923314172",1,-1
"montandoni_vulgarisIN","II","0.55",0.9955,"LL","0.96184","0.9975295",1,-1
"montandoni_vulgarisIN","II","0.56",0.993664,"95","0.803168721469927","1.18390600146993",1,-1
"montandoni_vulgarisIN","II","0.56",0.993664,"LL","0.9601536","0.996088576",1,-1
"montandoni_vulgarisIN","II","0.57",0.991572,"95","0.796909974402702","1.1859817144027",1,-1
"montandoni_vulgarisIN","II","0.57",0.991572,"LL","0.9582384","0.994385748",1,-1
"montandoni_vulgarisIN","II","0.58",0.989248,"95","0.790637152393429","1.18760771239343",1,-1
"montandoni_vulgarisIN","II","0.58",0.989248,"LL","0.9561184","0.992444032",1,-1
"montandoni_vulgarisIN","II","0.59",0.986716,"95","0.784386915895496","1.1887953358955",1,-1
"montandoni_vulgarisIN","II","0.59",0.986716,"LL","0.9538176","0.990286444",1,-1
"montandoni_vulgarisIN","II","0.6",0.984,"95","0.77819592536229","1.18955592536229",1,-1
"montandoni_vulgarisIN","II","0.6",0.984,"LL","0.95136","0.987936",1,-1
"montandoni_vulgarisIN","II","0.61",0.981124,"95","0.7721008412472","1.1899008212472",1,-1
"montandoni_vulgarisIN","II","0.61",0.981124,"LL","0.9487696","0.985415716",1,-1
"montandoni_vulgarisIN","II","0.62",0.978112,"95","0.766138324003613","1.18984136400361",1,-1
"montandoni_vulgarisIN","II","0.62",0.978112,"LL","0.9460704","0.982748608",1,-1
"montandoni_vulgarisIN","II","0.63",0.974988,"95","0.760345034084916","1.18938889408492",1,-1
"montandoni_vulgarisIN","II","0.63",0.974988,"LL","0.9432864","0.979957692",1,-1
"montandoni_vulgarisIN","II","0.64",0.971776,"95","0.754757631944497","1.1885547519445",1,-1
"montandoni_vulgarisIN","II","0.64",0.971776,"LL","0.9404416","0.977065984",1,-1
"montandoni_vulgarisIN","II","0.65",0.9685,"95","0.749412778035743","1.18735027803574",1,-1
"montandoni_vulgarisIN","II","0.65",0.9685,"LL","0.93756","0.9740965",1,-1
"montandoni_vulgarisIN","II","0.66",0.965184,"95","0.744347132812042","1.18578681281204",1,-1
"montandoni_vulgarisIN","II","0.66",0.965184,"LL","0.9346656","0.971072256",1,-1
"montandoni_vulgarisIN","II","0.67",0.961852,"95","0.739597356726782","1.18387569672678",1,-1
"montandoni_vulgarisIN","II","0.67",0.961852,"LL","0.9317824","0.968016268",1,-1
"montandoni_vulgarisIN","II","0.68",0.958528,"95","0.73520011023335","1.18162827023335",1,-1
"montandoni_vulgarisIN","II","0.68",0.958528,"LL","0.9289344","0.964951552",1,-1
"montandoni_vulgarisIN","II","0.69",0.955236,"95","0.731192053785134","1.17905587378513",1,-1
"montandoni_vulgarisIN","II","0.69",0.955236,"LL","0.9261456","0.961901124",1,-1
"montandoni_vulgarisIN","II","0.7",0.952,"95","0.727609847835522","1.17616984783552",1,-1
"montandoni_vulgarisIN","II","0.7",0.952,"LL","0.92344","0.958888",1,-1
"montandoni_vulgarisIN","II","0.71",0.948844,"95","0.7244901528379","1.1729815328379",1,-1
"montandoni_vulgarisIN","II","0.71",0.948844,"LL","0.9208416","0.955935196",1,-1
"montandoni_vulgarisIN","II","0.72",0.945792,"95","0.721869629245656","1.16950226924566",1,-1
"montandoni_vulgarisIN","II","0.72",0.945792,"LL","0.9183744","0.953065728",1,-1
"montandoni_vulgarisIN","II","0.73",0.942868,"95","0.719784937512179","1.16574339751218",1,-1
"montandoni_vulgarisIN","II","0.73",0.942868,"LL","0.9160624","0.950302612",1,-1
"montandoni_vulgarisIN","II","0.74",0.940096,"95","0.718272738090855","1.16171625809085",1,-1
"montandoni_vulgarisIN","II","0.74",0.940096,"LL","0.9139296","0.947668864",1,-1
"montandoni_vulgarisIN","II","0.75",0.9375,"95","0.717369691435072","1.15743219143507",1,-1
"montandoni_vulgarisIN","II","0.75",0.9375,"LL","0.912","0.9451875",1,-1
"montandoni_vulgarisIN","II","0.76",0.935104,"95","0.717112457998218","1.15290253799822",1,-1
"montandoni_vulgarisIN","II","0.76",0.935104,"LL","0.9102976","0.942881536",1,-1
"montandoni_vulgarisIN","II","0.77",0.932932,"95","0.71753769823368","1.14813863823368",1,-1
"montandoni_vulgarisIN","II","0.77",0.932932,"LL","0.9088464","0.940773988",1,-1
"montandoni_vulgarisIN","II","0.78",0.931008,"95","0.718682072594846","1.14315183259485",1,-1
"montandoni_vulgarisIN","II","0.78",0.931008,"LL","0.9076704","0.938887872",1,-1
"montandoni_vulgarisIN","II","0.79",0.929356,"95","0.720582241535103","1.1379534615351",1,-1
"montandoni_vulgarisIN","II","0.79",0.929356,"LL","0.9067936","0.937246204",1,-1
"montandoni_vulgarisIN","II","0.8",0.928,"95","0.723274865507839","1.13255486550784",1,-1
"montandoni_vulgarisIN","II","0.8",0.928,"LL","0.90624","0.935872",1,-1
"montandoni_vulgarisIN","II","0.81",0.926964,"95","0.726796604966442","1.12696738496644",1,-1
"montandoni_vulgarisIN","II","0.81",0.926964,"LL","0.9060336","0.934788276",1,-1
"montandoni_vulgarisIN","II","0.82",0.926272,"95","0.731184120364299","1.1212023603643",1,-1
"montandoni_vulgarisIN","II","0.82",0.926272,"LL","0.9061984","0.934018048",1,-1
"montandoni_vulgarisIN","II","0.83",0.925948,"95","0.736474072154798","1.1152711321548",1,-1
"montandoni_vulgarisIN","II","0.83",0.925948,"LL","0.9067584","0.933584332",1,-1
"montandoni_vulgarisIN","II","0.84",0.926016,"95","0.742703120791325","1.10918504079133",1,-1
"montandoni_vulgarisIN","II","0.84",0.926016,"LL","0.9077376","0.933510144",1,-1
"montandoni_vulgarisIN","II","0.85",0.9265,"95","0.74990792672727","1.10295542672727",1,-1
"montandoni_vulgarisIN","II","0.85",0.9265,"LL","0.90916","0.9338185",1,-1
"montandoni_vulgarisIN","II","0.86",0.927424,"95","0.758125150416019","1.09659363041602",1,-1
"montandoni_vulgarisIN","II","0.86",0.927424,"LL","0.9110496","0.934532416",1,-1
"montandoni_vulgarisIN","II","0.87",0.928812,"95","0.76739145231096","1.09011099231096",1,-1
"montandoni_vulgarisIN","II","0.87",0.928812,"LL","0.9134304","0.935674908",1,-1
"montandoni_vulgarisIN","II","0.88",0.930688,"95","0.777743492865481","1.08351885286548",1,-1
"montandoni_vulgarisIN","II","0.88",0.930688,"LL","0.9163264","0.937268992",1,-1
"montandoni_vulgarisIN","II","0.89",0.933076,"95","0.789217932532968","1.07682855253297",1,-1
"montandoni_vulgarisIN","II","0.89",0.933076,"LL","0.9197616","0.939337684",1,-1
"montandoni_vulgarisIN","II","0.9",0.936,"95","0.80185143176681","1.07005143176681",1,-1
"montandoni_vulgarisIN","II","0.9",0.936,"LL","0.92376","0.941904",1,-1
"montandoni_vulgarisIN","II","0.91",0.939484,"95","0.815680651020394","1.06319883102039",1,-1
"montandoni_vulgarisIN","II","0.91",0.939484,"LL","0.9283456","0.944990956",1,-1
"montandoni_vulgarisIN","II","0.92",0.943552,"95","0.830742250747108","1.05628209074711",1,-1
"montandoni_vulgarisIN","II","0.92",0.943552,"LL","0.9335424","0.948621568",1,-1
"montandoni_vulgarisIN","II","0.93",0.948228,"95","0.84707289140034","1.04931255140034",1,-1
"montandoni_vulgarisIN","II","0.93",0.948228,"LL","0.9393744","0.952818852",1,-1
"montandoni_vulgarisIN","II","0.94",0.953536,"95","0.864709233433476","1.04230155343348",1,-1
"montandoni_vulgarisIN","II","0.94",0.953536,"LL","0.9458656","0.957605824",1,-1
"montandoni_vulgarisIN","II","0.95",0.9595,"95","0.883687937299905","1.0352604372999",1,-1
"montandoni_vulgarisIN","II","0.95",0.9595,"LL","0.95304","0.9630055",1,-1
"montandoni_vulgarisIN","II","0.96",0.966144,"95","0.904045663453013","1.02820054345301",1,-1
"montandoni_vulgarisIN","II","0.96",0.966144,"LL","0.9609216","0.969040896",1,-1
"montandoni_vulgarisIN","II","0.97",0.973492,"95","0.92581907234619","1.02113321234619",1,-1
"montandoni_vulgarisIN","II","0.97",0.973492,"LL","0.9695344","0.975735028",1,-1
"montandoni_vulgarisIN","II","0.98",0.981568,"95","0.949044824432821","1.01406978443282",1,-1
"montandoni_vulgarisIN","II","0.98",0.981568,"LL","0.9789024","0.983110912",1,-1
"montandoni_vulgarisIN","II","0.99",0.990396,"95","0.973759580166295","1.0070216001663",1,-1
"montandoni_vulgarisIN","II","0.99",0.990396,"LL","0.9890496","0.991191564",1,-1
"montandoni_vulgarisIN","II","1",1,"95","1","1",1,-1
"montandoni_vulgarisIN","II","1",1,"LL","1","1",1,-1
"montandoni_vulgarisOUT","I","0",0,"95","0","0",1,-1
"montandoni_vulgarisOUT","I","0",0,"LL","0","0",1,-1
"montandoni_vulgarisOUT","I","0.01",0.049204,"95","0.028586893074208","0.069807721074208",1,-1
"montandoni_vulgarisOUT","I","0.01",0.049204,"LL","0.048145492","0.049204",1,-1
"montandoni_vulgarisOUT","I","0.02",0.096832,"95","0.0565265259231371","0.137110749923137",1,-1
"montandoni_vulgarisOUT","I","0.02",0.096832,"LL","0.094757536","0.096832",1,-1
"montandoni_vulgarisOUT","I","0.03",0.142908,"95","0.0838272179580905","0.20194877395809",1,-1
"montandoni_vulgarisOUT","I","0.03",0.142908,"LL","0.139859484","0.142908",1,-1
"montandoni_vulgarisOUT","I","0.04",0.187456,"95","0.110497288590371","0.264361480590371",1,-1
"montandoni_vulgarisOUT","I","0.04",0.187456,"LL","0.183474688","0.187456",1,-1
"montandoni_vulgarisOUT","I","0.05",0.2305,"95","0.136545057231282","0.324388557231282",1,-1
"montandoni_vulgarisOUT","I","0.05",0.2305,"LL","0.2256265","0.2305",1,-1
"montandoni_vulgarisOUT","I","0.06",0.272064,"95","0.161978843292127","0.382069691292127",1,-1
"montandoni_vulgarisOUT","I","0.06",0.272064,"LL","0.266338272","0.272064",1,-1
"montandoni_vulgarisOUT","I","0.07",0.312172,"95","0.186806966184209","0.437444570184209",1,-1
"montandoni_vulgarisOUT","I","0.07",0.312172,"LL","0.305633356","0.312172",1,-1
"montandoni_vulgarisOUT","I","0.08",0.350848,"95","0.21103774531883","0.49055288131883",1,-1
"montandoni_vulgarisOUT","I","0.08",0.350848,"LL","0.343535104","0.350848",1,-1
"montandoni_vulgarisOUT","I","0.09",0.388116,"95","0.234679500107293","0.541434312107294",1,-1
"montandoni_vulgarisOUT","I","0.09",0.388116,"LL","0.380066868","0.388116",1,-1
"montandoni_vulgarisOUT","I","0.1",0.424,"95","0.257740549960903","0.590128549960903",1,-1
"montandoni_vulgarisOUT","I","0.1",0.424,"LL","0.415252","0.424",1,-1
"montandoni_vulgarisOUT","I","0.11",0.458524,"95","0.280229214290962","0.636675282290962",1,-1
"montandoni_vulgarisOUT","I","0.11",0.458524,"LL","0.449113852","0.458524",1,-1
"montandoni_vulgarisOUT","I","0.12",0.491712,"95","0.302153812508773","0.681114196508773",1,-1
"montandoni_vulgarisOUT","I","0.12",0.491712,"LL","0.481675776","0.491712",1,-1
"montandoni_vulgarisOUT","I","0.13",0.523588,"95","0.323522664025639","0.723484980025639",1,-1
"montandoni_vulgarisOUT","I","0.13",0.523588,"LL","0.512961124","0.523588",1,-1
"montandoni_vulgarisOUT","I","0.14",0.554176,"95","0.344344088252863","0.763827320252863",1,-1
"montandoni_vulgarisOUT","I","0.14",0.554176,"LL","0.542993248","0.554176",1,-1
"montandoni_vulgarisOUT","I","0.15",0.5835,"95","0.364626404601748","0.802180904601748",1,-1
"montandoni_vulgarisOUT","I","0.15",0.5835,"LL","0.5717955","0.5835",1,-1
"montandoni_vulgarisOUT","I","0.16",0.611584,"95","0.384377932483598","0.838585420483598",1,-1
"montandoni_vulgarisOUT","I","0.16",0.611584,"LL","0.599391232","0.611584",1,-1
"montandoni_vulgarisOUT","I","0.17",0.638452,"95","0.403606991309715","0.873080555309715",1,-1
"montandoni_vulgarisOUT","I","0.17",0.638452,"LL","0.625803796","0.638452",1,-1
"montandoni_vulgarisOUT","I","0.18",0.664128,"95","0.422321900491403","0.905705996491403",1,-1
"montandoni_vulgarisOUT","I","0.18",0.664128,"LL","0.651056544","0.664128",1,-1
"montandoni_vulgarisOUT","I","0.19",0.688636,"95","0.440530979439965","0.936501431439965",1,-1
"montandoni_vulgarisOUT","I","0.19",0.688636,"LL","0.675172828","0.688636",1,-1
"montandoni_vulgarisOUT","I","0.2",0.712,"95","0.458242547566703","0.965506547566704",1,-1
"montandoni_vulgarisOUT","I","0.2",0.712,"LL","0.698176","0.712",1,-1
"montandoni_vulgarisOUT","I","0.21",0.734244,"95","0.475464924282922","0.992761032282922",1,-1
"montandoni_vulgarisOUT","I","0.21",0.734244,"LL","0.720089412","0.734244",1,-1
"montandoni_vulgarisOUT","I","0.22",0.755392,"95","0.492206428999923","1.01830457299992",1,-1
"montandoni_vulgarisOUT","I","0.22",0.755392,"LL","0.740936416","0.755392",1,-1
"montandoni_vulgarisOUT","I","0.23",0.775468,"95","0.50847538112901","1.04217685712901",1,-1
"montandoni_vulgarisOUT","I","0.23",0.775468,"LL","0.760740364","0.775468",1,-1
"montandoni_vulgarisOUT","I","0.24",0.794496,"95","0.524280100081487","1.06441757208149",1,-1
"montandoni_vulgarisOUT","I","0.24",0.794496,"LL","0.779524608","0.794496",1,-1
"montandoni_vulgarisOUT","I","0.25",0.8125,"95","0.539628905268655","1.08506640526866",1,-1
"montandoni_vulgarisOUT","I","0.25",0.8125,"LL","0.7973125","0.8125",1,-1
"montandoni_vulgarisOUT","I","0.26",0.829504,"95","0.554530116101819","1.10416304410182",1,-1
"montandoni_vulgarisOUT","I","0.26",0.829504,"LL","0.814127392","0.829504",1,-1
"montandoni_vulgarisOUT","I","0.27",0.845532,"95","0.568992051992281","1.12174717599228",1,-1
"montandoni_vulgarisOUT","I","0.27",0.845532,"LL","0.829992636","0.845532",1,-1
"montandoni_vulgarisOUT","I","0.28",0.860608,"95","0.583023032351345","1.13785848835134",1,-1
"montandoni_vulgarisOUT","I","0.28",0.860608,"LL","0.844931584","0.860608",1,-1
"montandoni_vulgarisOUT","I","0.29",0.874756,"95","0.596631376590313","1.15253666859031",1,-1
"montandoni_vulgarisOUT","I","0.29",0.874756,"LL","0.858967588","0.874756",1,-1
"montandoni_vulgarisOUT","I","0.3",0.888,"95","0.609825404120489","1.16582140412049",1,-1
"montandoni_vulgarisOUT","I","0.3",0.888,"LL","0.872124","0.888",1,-1
"montandoni_vulgarisOUT","I","0.31",0.900364,"95","0.622613434353176","1.17775238235318",1,-1
"montandoni_vulgarisOUT","I","0.31",0.900364,"LL","0.884424172","0.900364",1,-1
"montandoni_vulgarisOUT","I","0.32",0.911872,"95","0.635003786699676","1.18836929069968",1,-1
"montandoni_vulgarisOUT","I","0.32",0.911872,"LL","0.895891456","0.911872",1,-1
"montandoni_vulgarisOUT","I","0.33",0.922548,"95","0.647004780571294","1.19771181657129",1,-1
"montandoni_vulgarisOUT","I","0.33",0.922548,"LL","0.906549204","0.922548",1,-1
"montandoni_vulgarisOUT","I","0.34",0.932416,"95","0.658624735379331","1.20581964737933",1,-1
"montandoni_vulgarisOUT","I","0.34",0.932416,"LL","0.916420768","0.932416",1,-1
"montandoni_vulgarisOUT","I","0.35",0.9415,"95","0.669871970535092","1.21273247053509",1,-1
"montandoni_vulgarisOUT","I","0.35",0.9415,"LL","0.9255295","0.9415",1,-1
"montandoni_vulgarisOUT","I","0.36",0.949824,"95","0.680754805449878","1.21848997344988",1,-1
"montandoni_vulgarisOUT","I","0.36",0.949824,"LL","0.933898752","0.949824",1,-1
"montandoni_vulgarisOUT","I","0.37",0.957412,"95","0.691281559534994","1.22313184353499",1,-1
"montandoni_vulgarisOUT","I","0.37",0.957412,"LL","0.941551876","0.957412",1,-1
"montandoni_vulgarisOUT","I","0.38",0.964288,"95","0.701460552201743","1.22669776820174",1,-1
"montandoni_vulgarisOUT","I","0.38",0.964288,"LL","0.948512224","0.964288",1,-1
"montandoni_vulgarisOUT","I","0.39",0.970476,"95","0.711300102861426","1.22922743486143",1,-1
"montandoni_vulgarisOUT","I","0.39",0.970476,"LL","0.954803148","0.970476",1,-1
"montandoni_vulgarisOUT","I","0.4",0.976,"95","0.720808530925348","1.23076053092535",1,-1
"montandoni_vulgarisOUT","I","0.4",0.976,"LL","0.960448","0.976",1,-1
"montandoni_vulgarisOUT","I","0.41",0.980884,"95","0.729994155804812","1.23133674380481",1,-1
"montandoni_vulgarisOUT","I","0.41",0.980884,"LL","0.965470132","0.980884",1,-1
"montandoni_vulgarisOUT","I","0.42",0.985152,"95","0.738865296911121","1.23099576091112",1,-1
"montandoni_vulgarisOUT","I","0.42",0.985152,"LL","0.969892896","0.985152",1,-1
"montandoni_vulgarisOUT","I","0.43",0.988828,"95","0.747430273655577","1.22977726965558",1,-1
"montandoni_vulgarisOUT","I","0.43",0.988828,"LL","0.973739644","0.988828",1,-1
"montandoni_vulgarisOUT","I","0.44",0.991936,"95","0.755697405449485","1.22772095744948",1,-1
"montandoni_vulgarisOUT","I","0.44",0.991936,"LL","0.977033728","0.991936",1,-1
"montandoni_vulgarisOUT","I","0.45",0.9945,"95","0.763675011704146","1.22486651170415",1,-1
"montandoni_vulgarisOUT","I","0.45",0.9945,"LL","0.9797985","0.9945",1,-1
"montandoni_vulgarisOUT","I","0.46",0.996544,"95","0.771371411830864","1.22125361983086",1,-1
"montandoni_vulgarisOUT","I","0.46",0.996544,"LL","0.982057312","0.996544",1,-1
"montandoni_vulgarisOUT","I","0.47",0.998092,"95","0.778794925240943","1.21692196924094",1,-1
"montandoni_vulgarisOUT","I","0.47",0.998092,"LL","0.983833516","0.998092",1,-1
"montandoni_vulgarisOUT","I","0.48",0.999168,"95","0.785953871345685","1.21191124734568",1,-1
"montandoni_vulgarisOUT","I","0.48",0.999168,"LL","0.985150464","0.999168",1,-1
"montandoni_vulgarisOUT","I","0.49",0.999796,"95","0.792856569556392","1.20626114155639",1,-1
"montandoni_vulgarisOUT","I","0.49",0.999796,"LL","0.986031508","0.999796",1,-1
"montandoni_vulgarisOUT","I","0.5",1,"95","0.79951133928437","1.20001133928437",1,-1
"montandoni_vulgarisOUT","I","0.5",1,"LL","0.9865","1",1,-1
"montandoni_vulgarisOUT","I","0.51",0.999804,"95","0.79286172794092","1.20626629994092",1,-1
"montandoni_vulgarisOUT","I","0.51",0.999804,"LL","0.9863094","1.000073892",1,-1
"montandoni_vulgarisOUT","I","0.52",0.999232,"95","0.786012194937346","1.21196957093735",1,-1
"montandoni_vulgarisOUT","I","0.52",0.999232,"LL","0.9857536","0.999771136",1,-1
"montandoni_vulgarisOUT","I","0.53",0.998308,"95","0.77900242768495","1.21712947168495",1,-1
"montandoni_vulgarisOUT","I","0.53",0.998308,"LL","0.9848566","0.999115084",1,-1
"montandoni_vulgarisOUT","I","0.54",0.997056,"95","0.771872113595036","1.22175432159504",1,-1
"montandoni_vulgarisOUT","I","0.54",0.997056,"LL","0.9836424","0.998129088",1,-1
"montandoni_vulgarisOUT","I","0.55",0.9955,"95","0.764660940078907","1.22585244007891",1,-1
"montandoni_vulgarisOUT","I","0.55",0.9955,"LL","0.982135","0.9968365",1,-1
"montandoni_vulgarisOUT","I","0.56",0.993664,"95","0.757408594547865","1.22943214654787",1,-1
"montandoni_vulgarisOUT","I","0.56",0.993664,"LL","0.9803584","0.995260672",1,-1
"montandoni_vulgarisOUT","I","0.57",0.991572,"95","0.750154764413215","1.23250176041322",1,-1
"montandoni_vulgarisOUT","I","0.57",0.991572,"LL","0.9783366","0.993424956",1,-1
"montandoni_vulgarisOUT","I","0.58",0.989248,"95","0.742939137086259","1.23506960108626",1,-1
"montandoni_vulgarisOUT","I","0.58",0.989248,"LL","0.9760936","0.991352704",1,-1
"montandoni_vulgarisOUT","I","0.59",0.986716,"95","0.735801399978301","1.2371439879783",1,-1
"montandoni_vulgarisOUT","I","0.59",0.986716,"LL","0.9736534","0.989067268",1,-1
"montandoni_vulgarisOUT","I","0.6",0.984,"95","0.728781240500642","1.23873324050064",1,-1
"montandoni_vulgarisOUT","I","0.6",0.984,"LL","0.97104","0.986592",1,-1
"montandoni_vulgarisOUT","I","0.61",0.981124,"95","0.721918346064587","1.23984567806459",1,-1
"montandoni_vulgarisOUT","I","0.61",0.981124,"LL","0.9682774","0.983950252",1,-1
"montandoni_vulgarisOUT","I","0.62",0.978112,"95","0.715252404081438","1.24048962008144",1,-1
"montandoni_vulgarisOUT","I","0.62",0.978112,"LL","0.9653896","0.981165376",1,-1
"montandoni_vulgarisOUT","I","0.63",0.974988,"95","0.708823101962499","1.2406733859625",1,-1
"montandoni_vulgarisOUT","I","0.63",0.974988,"LL","0.9624006","0.978260724",1,-1
"montandoni_vulgarisOUT","I","0.64",0.971776,"95","0.702670127119073","1.24040529511907",1,-1
"montandoni_vulgarisOUT","I","0.64",0.971776,"LL","0.9593344","0.975259648",1,-1
"montandoni_vulgarisOUT","I","0.65",0.9685,"95","0.696833166962462","1.23969366696246",1,-1
"montandoni_vulgarisOUT","I","0.65",0.9685,"LL","0.956215","0.9721855",1,-1
"montandoni_vulgarisOUT","I","0.66",0.965184,"95","0.69135190890397","1.23854682090397",1,-1
"montandoni_vulgarisOUT","I","0.66",0.965184,"LL","0.9530664","0.969061632",1,-1
"montandoni_vulgarisOUT","I","0.67",0.961852,"95","0.6862660403549","1.2369730763549",1,-1
"montandoni_vulgarisOUT","I","0.67",0.961852,"LL","0.9499126","0.965911396",1,-1
"montandoni_vulgarisOUT","I","0.68",0.958528,"95","0.681615248726555","1.23498075272656",1,-1
"montandoni_vulgarisOUT","I","0.68",0.958528,"LL","0.9467776","0.962758144",1,-1
"montandoni_vulgarisOUT","I","0.69",0.955236,"95","0.677439221430238","1.23257816943024",1,-1
"montandoni_vulgarisOUT","I","0.69",0.955236,"LL","0.9436854","0.959625228",1,-1
"montandoni_vulgarisOUT","I","0.7",0.952,"95","0.673777645877253","1.22977364587725",1,-1
"montandoni_vulgarisOUT","I","0.7",0.952,"LL","0.94066","0.956536",1,-1
"montandoni_vulgarisOUT","I","0.71",0.948844,"95","0.670670209478901","1.2265755014789",1,-1
"montandoni_vulgarisOUT","I","0.71",0.948844,"LL","0.9377254","0.953513812",1,-1
"montandoni_vulgarisOUT","I","0.72",0.945792,"95","0.668156599646487","1.22299205564649",1,-1
"montandoni_vulgarisOUT","I","0.72",0.945792,"LL","0.9349056","0.950582016",1,-1
"montandoni_vulgarisOUT","I","0.73",0.942868,"95","0.666276503791314","1.21903162779131",1,-1
"montandoni_vulgarisOUT","I","0.73",0.942868,"LL","0.9322246","0.947763964",1,-1
"montandoni_vulgarisOUT","I","0.74",0.940096,"95","0.665069609324683","1.21470253732468",1,-1
"montandoni_vulgarisOUT","I","0.74",0.940096,"LL","0.9297064","0.945083008",1,-1
"montandoni_vulgarisOUT","I","0.75",0.9375,"95","0.6645756036579","1.2100131036579",1,-1
"montandoni_vulgarisOUT","I","0.75",0.9375,"LL","0.927375","0.9425625",1,-1
"montandoni_vulgarisOUT","I","0.76",0.935104,"95","0.664834174202266","1.20497164620227",1,-1
"montandoni_vulgarisOUT","I","0.76",0.935104,"LL","0.9252544","0.940225792",1,-1
"montandoni_vulgarisOUT","I","0.77",0.932932,"95","0.665885008369085","1.19958648436909",1,-1
"montandoni_vulgarisOUT","I","0.77",0.932932,"LL","0.9233686","0.938096236",1,-1
"montandoni_vulgarisOUT","I","0.78",0.931008,"95","0.66776779356966","1.19386593756966",1,-1
"montandoni_vulgarisOUT","I","0.78",0.931008,"LL","0.9217416","0.936197184",1,-1
"montandoni_vulgarisOUT","I","0.79",0.929356,"95","0.670522217215294","1.18781832521529",1,-1
"montandoni_vulgarisOUT","I","0.79",0.929356,"LL","0.9203974","0.934551988",1,-1
"montandoni_vulgarisOUT","I","0.8",0.928,"95","0.67418796671729","1.18145196671729",1,-1
"montandoni_vulgarisOUT","I","0.8",0.928,"LL","0.91936","0.933184",1,-1
"montandoni_vulgarisOUT","I","0.81",0.926964,"95","0.678804729486951","1.17477518148695",1,-1
"montandoni_vulgarisOUT","I","0.81",0.926964,"LL","0.9186534","0.932116572",1,-1
"montandoni_vulgarisOUT","I","0.82",0.926272,"95","0.684412192935581","1.16779628893558",1,-1
"montandoni_vulgarisOUT","I","0.82",0.926272,"LL","0.9183016","0.931373056",1,-1
"montandoni_vulgarisOUT","I","0.83",0.925948,"95","0.691050044474482","1.16052360847448",1,-1
"montandoni_vulgarisOUT","I","0.83",0.925948,"LL","0.9183286","0.930976804",1,-1
"montandoni_vulgarisOUT","I","0.84",0.926016,"95","0.698757971514957","1.15296545951496",1,-1
"montandoni_vulgarisOUT","I","0.84",0.926016,"LL","0.9187584","0.930951168",1,-1
"montandoni_vulgarisOUT","I","0.85",0.9265,"95","0.707575661468309","1.14513016146831",1,-1
"montandoni_vulgarisOUT","I","0.85",0.9265,"LL","0.919615","0.9313195",1,-1
"montandoni_vulgarisOUT","I","0.86",0.927424,"95","0.717542801745843","1.13702603374584",1,-1
"montandoni_vulgarisOUT","I","0.86",0.927424,"LL","0.9209224","0.932105152",1,-1
"montandoni_vulgarisOUT","I","0.87",0.928812,"95","0.72869907975886","1.12866139575886",1,-1
"montandoni_vulgarisOUT","I","0.87",0.928812,"LL","0.9227046","0.933331476",1,-1
"montandoni_vulgarisOUT","I","0.88",0.930688,"95","0.741084182918663","1.12004456691866",1,-1
"montandoni_vulgarisOUT","I","0.88",0.930688,"LL","0.9249856","0.935021824",1,-1
"montandoni_vulgarisOUT","I","0.89",0.933076,"95","0.754737798636557","1.11118386663656",1,-1
"montandoni_vulgarisOUT","I","0.89",0.933076,"LL","0.9277894","0.937199548",1,-1
"montandoni_vulgarisOUT","I","0.9",0.936,"95","0.769699614323843","1.10208761432384",1,-1
"montandoni_vulgarisOUT","I","0.9",0.936,"LL","0.93114","0.939888",1,-1
"montandoni_vulgarisOUT","I","0.91",0.939484,"95","0.786009317391826","1.09276412939183",1,-1
"montandoni_vulgarisOUT","I","0.91",0.939484,"LL","0.9350614","0.943110532",1,-1
"montandoni_vulgarisOUT","I","0.92",0.943552,"95","0.803706595251808","1.08322173125181",1,-1
"montandoni_vulgarisOUT","I","0.92",0.943552,"LL","0.9395776","0.946890496",1,-1
"montandoni_vulgarisOUT","I","0.93",0.948228,"95","0.822831135315091","1.07346873931509",1,-1
"montandoni_vulgarisOUT","I","0.93",0.948228,"LL","0.9447126","0.951251244",1,-1
"montandoni_vulgarisOUT","I","0.94",0.953536,"95","0.843422624992981","1.06351347299298",1,-1
"montandoni_vulgarisOUT","I","0.94",0.953536,"LL","0.9504904","0.956216128",1,-1
"montandoni_vulgarisOUT","I","0.95",0.9595,"95","0.865520751696778","1.05336425169678",1,-1
"montandoni_vulgarisOUT","I","0.95",0.9595,"LL","0.956935","0.9618085",1,-1
"montandoni_vulgarisOUT","I","0.96",0.966144,"95","0.889165202837787","1.04302939483779",1,-1
"montandoni_vulgarisOUT","I","0.96",0.966144,"LL","0.9640704","0.968051712",1,-1
"montandoni_vulgarisOUT","I","0.97",0.973492,"95","0.914395665827311","1.03251722182731",1,-1
"montandoni_vulgarisOUT","I","0.97",0.973492,"LL","0.9719206","0.974969116",1,-1
"montandoni_vulgarisOUT","I","0.98",0.981568,"95","0.941251828076652","1.02183605207665",1,-1
"montandoni_vulgarisOUT","I","0.98",0.981568,"LL","0.9805096","0.982584064",1,-1
"montandoni_vulgarisOUT","I","0.99",0.990396,"95","0.969773376997114","1.01099420499711",1,-1
"montandoni_vulgarisOUT","I","0.99",0.990396,"LL","0.9898614","0.990919908",1,-1
"montandoni_vulgarisOUT","I","1",1,"95","1","1",1,-1
"montandoni_vulgarisOUT","I","1",1,"LL","1","1",1,-1
"montandoni_vulgarisOUT","II","0",0,"95","0","0",0.925400551914574,-1
"montandoni_vulgarisOUT","II","0",0,"LL","0","0",0.925400551914574,-1
"montandoni_vulgarisOUT","II","0.01",0.0477269309279086,"95","0.0296527821431373","0.0658052061431373",0.925400551914574,-1
"montandoni_vulgarisOUT","II","0.01",0.0477269309279086,"LL","0.04075895152","0.04920285952",0.925400551914574,-1
"montandoni_vulgarisOUT","II","0.02",0.0939077016350513,"95","0.058557914483733","0.129265306483733",0.925400551914574,-1
"montandoni_vulgarisOUT","II","0.02",0.0939077016350513,"LL","0.08017287808","0.09682974208",0.925400551914574,-1
"montandoni_vulgarisOUT","II","0.03",0.138566312121428,"95","0.0867261304065012","0.190417578406501",0.925400551914574,-1
"montandoni_vulgarisOUT","II","0.03",0.138566312121428,"LL","0.11826393168","0.14290464768",0.925400551914574,-1
"montandoni_vulgarisOUT","II","0.04",0.181726762387039,"95","0.114168163296156","0.249299299296156",0.925400551914574,-1
"montandoni_vulgarisOUT","II","0.04",0.181726762387039,"LL","0.15505426432","0.18745157632",0.925400551914574,-1
"montandoni_vulgarisOUT","II","0.05",0.223413052431885,"95","0.140894746537412","0.305947746537412",0.925400551914574,-1
"montandoni_vulgarisOUT","II","0.05",0.223413052431885,"LL","0.190566028","0.230494528",0.925400551914574,-1
"montandoni_vulgarisOUT","II","0.06",0.263649182255964,"95","0.166916613514982","0.360400197514982",0.925400551914574,-1
"montandoni_vulgarisOUT","II","0.06",0.263649182255964,"LL","0.22482137472","0.27205750272",0.925400551914574,-1
"montandoni_vulgarisOUT","II","0.07",0.302459151859278,"95","0.192244497613581","0.412693929613581",0.925400551914574,-1
"montandoni_vulgarisOUT","II","0.07",0.302459151859278,"LL","0.25784245648","0.31216450048",0.925400551914574,-1
"montandoni_vulgarisOUT","II","0.08",0.339866961241825,"95","0.216889132217923","0.462866220217923",0.925400551914574,-1
"montandoni_vulgarisOUT","II","0.08",0.339866961241825,"LL","0.28965142528","0.35083952128",0.925400551914574,-1
"montandoni_vulgarisOUT","II","0.09",0.375896610403607,"95","0.240861250712722","0.510954346712722",0.925400551914574,-1
"montandoni_vulgarisOUT","II","0.09",0.375896610403607,"LL","0.32027043312","0.38810656512",0.925400551914574,-1
"montandoni_vulgarisOUT","II","0.1",0.410572099344623,"95","0.264171586482692","0.556995586482692",0.925400551914574,-1
"montandoni_vulgarisOUT","II","0.1",0.410572099344623,"LL","0.349721632","0.423989632",0.925400551914574,-1
"montandoni_vulgarisOUT","II","0.11",0.443917428064874,"95","0.286830872912547","0.601027216912547",0.925400551914574,-1
"montandoni_vulgarisOUT","II","0.11",0.443917428064874,"LL","0.37802717392","0.45851272192",0.925400551914574,-1
"montandoni_vulgarisOUT","II","0.12",0.475956596564358,"95","0.308849843387002","0.643086515387002",0.925400551914574,-1
"montandoni_vulgarisOUT","II","0.12",0.475956596564358,"LL","0.40520921088","0.49169983488",0.925400551914574,-1
"montandoni_vulgarisOUT","II","0.13",0.506713604843077,"95","0.33023923129077","0.68321075929077",0.925400551914574,-1
"montandoni_vulgarisOUT","II","0.13",0.506713604843077,"LL","0.43128989488","0.52357497088",0.925400551914574,-1
"montandoni_vulgarisOUT","II","0.14",0.536212452901029,"95","0.351009770008565","0.721437226008565",0.925400551914574,-1
"montandoni_vulgarisOUT","II","0.14",0.536212452901029,"LL","0.45629137792","0.55416212992",0.925400551914574,-1
"montandoni_vulgarisOUT","II","0.15",0.564477140738216,"95","0.371172192925102","0.757803192925102",0.925400551914574,-1
"montandoni_vulgarisOUT","II","0.15",0.564477140738216,"LL","0.480235812","0.583485312",0.925400551914574,-1
"montandoni_vulgarisOUT","II","0.16",0.591531668354637,"95","0.390737233425094","0.792345937425094",0.925400551914574,-1
"montandoni_vulgarisOUT","II","0.16",0.591531668354637,"LL","0.50314534912","0.61156851712",0.925400551914574,-1
"montandoni_vulgarisOUT","II","0.17",0.617400035750293,"95","0.409715624893256","0.825102736893256",0.925400551914574,-1
"montandoni_vulgarisOUT","II","0.17",0.617400035750293,"LL","0.52504214128","0.63843574528",0.925400551914574,-1
"montandoni_vulgarisOUT","II","0.18",0.642106242925182,"95","0.428118100714302","0.856110868714302",0.925400551914574,-1
"montandoni_vulgarisOUT","II","0.18",0.642106242925182,"LL","0.54594834048","0.66411099648",0.925400551914574,-1
"montandoni_vulgarisOUT","II","0.19",0.665674289879306,"95","0.445955394272945","0.885407610272945",0.925400551914574,-1
"montandoni_vulgarisOUT","II","0.19",0.665674289879306,"LL","0.56588609872","0.68861827072",0.925400551914574,-1
"montandoni_vulgarisOUT","II","0.2",0.688128176612664,"95","0.463238238953901","0.913030238953901",0.925400551914574,-1
"montandoni_vulgarisOUT","II","0.2",0.688128176612664,"LL","0.584877568","0.711981568",0.925400551914574,-1
"montandoni_vulgarisOUT","II","0.21",0.709491903125256,"95","0.479977368141882","0.939016032141882",0.925400551914574,-1
"montandoni_vulgarisOUT","II","0.21",0.709491903125256,"LL","0.60294490032","0.73422488832",0.925400551914574,-1
"montandoni_vulgarisOUT","II","0.22",0.729789469417082,"95","0.496183515221603","0.963402267221603",0.925400551914574,-1
"montandoni_vulgarisOUT","II","0.22",0.729789469417082,"LL","0.62011024768","0.75537223168",0.925400551914574,-1
"montandoni_vulgarisOUT","II","0.23",0.749044875488142,"95","0.511867413577779","0.986226221577779",0.925400551914574,-1
"montandoni_vulgarisOUT","II","0.23",0.749044875488142,"LL","0.63639576208","0.77544759808",0.925400551914574,-1
"montandoni_vulgarisOUT","II","0.24",0.767282121338437,"95","0.527039796595123","1.00752517259512",0.925400551914574,-1
"montandoni_vulgarisOUT","II","0.24",0.767282121338437,"LL","0.65182359552","0.79447498752",0.925400551914574,-1
"montandoni_vulgarisOUT","II","0.25",0.784525206967965,"95","0.541711397658349","1.02733639765835",0.925400551914574,-1
"montandoni_vulgarisOUT","II","0.25",0.784525206967965,"LL","0.6664159","0.8124784",0.925400551914574,-1
"montandoni_vulgarisOUT","II","0.26",0.800798132376728,"95","0.555892950152172","1.04569717415217",0.925400551914574,-1
"montandoni_vulgarisOUT","II","0.26",0.800798132376728,"LL","0.68019482752","0.82948183552",0.925400551914574,-1
"montandoni_vulgarisOUT","II","0.27",0.816124897564725,"95","0.569595187461305","1.0626447794613",0.925400551914574,-1
"montandoni_vulgarisOUT","II","0.27",0.816124897564725,"LL","0.69318253008","0.84550929408",0.925400551914574,-1
"montandoni_vulgarisOUT","II","0.28",0.830529502531956,"95","0.582828842970462","1.07821649097046",0.925400551914574,-1
"montandoni_vulgarisOUT","II","0.28",0.830529502531956,"LL","0.70540115968","0.86058477568",0.925400551914574,-1
"montandoni_vulgarisOUT","II","0.29",0.844035947278422,"95","0.595604650064358","1.09244958606436",0.925400551914574,-1
"montandoni_vulgarisOUT","II","0.29",0.844035947278422,"LL","0.71687286832","0.87473228032",0.925400551914574,-1
"montandoni_vulgarisOUT","II","0.3",0.856668231804121,"95","0.607933342127707","1.10538134212771",0.925400551914574,-1
"montandoni_vulgarisOUT","II","0.3",0.856668231804121,"LL","0.727619808","0.887975808",0.925400551914574,-1
"montandoni_vulgarisOUT","II","0.31",0.868450356109055,"95","0.619825652545223","1.11704903654522",0.925400551914574,-1
"montandoni_vulgarisOUT","II","0.31",0.868450356109055,"LL","0.73766413072","0.90033935872",0.925400551914574,-1
"montandoni_vulgarisOUT","II","0.32",0.879406320193223,"95","0.63129231470162","1.12748994670162",0.925400551914574,-1
"montandoni_vulgarisOUT","II","0.32",0.879406320193223,"LL","0.74702798848","0.91184693248",0.925400551914574,-1
"montandoni_vulgarisOUT","II","0.33",0.889560124056625,"95","0.642344061981611","1.13674134998161",0.925400551914574,-1
"montandoni_vulgarisOUT","II","0.33",0.889560124056625,"LL","0.75573353328","0.92252252928",0.925400551914574,-1
"montandoni_vulgarisOUT","II","0.34",0.898935767699261,"95","0.652991627769912","1.14484052376991",0.925400551914574,-1
"montandoni_vulgarisOUT","II","0.34",0.898935767699261,"LL","0.76380291712","0.93239014912",0.925400551914574,-1
"montandoni_vulgarisOUT","II","0.35",0.907557251121131,"95","0.663245745451236","1.15182474545124",0.925400551914574,-1
"montandoni_vulgarisOUT","II","0.35",0.907557251121131,"LL","0.771258292","0.941473792",0.925400551914574,-1
"montandoni_vulgarisOUT","II","0.36",0.915448574322236,"95","0.673117148410297","1.1577312924103",0.925400551914574,-1
"montandoni_vulgarisOUT","II","0.36",0.915448574322236,"LL","0.77812180992","0.94979745792",0.925400551914574,-1
"montandoni_vulgarisOUT","II","0.37",0.922633737302574,"95","0.682616570031809","1.16259744203181",0.925400551914574,-1
"montandoni_vulgarisOUT","II","0.37",0.922633737302574,"LL","0.78441562288","0.95738514688",0.925400551914574,-1
"montandoni_vulgarisOUT","II","0.38",0.929136740062147,"95","0.691754743700487","1.16646047170049",0.925400551914574,-1
"montandoni_vulgarisOUT","II","0.38",0.929136740062147,"LL","0.79016188288","0.96426085888",0.925400551914574,-1
"montandoni_vulgarisOUT","II","0.39",0.934981582600954,"95","0.700542402801044","1.16935765880104",0.925400551914574,-1
"montandoni_vulgarisOUT","II","0.39",0.934981582600954,"LL","0.79538274192","0.97044859392",0.925400551914574,-1
"montandoni_vulgarisOUT","II","0.4",0.940192264918996,"95","0.708990280718195","1.17132628071819",0.925400551914574,-1
"montandoni_vulgarisOUT","II","0.4",0.940192264918996,"LL","0.800100352","0.975972352",0.925400551914574,-1
"montandoni_vulgarisOUT","II","0.41",0.944792787016271,"95","0.717109110836653","1.17240361483665",0.925400551914574,-1
"montandoni_vulgarisOUT","II","0.41",0.944792787016271,"LL","0.80433686512","0.98085613312",0.925400551914574,-1
"montandoni_vulgarisOUT","II","0.42",0.948807148892781,"95","0.724909626541133","1.17262693854113",0.925400551914574,-1
"montandoni_vulgarisOUT","II","0.42",0.948807148892781,"LL","0.80811443328","0.98512393728",0.925400551914574,-1
"montandoni_vulgarisOUT","II","0.43",0.952259350548524,"95","0.732402561216349","1.17203352921635",0.925400551914574,-1
"montandoni_vulgarisOUT","II","0.43",0.952259350548524,"LL","0.81145520848","0.98879976448",0.925400551914574,-1
"montandoni_vulgarisOUT","II","0.44",0.955173391983502,"95","0.739598648247015","1.17066066424701",0.925400551914574,-1
"montandoni_vulgarisOUT","II","0.44",0.955173391983502,"LL","0.81438134272","0.99190761472",0.925400551914574,-1
"montandoni_vulgarisOUT","II","0.45",0.957573273197714,"95","0.746508621017844","1.16854562101784",0.925400551914574,-1
"montandoni_vulgarisOUT","II","0.45",0.957573273197714,"LL","0.816914988","0.994471488",0.925400551914574,-1
"montandoni_vulgarisOUT","II","0.46",0.95948299419116,"95","0.753143212913552","1.16572567691355",0.925400551914574,-1
"montandoni_vulgarisOUT","II","0.46",0.95948299419116,"LL","0.81907829632","0.99651538432",0.925400551914574,-1
"montandoni_vulgarisOUT","II","0.47",0.960926554963841,"95","0.759513157318852","1.16223810931885",0.925400551914574,-1
"montandoni_vulgarisOUT","II","0.47",0.960926554963841,"LL","0.82089341968","0.99806330368",0.925400551914574,-1
"montandoni_vulgarisOUT","II","0.48",0.961927955515755,"95","0.765629187618458","1.15812019561846",0.925400551914574,-1
"montandoni_vulgarisOUT","II","0.48",0.961927955515755,"LL","0.82238251008","0.99913924608",0.925400551914574,-1
"montandoni_vulgarisOUT","II","0.49",0.962511195846904,"95","0.771502037197084","1.15340921319708",0.925400551914574,-1
"montandoni_vulgarisOUT","II","0.49",0.962511195846904,"LL","0.82356771952","0.99976721152",0.925400551914574,-1
"montandoni_vulgarisOUT","II","0.5",0.962700275957287,"95","0.777142439439444","1.14814243943944",0.925400551914574,-1
"montandoni_vulgarisOUT","II","0.5",0.962700275957287,"LL","0.8244712","0.9999712",0.925400551914574,-1
"montandoni_vulgarisOUT","II","0.51",0.962519195846904,"95","0.771505551730254","1.15341272773025",0.925400551914574,-1
"montandoni_vulgarisOUT","II","0.51",0.962519195846904,"LL","0.82434541152","1.00054490352",0.925400551914574,-1
"montandoni_vulgarisOUT","II","0.52",0.961991955515755,"95","0.765684227454225","1.15817523545422",0.925400551914574,-1
"montandoni_vulgarisOUT","II","0.52",0.961991955515755,"LL","0.82398404608","1.00074078208",0.925400551914574,-1
"montandoni_vulgarisOUT","II","0.53",0.961142554963841,"95","0.759715743996073","1.16244069599607",0.925400551914574,-1
"montandoni_vulgarisOUT","II","0.53",0.961142554963841,"LL","0.82341110368","1.00058098768",0.925400551914574,-1
"montandoni_vulgarisOUT","II","0.54",0.95999499419116,"95","0.753637378740512","1.16621984274051",0.925400551914574,-1
"montandoni_vulgarisOUT","II","0.54",0.95999499419116,"LL","0.82265058432","1.00008767232",0.925400551914574,-1
"montandoni_vulgarisOUT","II","0.55",0.958573273197714,"95","0.747486409072256","1.16952340907226",0.925400551914574,-1
"montandoni_vulgarisOUT","II","0.55",0.958573273197714,"LL","0.821726488","0.999282988",0.925400551914574,-1
"montandoni_vulgarisOUT","II","0.56",0.956901391983502,"95","0.741300112376018","1.17236212837602",0.925400551914574,-1
"montandoni_vulgarisOUT","II","0.56",0.956901391983502,"LL","0.82066281472","0.99818908672",0.925400551914574,-1
"montandoni_vulgarisOUT","II","0.57",0.955003350548524,"95","0.735115766036514","1.17474673403651",0.925400551914574,-1
"montandoni_vulgarisOUT","II","0.57",0.955003350548524,"LL","0.81948356448","0.99682812048",0.925400551914574,-1
"montandoni_vulgarisOUT","II","0.58",0.95290314889278,"95","0.728970647438456","1.17668795943846",0.925400551914574,-1
"montandoni_vulgarisOUT","II","0.58",0.95290314889278,"LL","0.81821273728","0.99522224128",0.925400551914574,-1
"montandoni_vulgarisOUT","II","0.59",0.950624787016271,"95","0.72290203396656","1.17819653796656",0.925400551914574,-1
"montandoni_vulgarisOUT","II","0.59",0.950624787016271,"LL","0.81687433312","0.99339360112",0.925400551914574,-1
"montandoni_vulgarisOUT","II","0.6",0.948192264918996,"95","0.716947203005539","1.17928320300554",0.925400551914574,-1
"montandoni_vulgarisOUT","II","0.6",0.948192264918996,"LL","0.815492352","0.991364352",0.925400551914574,-1
"montandoni_vulgarisOUT","II","0.61",0.945629582600954,"95","0.711143431940107","1.17995868794011",0.925400551914574,-1
"montandoni_vulgarisOUT","II","0.61",0.945629582600954,"LL","0.81409079392","0.98915664592",0.925400551914574,-1
"montandoni_vulgarisOUT","II","0.62",0.942960740062147,"95","0.705527998154978","1.18023372615498",0.925400551914574,-1
"montandoni_vulgarisOUT","II","0.62",0.942960740062147,"LL","0.81269365888","0.98679263488",0.925400551914574,-1
"montandoni_vulgarisOUT","II","0.63",0.940209737302574,"95","0.700138179034867","1.18011905103487",0.925400551914574,-1
"montandoni_vulgarisOUT","II","0.63",0.940209737302574,"LL","0.81132494688","0.98429447088",0.925400551914574,-1
"montandoni_vulgarisOUT","II","0.64",0.937400574322236,"95","0.695011251964487","1.17962539596449",0.925400551914574,-1
"montandoni_vulgarisOUT","II","0.64",0.937400574322236,"LL","0.81000865792","0.98168430592",0.925400551914574,-1
"montandoni_vulgarisOUT","II","0.65",0.934557251121131,"95","0.690184494328553","1.17876349432855",0.925400551914574,-1
"montandoni_vulgarisOUT","II","0.65",0.934557251121131,"LL","0.808768792","0.978984292",0.925400551914574,-1
"montandoni_vulgarisOUT","II","0.66",0.931703767699261,"95","0.685695183511779","1.17754407951178",0.925400551914574,-1
"montandoni_vulgarisOUT","II","0.66",0.931703767699261,"LL","0.80762934912","0.97621658112",0.925400551914574,-1
"montandoni_vulgarisOUT","II","0.67",0.928864124056625,"95","0.681580596898878","1.17597788489888",0.925400551914574,-1
"montandoni_vulgarisOUT","II","0.67",0.928864124056625,"LL","0.80661432928","0.97340332528",0.925400551914574,-1
"montandoni_vulgarisOUT","II","0.68",0.926062320193223,"95","0.677878011874565","1.17407564387457",0.925400551914574,-1
"montandoni_vulgarisOUT","II","0.68",0.926062320193223,"LL","0.80574773248","0.97056667648",0.925400551914574,-1
"montandoni_vulgarisOUT","II","0.69",0.923322356109055,"95","0.674624705823554","1.17184808982355",0.925400551914574,-1
"montandoni_vulgarisOUT","II","0.69",0.923322356109055,"LL","0.80505355872","0.96772878672",0.925400551914574,-1
"montandoni_vulgarisOUT","II","0.7",0.920668231804121,"95","0.671857956130559","1.16930595613056",0.925400551914574,-1
"montandoni_vulgarisOUT","II","0.7",0.920668231804121,"LL","0.804555808","0.964911808",0.925400551914574,-1
"montandoni_vulgarisOUT","II","0.71",0.918123947278422,"95","0.669615040180295","1.16645997618029",0.925400551914574,-1
"montandoni_vulgarisOUT","II","0.71",0.918123947278422,"LL","0.80427848032","0.96213789232",0.925400551914574,-1
"montandoni_vulgarisOUT","II","0.72",0.915713502531956,"95","0.667933235357474","1.16332088335747",0.925400551914574,-1
"montandoni_vulgarisOUT","II","0.72",0.915713502531956,"LL","0.80424557568","0.95942919168",0.925400551914574,-1
"montandoni_vulgarisOUT","II","0.73",0.913460897564725,"95","0.666849819046812","1.15989941104681",0.925400551914574,-1
"montandoni_vulgarisOUT","II","0.73",0.913460897564725,"LL","0.80448109408","0.95680785808",0.925400551914574,-1
"montandoni_vulgarisOUT","II","0.74",0.911390132376728,"95","0.666402068633021","1.15620629263302",0.925400551914574,-1
"montandoni_vulgarisOUT","II","0.74",0.911390132376728,"LL","0.80500903552","0.95429604352",0.925400551914574,-1
"montandoni_vulgarisOUT","II","0.75",0.909525206967965,"95","0.666627261500818","1.15225226150082",0.925400551914574,-1
"montandoni_vulgarisOUT","II","0.75",0.909525206967965,"LL","0.8058534","0.9519159",0.925400551914574,-1
"montandoni_vulgarisOUT","II","0.76",0.907890121338437,"95","0.667562675034915","1.14804805103491",0.925400551914574,-1
"montandoni_vulgarisOUT","II","0.76",0.907890121338437,"LL","0.80703818752","0.94968957952",0.925400551914574,-1
"montandoni_vulgarisOUT","II","0.77",0.906508875488142,"95","0.669245586620026","1.14360439462003",0.925400551914574,-1
"montandoni_vulgarisOUT","II","0.77",0.906508875488142,"LL","0.80858739808","0.94763923408",0.925400551914574,-1
"montandoni_vulgarisOUT","II","0.78",0.905405469417082,"95","0.671713273640866","1.13893202564087",0.925400551914574,-1
"montandoni_vulgarisOUT","II","0.78",0.905405469417082,"LL","0.81052503168","0.94578701568",0.925400551914574,-1
"montandoni_vulgarisOUT","II","0.79",0.904603903125256,"95","0.675003013482149","1.13404167748215",0.925400551914574,-1
"montandoni_vulgarisOUT","II","0.79",0.904603903125256,"LL","0.81287508832","0.94415507632",0.925400551914574,-1
"montandoni_vulgarisOUT","II","0.8",0.904128176612664,"95","0.679152083528588","1.12894408352859",0.925400551914574,-1
"montandoni_vulgarisOUT","II","0.8",0.904128176612664,"LL","0.815661568","0.942765568",0.925400551914574,-1
"montandoni_vulgarisOUT","II","0.81",0.904002289879306,"95","0.684197761164899","1.1236499771649",0.925400551914574,-1
"montandoni_vulgarisOUT","II","0.81",0.904002289879306,"LL","0.81890847072","0.94164064272",0.925400551914574,-1
"montandoni_vulgarisOUT","II","0.82",0.904250242925182,"95","0.690177323775795","1.11817009177579",0.925400551914574,-1
"montandoni_vulgarisOUT","II","0.82",0.904250242925182,"LL","0.82263979648","0.94080245248",0.925400551914574,-1
"montandoni_vulgarisOUT","II","0.83",0.904896035750293,"95","0.697128048745989","1.11251516074599",0.925400551914574,-1
"montandoni_vulgarisOUT","II","0.83",0.904896035750293,"LL","0.82687954528","0.94027314928",0.925400551914574,-1
"montandoni_vulgarisOUT","II","0.84",0.905963668354637,"95","0.705087213460197","1.1066959174602",0.925400551914574,-1
"montandoni_vulgarisOUT","II","0.84",0.905963668354637,"LL","0.83165171712","0.94007488512",0.925400551914574,-1
"montandoni_vulgarisOUT","II","0.85",0.907477140738216,"95","0.714092095303132","1.10072309530313",0.925400551914574,-1
"montandoni_vulgarisOUT","II","0.85",0.907477140738216,"LL","0.836980312","0.940229812",0.925400551914574,-1
"montandoni_vulgarisOUT","II","0.86",0.909460452901029,"95","0.724179971659508","1.09460742765951",0.925400551914574,-1
"montandoni_vulgarisOUT","II","0.86",0.909460452901029,"LL","0.84288932992","0.94076008192",0.925400551914574,-1
"montandoni_vulgarisOUT","II","0.87",0.911937604843077,"95","0.73538811991404","1.08835964791404",0.925400551914574,-1
"montandoni_vulgarisOUT","II","0.87",0.911937604843077,"LL","0.84940277088","0.94168784688",0.925400551914574,-1
"montandoni_vulgarisOUT","II","0.88",0.914932596564358,"95","0.747753817451441","1.08199048945144",0.925400551914574,-1
"montandoni_vulgarisOUT","II","0.88",0.914932596564358,"LL","0.85654463488","0.94303525888",0.925400551914574,-1
"montandoni_vulgarisOUT","II","0.89",0.918469428064874,"95","0.761314341656426","1.07551068565643",0.925400551914574,-1
"montandoni_vulgarisOUT","II","0.89",0.918469428064874,"LL","0.86433892192","0.94482446992",0.925400551914574,-1
"montandoni_vulgarisOUT","II","0.9",0.922572099344623,"95","0.776106969913708","1.06893096991371",0.925400551914574,-1
"montandoni_vulgarisOUT","II","0.9",0.922572099344623,"LL","0.872809632","0.947077632",0.925400551914574,-1
"montandoni_vulgarisOUT","II","0.91",0.927264610403607,"95","0.792168979608002","1.062262075608",0.925400551914574,-1
"montandoni_vulgarisOUT","II","0.91",0.927264610403607,"LL","0.88198076512","0.94981689712",0.925400551914574,-1
"montandoni_vulgarisOUT","II","0.92",0.932570961241825,"95","0.809537648124022","1.05551473612402",0.925400551914574,-1
"montandoni_vulgarisOUT","II","0.92",0.932570961241825,"LL","0.89187632128","0.95306441728",0.925400551914574,-1
"montandoni_vulgarisOUT","II","0.93",0.938515151859278,"95","0.828250252846482","1.04869968484648",0.925400551914574,-1
"montandoni_vulgarisOUT","II","0.93",0.938515151859278,"LL","0.90252030048","0.95684234448",0.925400551914574,-1
"montandoni_vulgarisOUT","II","0.94",0.945121182255964,"95","0.848344071160096","1.0418276551601",0.925400551914574,-1
"montandoni_vulgarisOUT","II","0.94",0.945121182255964,"LL","0.91393670272","0.96117283072",0.925400551914574,-1
"montandoni_vulgarisOUT","II","0.95",0.952413052431885,"95","0.869856380449577","1.03490938044958",0.925400551914574,-1
"montandoni_vulgarisOUT","II","0.95",0.952413052431885,"LL","0.926149528","0.966078028",0.925400551914574,-1
"montandoni_vulgarisOUT","II","0.96",0.960414762387039,"95","0.892824458099641","1.02795559409964",0.925400551914574,-1
"montandoni_vulgarisOUT","II","0.96",0.960414762387039,"LL","0.93918277632","0.97158008832",0.925400551914574,-1
"montandoni_vulgarisOUT","II","0.97",0.969150312121428,"95","0.917285581495001","1.020977029495",0.925400551914574,-1
"montandoni_vulgarisOUT","II","0.97",0.969150312121428,"LL","0.95306044768","0.97770116368",0.925400551914574,-1
"montandoni_vulgarisOUT","II","0.98",0.978643701635051,"95","0.943277028020372","1.01398442002037",0.925400551914574,-1
"montandoni_vulgarisOUT","II","0.98",0.978643701635051,"LL","0.96780654208","0.98446340608",0.925400551914574,-1
"montandoni_vulgarisOUT","II","0.99",0.988918930927909,"95","0.970836075060467","1.00698849906047",0.925400551914574,-1
"montandoni_vulgarisOUT","II","0.99",0.988918930927909,"LL","0.98344505952","0.99188896752",0.925400551914574,-1
"montandoni_vulgarisOUT","II","1",1,"95","1","1",0.925400551914574,-1
"montandoni_vulgarisOUT","II","1",1,"LL","1","1",0.925400551914574,-1
