INDIVIDUAL_ID,MARKER,BOCAGEI,CARBONELLI,GUADARRAMAE,HISPANICUS,LIOLEPIS,VAUCHERI,VIRESCENS,SPECIES,CLEAR,HYBRID_ZONE
17332,6905 SNPs,1,0,0,0,0,0,0,bocagei,TRUE,all_together
17333,6905 SNPs,1,0,0,0,0,0,0,bocagei,TRUE,all_together
17334,6905 SNPs,1,0,0,0,0,0,0,bocagei,TRUE,all_together
17335,6905 SNPs,1,0,0,0,0,0,0,bocagei,TRUE,all_together
17336,6905 SNPs,1,0,0,0,0,0,0,bocagei,TRUE,all_together
17337,6905 SNPs,1,0,0,0,0,0,0,bocagei,TRUE,all_together
17338,6905 SNPs,0.998,0.002,0,0,0,0,0,bocagei,TRUE,all_together
17339,6905 SNPs,1,0,0,0,0,0,0,bocagei,TRUE,all_together
17340,6905 SNPs,1,0,0,0,0,0,0,bocagei,TRUE,all_together
17341,6905 SNPs,1,0,0,0,0,0,0,bocagei,TRUE,all_together
17342,inferred_allopatric,1,0,0,0,0,0,0,bocagei,TRUE,all_together
17343,6905 SNPs,1,0,0,0,0,0,0,bocagei,TRUE,all_together
17344,6905 SNPs,1,0,0,0,0,0,0,bocagei,TRUE,all_together
17345,6905 SNPs,1,0,0,0,0,0,0,bocagei,TRUE,all_together
17346,6905 SNPs,1,0,0,0,0,0,0,bocagei,TRUE,all_together
17347,6905 SNPs,0.999,0.001,0,0,0,0,0,bocagei,TRUE,all_together
17349,inferred_allopatric,1,0,0,0,0,0,0,bocagei,TRUE,all_together
17350,6905 SNPs,1,0,0,0,0,0,0,bocagei,TRUE,all_together
17351,6905 SNPs,1,0,0,0,0,0,0,bocagei,TRUE,all_together
17352,6905 SNPs,0.999,0.001,0,0,0,0,0,bocagei,TRUE,all_together
17353,6905 SNPs,1,0,0,0,0,0,0,bocagei,TRUE,all_together
17354,6905 SNPs,1,0,0,0,0,0,0,bocagei,TRUE,all_together
17355,6905 SNPs,1,0,0,0,0,0,0,bocagei,TRUE,all_together
17356,6905 SNPs,1,0,0,0,0,0,0,bocagei,TRUE,all_together
17357,6905 SNPs,1,0,0,0,0,0,0,bocagei,TRUE,all_together
17358,6905 SNPs,1,0,0,0,0,0,0,bocagei,TRUE,all_together
17359,6905 SNPs,1,0,0,0,0,0,0,bocagei,TRUE,all_together
17360,6905 SNPs,0.998,0.002,0,0,0,0,0,bocagei,TRUE,all_together
17361,6905 SNPs,0.998,0.002,0,0,0,0,0,bocagei,TRUE,all_together
17362,6905 SNPs,1,0,0,0,0,0,0,bocagei,TRUE,all_together
17363,6905 SNPs,1,0,0,0,0,0,0,bocagei,TRUE,all_together
17364,6905 SNPs,1,0,0,0,0,0,0,bocagei,TRUE,all_together
17365,6905 SNPs,0.999,0.001,0,0,0,0,0,bocagei,TRUE,all_together
17366,6905 SNPs,1,0,0,0,0,0,0,bocagei,TRUE,all_together
17367,6905 SNPs,1,0,0,0,0,0,0,bocagei,TRUE,all_together
17368,6905 SNPs,1,0,0,0,0,0,0,bocagei,TRUE,all_together
17369,6905 SNPs,1,0,0,0,0,0,0,bocagei,TRUE,all_together
17370,6905 SNPs,1,0,0,0,0,0,0,bocagei,TRUE,all_together
17371,6905 SNPs,1,0,0,0,0,0,0,bocagei,TRUE,all_together
17402,6905 SNPs,0,1,0,0,0,0,0,carbonelli,TRUE,all_together
17403,6905 SNPs,0,1,0,0,0,0,0,carbonelli,TRUE,all_together
17404,6905 SNPs,0,1,0,0,0,0,0,carbonelli,TRUE,all_together
17405,6905 SNPs,0,1,0,0,0,0,0,carbonelli,TRUE,all_together
17406,6905 SNPs,0,1,0,0,0,0,0,carbonelli,TRUE,all_together
17407,6905 SNPs,0,1,0,0,0,0,0,carbonelli,TRUE,all_together
17408,6905 SNPs,0,1,0,0,0,0,0,carbonelli,TRUE,all_together
17409,6905 SNPs,0,1,0,0,0,0,0,carbonelli,TRUE,all_together
17410,6905 SNPs,0,1,0,0,0,0,0,carbonelli,TRUE,all_together
17411,6905 SNPs,0,1,0,0,0,0,0,carbonelli,TRUE,all_together
17412,6905 SNPs,0,1,0,0,0,0,0,carbonelli,TRUE,all_together
17413,6905 SNPs,0,1,0,0,0,0,0,carbonelli,TRUE,all_together
17414,6905 SNPs,0,1,0,0,0,0,0,carbonelli,TRUE,all_together
17415,6905 SNPs,0,1,0,0,0,0,0,carbonelli,TRUE,all_together
17416,6905 SNPs,0,1,0,0,0,0,0,carbonelli,TRUE,all_together
17417,6905 SNPs,0,1,0,0,0,0,0,carbonelli,TRUE,all_together
17418,6905 SNPs,0.001,0.999,0,0,0,0,0,carbonelli,TRUE,all_together
17419,6905 SNPs,0,1,0,0,0,0,0,carbonelli,TRUE,all_together
17420,6905 SNPs,0,1,0,0,0,0,0,carbonelli,TRUE,all_together
17421,6905 SNPs,0,1,0,0,0,0,0,carbonelli,TRUE,all_together
17422,6905 SNPs,0.038,0.962,0,0,0,0,0,carbonelli,FALSE,all_together
17423,6905 SNPs,0.035,0.965,0,0,0,0,0,carbonelli,FALSE,all_together
17424,6905 SNPs,0.032,0.968,0,0,0,0,0,carbonelli,FALSE,all_together
17425,6905 SNPs,0.036,0.964,0,0,0,0,0,carbonelli,FALSE,all_together
17426,6905 SNPs,0.029,0.971,0,0,0,0,0,carbonelli,TRUE,all_together
17427,6905 SNPs,0.04,0.96,0,0,0,0,0,carbonelli,FALSE,all_together
17428,6905 SNPs,0.037,0.963,0,0,0,0,0,carbonelli,FALSE,all_together
17429,6905 SNPs,0.034,0.966,0,0,0,0,0,carbonelli,FALSE,all_together
17430,6905 SNPs,0.022,0.978,0,0,0,0,0,carbonelli,TRUE,all_together
17431,6905 SNPs,0.028,0.972,0,0,0,0,0,carbonelli,TRUE,all_together
17432,4266 SNPs,0,0,1,0,0,0,0,guadarramae,TRUE,all_together
17433,4266 SNPs,0,0,1,0,0,0,0,guadarramae,TRUE,all_together
17434,4266 SNPs,0,0,1,0,0,0,0,guadarramae,TRUE,all_together
17435,inferred_allopatric,0,0,1,0,0,0,0,guadarramae,TRUE,all_together
17436,4266 SNPs,0,0,1,0,0,0,0,guadarramae,TRUE,all_together
17449,4266 SNPs,0,0,1,0,0,0,0,guadarramae,TRUE,all_together
17450,4266 SNPs,0,0,1,0,0,0,0,guadarramae,TRUE,all_together
17451,4266 SNPs,0,0,1,0,0,0,0,guadarramae,TRUE,all_together
17452,4266 SNPs,0,0,1,0,0,0,0,guadarramae,TRUE,all_together
17453,4266 SNPs,0,0,1,0,0,0,0,guadarramae,TRUE,all_together
17454,4266 SNPs,0,0,1,0,0,0,0,guadarramae,TRUE,all_together
17455,4266 SNPs,0,0,1,0,0,0,0,guadarramae,TRUE,all_together
17456,4266 SNPs,0,0,1,0,0,0,0,guadarramae,TRUE,all_together
17457,4266 SNPs,0,0,1,0,0,0,0,guadarramae,TRUE,all_together
17458,4266 SNPs,0,0,1,0,0,0,0,guadarramae,TRUE,all_together
17459,4266 SNPs,0,0,1,0,0,0,0,guadarramae,TRUE,all_together
17460,4266 SNPs,0,0,1,0,0,0,0,guadarramae,TRUE,all_together
17461,4266 SNPs,0,0,1,0,0,0,0,guadarramae,TRUE,all_together
17462,4266 SNPs,0,0,1,0,0,0,0,guadarramae,TRUE,all_together
17463,inferred_allopatric,0,0,1,0,0,0,0,guadarramae,TRUE,all_together
17464,inferred_allopatric,0,0,1,0,0,0,0,guadarramae,TRUE,all_together
17465,inferred_allopatric,0,0,1,0,0,0,0,guadarramae,TRUE,all_together
17466,inferred_allopatric,0,0,1,0,0,0,0,guadarramae,TRUE,all_together
17467,inferred_allopatric,0,0,1,0,0,0,0,guadarramae,TRUE,all_together
17468,inferred_allopatric,0,0,1,0,0,0,0,guadarramae,TRUE,all_together
17469,inferred_allopatric,0,0,1,0,0,0,0,guadarramae,TRUE,all_together
17470,inferred_allopatric,0,0,1,0,0,0,0,guadarramae,TRUE,all_together
17471,inferred_allopatric,0,0,1,0,0,0,0,guadarramae,TRUE,all_together
17472,515 SNPs,0,0,0.999,0,0,0,0.001,guadarramae,TRUE,all_together
17473,inferred_allopatric,0,0,0.999,0,0,0,0.001,guadarramae,TRUE,all_together
17474,515 SNPs,0,0,0.998,0,0,0,0.002,guadarramae,TRUE,all_together
17475,515 SNPs,0,0,0.998,0,0,0,0.002,guadarramae,TRUE,all_together
17476,515 SNPs,0,0,1,0,0,0,0,guadarramae,TRUE,all_together
17477,515 SNPs,0,0,0.999,0,0,0,0.001,guadarramae,TRUE,all_together
17478,515 SNPs,0,0,0.999,0,0,0,0.001,guadarramae,TRUE,all_together
17479,515 SNPs,0,0,0.999,0,0,0,0.001,guadarramae,TRUE,all_together
17480,inferred_allopatric,0,0,1,0,0,0,0,guadarramae,TRUE,all_together
17481,inferred_allopatric,0,0,1,0,0,0,0,guadarramae,TRUE,all_together
17482,515 SNPs,0,0,0.999,0,0,0,0.001,guadarramae,TRUE,all_together
17483,inferred_allopatric,0,0,1,0,0,0,0,guadarramae,TRUE,all_together
17484,521 SNPs,0,0,1,0,0,0,0,guadarramae,TRUE,all_together
17485,521 SNPs,0,0,1,0,0,0,0,guadarramae,TRUE,all_together
17486,521 SNPs,0,0,1,0,0,0,0,guadarramae,TRUE,all_together
17487,521 SNPs,0,0,1,0,0,0,0,guadarramae,TRUE,all_together
17488,521 SNPs,0,0,1,0,0,0,0,guadarramae,TRUE,all_together
17489,521 SNPs,0,0,1,0,0,0,0,guadarramae,TRUE,all_together
17490,521 SNPs,0,0,1,0,0,0,0,guadarramae,TRUE,all_together
17491,521 SNPs,0,0,0.999,0,0.001,0,0,guadarramae,TRUE,all_together
17492,521 SNPs,0,0,1,0,0,0,0,guadarramae,TRUE,all_together
17493,521 SNPs,0,0,1,0,0,0,0,guadarramae,TRUE,all_together
17494,521 SNPs,0,0,1,0,0,0,0,guadarramae,TRUE,all_together
17495,521 SNPs,0,0,1,0,0,0,0,guadarramae,TRUE,all_together
17496,521 SNPs,0,0,0.999,0,0.001,0,0,guadarramae,TRUE,all_together
17497,521 SNPs,0,0,1,0,0,0,0,guadarramae,TRUE,all_together
17498,521 SNPs,0,0,1,0,0,0,0,guadarramae,TRUE,all_together
17499,521 SNPs,0,0,1,0,0,0,0,guadarramae,TRUE,all_together
17500,521 SNPs,0,0,0.999,0,0.001,0,0,guadarramae,TRUE,all_together
17501,521 SNPs,0,0,1,0,0,0,0,guadarramae,TRUE,all_together
17502,521 SNPs,0,0,1,0,0,0,0,guadarramae,TRUE,all_together
17503,521 SNPs,0,0,1,0,0,0,0,guadarramae,TRUE,all_together
17504,inferred_allopatric,0,0,1,0,0,0,0,guadarramae,TRUE,all_together
17505,521 SNPs,0,0,0.999,0,0.001,0,0,guadarramae,TRUE,all_together
17506,521 SNPs,0,0,1,0,0,0,0,guadarramae,TRUE,all_together
17507,521 SNPs,0,0,1,0,0,0,0,guadarramae,TRUE,all_together
17508,521 SNPs,0,0,1,0,0,0,0,guadarramae,TRUE,all_together
17509,521 SNPs,0,0,1,0,0,0,0,guadarramae,TRUE,all_together
17510,521 SNPs,0,0,1,0,0,0,0,guadarramae,TRUE,all_together
17511,inferred_allopatric,0,0,1,0,0,0,0,guadarramae,TRUE,all_together
17512,inferred_allopatric,0,0,0,1,0,0,0,hispanicus,TRUE,all_together
17513,inferred_allopatric,0,0,0,1,0,0,0,hispanicus,TRUE,all_together
17514,1341 SNPs,0,0,0,1,0,0,0,hispanicus,TRUE,all_together
17515,inferred_allopatric,0,0,0,1,0,0,0,hispanicus,TRUE,all_together
17516,1341 SNPs,0,0,0,0.998,0.002,0,0,hispanicus,TRUE,all_together
17517,inferred_allopatric,0,0,0,1,0,0,0,hispanicus,TRUE,all_together
17518,1341 SNPs,0,0,0,1,0,0,0,hispanicus,TRUE,all_together
17519,1341 SNPs,0,0,0,1,0,0,0,hispanicus,TRUE,all_together
17520,1341 SNPs,0,0,0,1,0,0,0,hispanicus,TRUE,all_together
17521,1341 SNPs,0,0,0,1,0,0,0,hispanicus,TRUE,all_together
17522,1341 SNPs,0,0,0,1,0,0,0,hispanicus,TRUE,all_together
17523,1341 SNPs,0,0,0,1,0,0,0,hispanicus,TRUE,all_together
17524,1341 SNPs,0,0,0,1,0,0,0,hispanicus,TRUE,all_together
17525,1341 SNPs,0,0,0,0.999,0.001,0,0,hispanicus,TRUE,all_together
17526,inferred_allopatric,0,0,0,1,0,0,0,hispanicus,TRUE,all_together
17527,inferred_allopatric,0,0,0,1,0,0,0,hispanicus,TRUE,all_together
17528,1341 SNPs,0,0,0,0.999,0.001,0,0,hispanicus,TRUE,all_together
17529,1341 SNPs,0,0,0,1,0,0,0,hispanicus,TRUE,all_together
17530,1341 SNPs,0,0,0,1,0,0,0,hispanicus,TRUE,all_together
17531,1341 SNPs,0,0,0,1,0,0,0,hispanicus,TRUE,all_together
17532,1341 SNPs,0,0,0,1,0,0,0,hispanicus,TRUE,all_together
17533,1341 SNPs,0,0,0,1,0,0,0,hispanicus,TRUE,all_together
17534,1341 SNPs,0,0,0,1,0,0,0,hispanicus,TRUE,all_together
17546,inferred_allopatric,0,0,0,1,0,0,0,hispanicus,TRUE,all_together
17568,1341 SNPs,0,0,0,0.001,0.999,0,0,liolepis,TRUE,all_together
17569,1341 SNPs,0,0,0,0.042,0.958,0,0,liolepis,FALSE,all_together
17570,1341 SNPs,0,0,0,0.001,0.999,0,0,liolepis,TRUE,all_together
17571,inferred_allopatric,0,0,0,0.001,0.999,0,0,liolepis,TRUE,all_together
17572,1341 SNPs,0,0,0,0.001,0.999,0,0,liolepis,TRUE,all_together
17573,1341 SNPs,0,0,0,0.001,0.999,0,0,liolepis,TRUE,all_together
17574,1341 SNPs,0,0,0,0.001,0.999,0,0,liolepis,TRUE,all_together
17575,1341 SNPs,0,0,0,0.001,0.999,0,0,liolepis,TRUE,all_together
17576,1341 SNPs,0,0,0,0.001,0.999,0,0,liolepis,TRUE,all_together
17577,1341 SNPs,0,0,0,0,1,0,0,liolepis,TRUE,all_together
17578,1341 SNPs,0,0,0,0.001,0.999,0,0,liolepis,TRUE,all_together
17579,1341 SNPs,0,0,0,0.001,0.999,0,0,liolepis,TRUE,all_together
17580,inferred_allopatric,0,0,0,0.001,0.999,0,0,liolepis,TRUE,all_together
17581,1341 SNPs,0,0,0,0.002,0.998,0,0,liolepis,TRUE,all_together
17582,1341 SNPs,0,0,0,0,1,0,0,liolepis,TRUE,all_together
17583,inferred_allopatric,0,0,0,0.001,0.999,0,0,liolepis,TRUE,all_together
17584,1341 SNPs,0,0,0,0.001,0.999,0,0,liolepis,TRUE,all_together
17585,1341 SNPs,0,0,0,0.001,0.999,0,0,liolepis,TRUE,all_together
17586,1341 SNPs,0,0,0,0.016,0.984,0,0,liolepis,TRUE,all_together
17587,1341 SNPs,0,0,0,0.001,0.999,0,0,liolepis,TRUE,all_together
17588,1341 SNPs,0,0,0,0.001,0.999,0,0,liolepis,TRUE,all_together
17589,1341 SNPs,0,0,0,0.001,0.999,0,0,liolepis,TRUE,all_together
17590,1341 SNPs,0,0,0,0,1,0,0,liolepis,TRUE,all_together
17591,1341 SNPs,0,0,0,0.002,0.998,0,0,liolepis,TRUE,all_together
17592,1341 SNPs,0,0,0,0.001,0.999,0,0,liolepis,TRUE,all_together
17593,1341 SNPs,0,0,0,0.001,0.999,0,0,liolepis,TRUE,all_together
17594,1341 SNPs,0,0,0,0.001,0.999,0,0,liolepis,TRUE,all_together
17595,1341 SNPs,0,0,0,0,1,0,0,liolepis,TRUE,all_together
17606,inferred_allopatric,0,0,0,0,1,0,0,liolepis,TRUE,all_together
17607,inferred_allopatric,0,0,0,0,1,0,0,liolepis,TRUE,all_together
17609,inferred_allopatric,0,0,0,0,1,0,0,liolepis,TRUE,all_together
17611,inferred_allopatric,0,0,0,0,1,0,0,liolepis,TRUE,all_together
17612,inferred_allopatric,0,0,0,0,1,0,0,liolepis,TRUE,all_together
17613,inferred_allopatric,0,0,0,0,1,0,0,liolepis,TRUE,all_together
17614,inferred_allopatric,0,0,0,0,1,0,0,liolepis,TRUE,all_together
17615,inferred_allopatric,0,0,0,0,1,0,0,liolepis,TRUE,all_together
17616,inferred_allopatric,0,0,0,0,1,0,0,liolepis,TRUE,all_together
17617,inferred_allopatric,0,0,0,0,1,0,0,liolepis,TRUE,all_together
17618,inferred_allopatric,0,0,0,0,1,0,0,liolepis,TRUE,all_together
17619,inferred_allopatric,0,0,0,0,1,0,0,liolepis,TRUE,all_together
17620,inferred_allopatric,0,0,0,0,1,0,0,liolepis,TRUE,all_together
17621,inferred_allopatric,0,0,0,0,1,0,0,liolepis,TRUE,all_together
17622,inferred_allopatric,0,0,0,0,1,0,0,liolepis,TRUE,all_together
17623,inferred_allopatric,0,0,0,0,1,0,0,liolepis,TRUE,all_together
17624,inferred_allopatric,0,0,0,0,1,0,0,liolepis,TRUE,all_together
17625,inferred_allopatric,0,0,0,0,1,0,0,liolepis,TRUE,all_together
17626,inferred_allopatric,0,0,0,0,1,0,0,liolepis,TRUE,all_together
17627,inferred_allopatric,0,0,0,0,1,0,0,liolepis,TRUE,all_together
17628,inferred_allopatric,0,0,0,0,1,0,0,liolepis,TRUE,all_together
17629,inferred_allopatric,0,0,0,0,1,0,0,liolepis,TRUE,all_together
17632,inferred_allopatric,0,0,0,0,0.999,0,0.001,liolepis,TRUE,all_together
17633,527 SNPs,0,0,0,0,0.999,0,0.001,liolepis,TRUE,all_together
17634,527 SNPs,0,0,0,0,0.999,0,0.001,liolepis,TRUE,all_together
17635,527 SNPs,0,0,0,0,0.999,0,0.001,liolepis,TRUE,all_together
17636,inferred_allopatric,0,0,0,0,0.999,0,0.001,liolepis,TRUE,all_together
17637,527 SNPs,0,0,0,0,0.999,0,0.001,liolepis,TRUE,all_together
17638,527 SNPs,0,0,0,0,0.999,0,0.001,liolepis,TRUE,all_together
17639,527 SNPs,0,0,0,0,0.948,0,0.052,liolepis,FALSE,all_together
17640,527 SNPs,0,0,0,0,0.998,0,0.002,liolepis,TRUE,all_together
17641,527 SNPs,0,0,0,0,0.999,0,0.001,liolepis,TRUE,all_together
17642,527 SNPs,0,0,0,0,0.999,0,0.001,liolepis,TRUE,all_together
17643,527 SNPs,0,0,0,0,0.999,0,0.001,liolepis,TRUE,all_together
17644,inferred_allopatric,0,0,0,0,0.999,0,0.001,liolepis,TRUE,all_together
17645,527 SNPs,0,0,0,0,0.999,0,0.001,liolepis,TRUE,all_together
17646,527 SNPs,0,0,0,0,0.999,0,0.001,liolepis,TRUE,all_together
17647,527 SNPs,0,0,0,0,0.999,0,0.001,liolepis,TRUE,all_together
17648,527 SNPs,0,0,0,0,0.999,0,0.001,liolepis,TRUE,all_together
17649,527 SNPs,0,0,0,0,0.997,0,0.003,liolepis,TRUE,all_together
17650,527 SNPs,0,0,0,0,0.47,0,0.53,virescens,FALSE,all_together
17651,527 SNPs,0,0,0,0,0.998,0,0.002,liolepis,TRUE,all_together
17652,527 SNPs,0,0,0,0,0.999,0,0.001,liolepis,TRUE,all_together
17653,527 SNPs,0,0,0,0,0.998,0,0.002,liolepis,TRUE,all_together
17654,527 SNPs,0,0,0,0,0.999,0,0.001,liolepis,TRUE,all_together
17655,527 SNPs,0,0,0,0,0.999,0,0.001,liolepis,TRUE,all_together
17656,527 SNPs,0,0,0,0,0.999,0,0.001,liolepis,TRUE,all_together
17657,527 SNPs,0,0,0,0,0.998,0,0.002,liolepis,TRUE,all_together
17658,527 SNPs,0,0,0,0,0.999,0,0.001,liolepis,TRUE,all_together
17659,527 SNPs,0,0,0,0,0.998,0,0.002,liolepis,TRUE,all_together
17660,527 SNPs,0,0,0,0,0.999,0,0.001,liolepis,TRUE,all_together
17661,527 SNPs,0,0,0,0,0.999,0,0.001,liolepis,TRUE,all_together
17662,527 SNPs,0,0,0,0,0.999,0,0.001,liolepis,TRUE,all_together
17663,inferred_allopatric,0,0,0,0,0.999,0,0.001,liolepis,TRUE,all_together
17664,inferred_allopatric,0,0,0,0,1,0,0,liolepis,TRUE,all_together
17666,521 SNPs,0,0,0.003,0,0.997,0,0,liolepis,TRUE,all_together
17668,521 SNPs,0,0,0.001,0,0.999,0,0,liolepis,TRUE,all_together
17669,521 SNPs,0,0,0.001,0,0.999,0,0,liolepis,TRUE,all_together
17670,521 SNPs,0,0,0.001,0,0.999,0,0,liolepis,TRUE,all_together
17672,521 SNPs,0,0,0.001,0,0.999,0,0,liolepis,TRUE,all_together
17673,inferred_allopatric,0,0,0.001,0,0.999,0,0,liolepis,TRUE,all_together
17674,521 SNPs,0,0,0.001,0,0.999,0,0,liolepis,TRUE,all_together
17675,inferred_allopatric,0,0,0.001,0,0.999,0,0,liolepis,TRUE,all_together
17676,521 SNPs,0,0,0.001,0,0.999,0,0,liolepis,TRUE,all_together
17677,521 SNPs,0,0,0.002,0,0.998,0,0,liolepis,TRUE,all_together
17678,521 SNPs,0,0,0.001,0,0.999,0,0,liolepis,TRUE,all_together
17679,521 SNPs,0,0,0.001,0,0.999,0,0,liolepis,TRUE,all_together
17680,521 SNPs,0,0,0.001,0,0.999,0,0,liolepis,TRUE,all_together
17681,521 SNPs,0,0,0.001,0,0.999,0,0,liolepis,TRUE,all_together
17682,inferred_allopatric,0,0,0.001,0,0.999,0,0,liolepis,TRUE,all_together
17683,521 SNPs,0,0,0.001,0,0.999,0,0,liolepis,TRUE,all_together
17684,521 SNPs,0,0,0.001,0,0.999,0,0,liolepis,TRUE,all_together
17685,inferred_allopatric,0,0,0.001,0,0.999,0,0,liolepis,TRUE,all_together
17686,inferred_allopatric,0,0,0.001,0,0.999,0,0,liolepis,TRUE,all_together
17687,521 SNPs,0,0,0.001,0,0.999,0,0,liolepis,TRUE,all_together
17688,521 SNPs,0,0,0.001,0,0.999,0,0,liolepis,TRUE,all_together
17689,521 SNPs,0,0,0.001,0,0.999,0,0,liolepis,TRUE,all_together
17690,inferred_allopatric,0,0,0.001,0,0.999,0,0,liolepis,TRUE,all_together
17691,inferred_allopatric,0,0,0.001,0,0.999,0,0,liolepis,TRUE,all_together
17693,521 SNPs,0,0,0.001,0,0.999,0,0,liolepis,TRUE,all_together
17694,521 SNPs,0,0,0.001,0,0.999,0,0,liolepis,TRUE,all_together
17695,inferred_allopatric,0,0,0.001,0,0.999,0,0,liolepis,TRUE,all_together
17696,521 SNPs,0,0,0,0,1,0,0,liolepis,TRUE,all_together
17697,inferred_allopatric,0,0,0.001,0,0.999,0,0,liolepis,TRUE,all_together
17698,521 SNPs,0,0,0.001,0,0.999,0,0,liolepis,TRUE,all_together
17699,521 SNPs,0,0,0.001,0,0.999,0,0,liolepis,TRUE,all_together
17701,inferred_allopatric,0,0,0,0,1,0,0,liolepis,TRUE,all_together
17702,inferred_allopatric,0,0,0,0,1,0,0,liolepis,TRUE,all_together
17703,inferred_allopatric,0,0,0,0,1,0,0,liolepis,TRUE,all_together
17704,inferred_allopatric,0,0,0,0,1,0,0,liolepis,TRUE,all_together
17705,inferred_allopatric,0,0,0,0,1,0,0,liolepis,TRUE,all_together
17706,inferred_allopatric,0,0,0,0,1,0,0,liolepis,TRUE,all_together
17707,inferred_allopatric,0,0,0,0,1,0,0,liolepis,TRUE,all_together
17708,inferred_allopatric,0,0,0,0,1,0,0,liolepis,TRUE,all_together
17709,inferred_allopatric,0,0,0,0,1,0,0,liolepis,TRUE,all_together
17710,inferred_allopatric,0,0,0,0,1,0,0,liolepis,TRUE,all_together
17711,inferred_allopatric,0,0,0,0,1,0,0,liolepis,TRUE,all_together
17712,inferred_allopatric,0,0,0,0,1,0,0,liolepis,TRUE,all_together
17713,inferred_allopatric,0,0,0,0,1,0,0,liolepis,TRUE,all_together
17714,inferred_allopatric,0,0,0,0,0,1,0,vaucheri,TRUE,all_together
17715,inferred_allopatric,0,0,0,0,0,1,0,vaucheri,TRUE,all_together
17716,inferred_allopatric,0,0,0,0,0,1,0,vaucheri,TRUE,all_together
17717,inferred_allopatric,0,0,0,0,0,1,0,vaucheri,TRUE,all_together
17718,inferred_allopatric,0,0,0,0,0,1,0,vaucheri,TRUE,all_together
17719,inferred_allopatric,0,0,0,0,0,1,0,vaucheri,TRUE,all_together
17720,inferred_allopatric,0,0,0,0,0,1,0,vaucheri,TRUE,all_together
17721,inferred_allopatric,0,0,0,0,0,1,0,vaucheri,TRUE,all_together
17722,inferred_allopatric,0,0,0,0,0,1,0,vaucheri,TRUE,all_together
17723,inferred_allopatric,0,0,0,0,0,1,0,vaucheri,TRUE,all_together
17724,inferred_allopatric,0,0,0,0,0,1,0,vaucheri,TRUE,all_together
17725,inferred_allopatric,0,0,0,0,0,1,0,vaucheri,TRUE,all_together
17726,inferred_allopatric,0,0,0,0,0,1,0,vaucheri,TRUE,all_together
17727,inferred_allopatric,0,0,0,0,0,1,0,vaucheri,TRUE,all_together
17728,inferred_allopatric,0,0,0,0,0,1,0,vaucheri,TRUE,all_together
17729,inferred_allopatric,0,0,0,0,0,1,0,vaucheri,TRUE,all_together
17730,inferred_allopatric,0,0,0,0,0,1,0,vaucheri,TRUE,all_together
17731,inferred_allopatric,0,0,0,0,0,1,0,vaucheri,TRUE,all_together
17732,inferred_allopatric,0,0,0,0,0,1,0,vaucheri,TRUE,all_together
17733,inferred_allopatric,0,0,0,0,0,1,0,vaucheri,TRUE,all_together
17734,inferred_allopatric,0,0,0,0,0,1,0,vaucheri,TRUE,all_together
17735,inferred_allopatric,0,0,0,0,0,1,0,vaucheri,TRUE,all_together
17736,inferred_allopatric,0,0,0,0,0,1,0,vaucheri,TRUE,all_together
17737,inferred_allopatric,0,0,0,0,0,1,0,vaucheri,TRUE,all_together
17738,inferred_allopatric,0,0,0,0,0,1,0,vaucheri,TRUE,all_together
17739,inferred_allopatric,0,0,0,0,0,1,0,vaucheri,TRUE,all_together
17740,inferred_allopatric,0,0,0,0,0,1,0,vaucheri,TRUE,all_together
17741,inferred_allopatric,0,0,0,0,0,1,0,vaucheri,TRUE,all_together
17742,inferred_allopatric,0,0,0,0,0,1,0,vaucheri,TRUE,all_together
17743,inferred_allopatric,0,0,0,0,0,1,0,vaucheri,TRUE,all_together
17744,inferred_allopatric,0,0,0,0,0,1,0,vaucheri,TRUE,all_together
17745,inferred_allopatric,0,0,0,0,0,1,0,vaucheri,TRUE,all_together
17746,16739 SNP,0,0,0,0,0,0.945,0.055,vaucheri,FALSE,all_together
17747,16739 SNP,0,0,0,0,0,0.985,0.015,vaucheri,TRUE,all_together
17748,16739 SNP,0,0,0,0,0,0.998,0.002,vaucheri,TRUE,all_together
17749,16739 SNP,0,0,0,0,0,0.997,0.003,vaucheri,TRUE,all_together
17750,inferred_allopatric,0,0,0,0,0,1,0,vaucheri,TRUE,all_together
17752,inferred_allopatric,0,0,0,0,0,1,0,vaucheri,TRUE,all_together
17753,inferred_allopatric,0,0,0,0,0,1,0,vaucheri,TRUE,all_together
17754,inferred_allopatric,0,0,0,0,0,1,0,vaucheri,TRUE,all_together
17755,inferred_allopatric,0,0,0,0,0,1,0,vaucheri,TRUE,all_together
17757,inferred_allopatric,0,0,0,0,0,1,0,vaucheri,TRUE,all_together
17758,inferred_allopatric,0,0,0,0,0,1,0,vaucheri,TRUE,all_together
17759,inferred_allopatric,0,0,0,0,0,1,0,vaucheri,TRUE,all_together
17764,inferred_allopatric,0,0,0,0,0,1,0,vaucheri,TRUE,all_together
17765,16739 SNP,0,0,0,0,0,1,0,vaucheri,TRUE,all_together
17766,16739 SNP,0,0,0,0,0,1,0,vaucheri,TRUE,all_together
17767,16739 SNP,0,0,0,0,0,1,0,vaucheri,TRUE,all_together
17768,16739 SNP,0,0,0,0,0,1,0,vaucheri,TRUE,all_together
17769,16739 SNP,0,0,0,0,0,1,0,vaucheri,TRUE,all_together
17770,16739 SNP,0,0,0,0,0,1,0,vaucheri,TRUE,all_together
17771,16739 SNP,0,0,0,0,0,1,0,vaucheri,TRUE,all_together
17772,16739 SNP,0,0,0,0,0,1,0,vaucheri,TRUE,all_together
17773,16739 SNP,0,0,0,0,0,1,0,vaucheri,TRUE,all_together
17774,16739 SNP,0,0,0,0,0,1,0,vaucheri,TRUE,all_together
17775,16739 SNP,0,0,0,0,0,1,0,vaucheri,TRUE,all_together
17776,16739 SNP,0,0,0,0,0,1,0,vaucheri,TRUE,all_together
17777,16739 SNP,0,0,0,0,0,1,0,vaucheri,TRUE,all_together
17778,16739 SNP,0,0,0,0,0,1,0,vaucheri,TRUE,all_together
17779,16739 SNP,0,0,0,0,0,1,0,vaucheri,TRUE,all_together
17780,16739 SNP,0,0,0,0,0,1,0,vaucheri,TRUE,all_together
17781,16739 SNP,0,0,0,0,0,1,0,vaucheri,TRUE,all_together
17782,16739 SNP,0,0,0,0,0,1,0,vaucheri,TRUE,all_together
17783,16739 SNP,0,0,0,0,0,1,0,vaucheri,TRUE,all_together
17784,16739 SNP,0,0,0,0,0,1,0,vaucheri,TRUE,all_together
17785,16739 SNP,0,0,0,0,0,1,0,vaucheri,TRUE,all_together
17786,16739 SNP,0,0,0,0,0,1,0,vaucheri,TRUE,all_together
17787,16739 SNP,0,0,0,0,0,1,0,vaucheri,TRUE,all_together
17788,16739 SNP,0,0,0,0,0,1,0,vaucheri,TRUE,all_together
17789,16739 SNP,0,0,0,0,0,1,0,vaucheri,TRUE,all_together
17790,16739 SNP,0,0,0,0,0,0.999,0.001,vaucheri,TRUE,all_together
17791,16739 SNP,0,0,0,0,0,1,0,vaucheri,TRUE,all_together
17792,16739 SNP,0,0,0,0,0,1,0,vaucheri,TRUE,all_together
17793,16739 SNP,0,0,0,0,0,1,0,vaucheri,TRUE,all_together
17794,16739 SNP,0,0,0,0,0,1,0,vaucheri,TRUE,all_together
17795,16739 SNP,0,0,0,0,0,1,0,vaucheri,TRUE,all_together
17796,16739 SNP,0,0,0,0,0,1,0,vaucheri,TRUE,all_together
17797,16739 SNP,0,0,0,0,0,1,0,vaucheri,TRUE,all_together
17798,16739 SNP,0,0,0,0,0,1,0,vaucheri,TRUE,all_together
17799,16739 SNP,0,0,0,0,0,0,1,virescens,TRUE,all_together
17810,16739 SNP,0,0,0,0,0,0,1,virescens,TRUE,all_together
17811,16739 SNP,0,0,0,0,0,0,1,virescens,TRUE,all_together
17812,16739 SNP,0,0,0,0,0,0,1,virescens,TRUE,all_together
17813,16739 SNP,0,0,0,0,0,0,1,virescens,TRUE,all_together
17814,inferred_allopatric,0,0,0,0,0,0,1,virescens,TRUE,all_together
17815,inferred_allopatric,0,0,0,0,0,0,1,virescens,TRUE,all_together
17816,inferred_allopatric,0,0,0,0,0,0,1,virescens,TRUE,all_together
17817,inferred_allopatric,0,0,0,0,0,0,1,virescens,TRUE,all_together
17818,inferred_allopatric,0,0,0,0,0,0,1,virescens,TRUE,all_together
17819,inferred_allopatric,0,0,0,0,0,0,1,virescens,TRUE,all_together
17820,inferred_allopatric,0,0,0,0,0,0,1,virescens,TRUE,all_together
17821,inferred_allopatric,0,0,0,0,0,0,1,virescens,TRUE,all_together
17822,inferred_allopatric,0,0,0,0,0,0,1,virescens,TRUE,all_together
17823,inferred_allopatric,0,0,0,0,0,0,1,virescens,TRUE,all_together
17824,16739 SNP,0,0,0,0,0,0,1,virescens,TRUE,all_together
17825,16739 SNP,0,0,0,0,0,0,1,virescens,TRUE,all_together
17826,16739 SNP,0,0,0,0,0,0,1,virescens,TRUE,all_together
17827,16739 SNP,0,0,0,0,0,0,1,virescens,TRUE,all_together
17828,16739 SNP,0,0,0,0,0,0,1,virescens,TRUE,all_together
17829,16739 SNP,0,0,0,0,0,0,1,virescens,TRUE,all_together
17830,16739 SNP,0,0,0,0,0,0,1,virescens,TRUE,all_together
17831,16739 SNP,0,0,0,0,0,0,1,virescens,TRUE,all_together
17832,16739 SNP,0,0,0,0,0,0,1,virescens,TRUE,all_together
17833,16739 SNP,0,0,0,0,0,0,1,virescens,TRUE,all_together
17834,16739 SNP,0,0,0,0,0,0,1,virescens,TRUE,all_together
17835,16739 SNP,0,0,0,0,0,0.054,0.946,virescens,FALSE,all_together
17836,16739 SNP,0,0,0,0,0,0.28,0.72,virescens,FALSE,all_together
17837,16739 SNP,0,0,0,0,0,0,1,virescens,TRUE,all_together
17838,16739 SNP,0,0,0,0,0,0,1,virescens,TRUE,all_together
17849,16739 SNP,0,0,0,0,0,0,1,virescens,TRUE,all_together
17850,16739 SNP,0,0,0,0,0,0,1,virescens,TRUE,all_together
17851,16739 SNP,0,0,0,0,0,0,1,virescens,TRUE,all_together
17852,inferred_allopatric,0,0,0,0,0,0,1,virescens,TRUE,all_together
17853,inferred_allopatric,0,0,0,0,0,0,1,virescens,TRUE,all_together
17854,inferred_allopatric,0,0,0,0,0,0,1,virescens,TRUE,all_together
17855,inferred_allopatric,0,0,0,0,0,0,1,virescens,TRUE,all_together
17856,inferred_allopatric,0,0,0,0,0,0,1,virescens,TRUE,all_together
17857,inferred_allopatric,0,0,0,0,0,0,1,virescens,TRUE,all_together
17858,inferred_allopatric,0,0,0,0,0,0,1,virescens,TRUE,all_together
17859,inferred_allopatric,0,0,0,0,0,0,1,virescens,TRUE,all_together
17860,inferred_allopatric,0,0,0,0,0,0,1,virescens,TRUE,all_together
17861,inferred_allopatric,0,0,0,0,0,0,1,virescens,TRUE,all_together
17862,inferred_allopatric,0,0,0,0,0,0,1,virescens,TRUE,all_together
17863,inferred_allopatric,0,0,0,0,0,0,1,virescens,TRUE,all_together
17864,inferred_allopatric,0,0,0,0,0,0,1,virescens,TRUE,all_together
17865,inferred_allopatric,0,0,0,0,0,0,1,virescens,TRUE,all_together
17867,inferred_allopatric,0,0,0,0,0,0,1,virescens,TRUE,all_together
17868,inferred_allopatric,0,0,0,0,0,0,1,virescens,TRUE,all_together
17869,inferred_allopatric,0,0,0,0,0,0,1,virescens,TRUE,all_together
17870,inferred_allopatric,0,0,0,0,0,0,1,virescens,TRUE,all_together
17888,inferred_allopatric,0,0,0,0,0,0,1,virescens,TRUE,all_together
17889,inferred_allopatric,0,0,0,0,0,0,1,virescens,TRUE,all_together
17890,inferred_allopatric,0,0,0,0,0,0,1,virescens,TRUE,all_together
17891,inferred_allopatric,0,0,0,0,0,0,1,virescens,TRUE,all_together
17892,inferred_allopatric,0,0,0,0,0,0,1,virescens,TRUE,all_together
17893,inferred_allopatric,0,0,0,0,0,0,1,virescens,TRUE,all_together
17894,inferred_allopatric,0,0,0,0,0,0,1,virescens,TRUE,all_together
17895,inferred_allopatric,0,0,0,0,0,0,1,virescens,TRUE,all_together
17896,inferred_allopatric,0,0,0,0,0,0,1,virescens,TRUE,all_together
17897,inferred_allopatric,0,0,0,0,0,0,1,virescens,TRUE,all_together
17898,inferred_allopatric,0,0,0,0,0,0,1,virescens,TRUE,all_together
17899,inferred_allopatric,0,0,0,0,0,0,1,virescens,TRUE,all_together
17900,inferred_allopatric,0,0,0,0,0,0,1,virescens,TRUE,all_together
17901,inferred_allopatric,0,0,0,0,0,0,1,virescens,TRUE,all_together
17902,inferred_allopatric,0,0,0,0,0,0,1,virescens,TRUE,all_together
17903,inferred_allopatric,0,0,0,0,0,0,1,virescens,TRUE,all_together
17904,inferred_allopatric,0,0,0,0,0,0,1,virescens,TRUE,all_together
17905,inferred_allopatric,0,0,0,0,0,0,1,virescens,TRUE,all_together
17907,inferred_allopatric,0,0,0,0,0,0,1,virescens,TRUE,all_together
17908,inferred_allopatric,0,0,0,0,0,0,1,virescens,TRUE,all_together
17909,inferred_allopatric,0,0,0,0,0,0,1,virescens,TRUE,all_together
17910,inferred_allopatric,0,0,0,0,0,0,1,virescens,TRUE,all_together
17911,inferred_allopatric,0,0,0,0,0,0,1,virescens,TRUE,all_together
17912,inferred_allopatric,0,0,0,0,0,0,1,virescens,TRUE,all_together
17913,inferred_allopatric,0,0,0,0,0,0,1,virescens,TRUE,all_together
17914,inferred_allopatric,0,0,0,0,0,0,1,virescens,TRUE,all_together
17915,inferred_allopatric,0,0,0,0,0,0,1,virescens,TRUE,all_together
17916,inferred_allopatric,0,0,0,0,0,0,1,virescens,TRUE,all_together
17917,inferred_allopatric,0,0,0,0,0,0,1,virescens,TRUE,all_together
17918,inferred_allopatric,0,0,0,0,0,0,1,virescens,TRUE,all_together
17919,inferred_allopatric,0,0,0,0,0,0,1,virescens,TRUE,all_together
17920,inferred_allopatric,0,0,0,0,0,0,1,virescens,TRUE,all_together
17921,inferred_allopatric,0,0,0,0,0,0,1,virescens,TRUE,all_together
17922,inferred_allopatric,0,0,0,0,0,0,1,virescens,TRUE,all_together
17923,inferred_allopatric,0,0,0,0,0,0,1,virescens,TRUE,all_together
17924,inferred_allopatric,0,0,0,0,0,0,1,virescens,TRUE,all_together
17925,inferred_allopatric,0,0,0,0,0,0,1,virescens,TRUE,all_together
17926,inferred_allopatric,0,0,0,0,0,0,1,virescens,TRUE,all_together
17928,527 SNPs,0,0,0,0,0.002,0,0.998,virescens,TRUE,all_together
17930,527 SNPs,0,0,0,0,0.001,0,0.999,virescens,TRUE,all_together
17931,527 SNPs,0,0,0,0,0.037,0,0.963,virescens,FALSE,all_together
17932,527 SNPs,0,0,0,0,0,0,1,virescens,TRUE,all_together
17933,527 SNPs,0,0,0,0,0,0,1,virescens,TRUE,all_together
17934,527 SNPs,0,0,0,0,0,0,1,virescens,TRUE,all_together
17935,527 SNPs,0,0,0,0,0,0,1,virescens,TRUE,all_together
17936,527 SNPs,0,0,0,0,0,0,1,virescens,TRUE,all_together
17937,527 SNPs,0,0,0,0,0.001,0,0.999,virescens,TRUE,all_together
17938,527 SNPs,0,0,0,0,0.001,0,0.999,virescens,TRUE,all_together
17939,527 SNPs,0,0,0,0,0,0,1,virescens,TRUE,all_together
17940,527 SNPs,0,0,0,0,0,0,1,virescens,TRUE,all_together
17941,527 SNPs,0,0,0,0,0,0,1,virescens,TRUE,all_together
17942,527 SNPs,0,0,0,0,0.001,0,0.999,virescens,TRUE,all_together
17943,527 SNPs,0,0,0,0,0,0,1,virescens,TRUE,all_together
17944,527 SNPs,0,0,0,0,0,0,1,virescens,TRUE,all_together
17945,527 SNPs,0,0,0,0,0,0,1,virescens,TRUE,all_together
17946,527 SNPs,0,0,0,0,0.001,0,0.999,virescens,TRUE,all_together
17947,527 SNPs,0,0,0,0,0.001,0,0.999,virescens,TRUE,all_together
17948,527 SNPs,0,0,0,0,0,0,1,virescens,TRUE,all_together
17949,527 SNPs,0,0,0,0,0.001,0,0.999,virescens,TRUE,all_together
17950,527 SNPs,0,0,0,0,0.002,0,0.998,virescens,TRUE,all_together
17951,527 SNPs,0,0,0,0,0.001,0,0.999,virescens,TRUE,all_together
17952,527 SNPs,0,0,0,0,0.001,0,0.999,virescens,TRUE,all_together
17953,527 SNPs,0,0,0,0,0.012,0,0.988,virescens,TRUE,all_together
17954,527 SNPs,0,0,0,0,0,0,1,virescens,TRUE,all_together
17955,527 SNPs,0,0,0,0,0.001,0,0.999,virescens,TRUE,all_together
17956,527 SNPs,0,0,0,0,0,0,1,virescens,TRUE,all_together
17958,527 SNPs,0,0,0,0,0,0,1,virescens,TRUE,all_together
17959,527 SNPs,0,0,0,0,0.001,0,0.999,virescens,TRUE,all_together
17961,527 SNPs,0,0,0,0,0.001,0,0.999,virescens,TRUE,all_together
17962,527 SNPs,0,0,0,0,0.432,0,0.568,virescens,FALSE,all_together
17963,527 SNPs,0,0,0,0,0.001,0,0.999,virescens,TRUE,all_together
17965,527 SNPs,0,0,0,0,0.001,0,0.999,virescens,TRUE,all_together
17966,527 SNPs,0,0,0,0,0.003,0,0.997,virescens,TRUE,all_together
17967,527 SNPs,0,0,0,0,0.001,0,0.999,virescens,TRUE,all_together
17968,inferred_allopatric,0,0,0,0,0,0,1,virescens,TRUE,all_together
17969,inferred_allopatric,0,0,0,0,0,0,1,virescens,TRUE,all_together
17970,inferred_allopatric,0,0,0.002,0,0,0,0.998,virescens,TRUE,all_together
17971,515 SNPs,0,0,0.002,0,0,0,0.998,virescens,TRUE,all_together
17972,515 SNPs,0,0,0.003,0,0,0,0.997,virescens,TRUE,all_together
17973,515 SNPs,0,0,0.001,0,0,0,0.999,virescens,TRUE,all_together
17974,515 SNPs,0,0,0,0,0,0,1,virescens,TRUE,all_together
17975,515 SNPs,0,0,0.001,0,0,0,0.999,virescens,TRUE,all_together
17976,inferred_allopatric,0,0,0,0,0,0,1,virescens,TRUE,all_together
17977,515 SNPs,0,0,0.001,0,0,0,0.999,virescens,TRUE,all_together
17978,inferred_allopatric,0,0,0,0,0,0,1,virescens,TRUE,all_together
17979,515 SNPs,0,0,0,0,0,0,1,virescens,TRUE,all_together
17980,515 SNPs,0,0,0,0,0,0,1,virescens,TRUE,all_together
17981,515 SNPs,0,0,0,0,0,0,1,virescens,TRUE,all_together
17982,inferred_allopatric,0,0,0,0,0,0,1,virescens,TRUE,all_together
17983,515 SNPs,0,0,0,0,0,0,1,virescens,TRUE,all_together
17984,inferred_allopatric,0,0,0.001,0,0,0,0.999,virescens,TRUE,all_together
17985,515 SNPs,0,0,0.001,0,0,0,0.999,virescens,TRUE,all_together
17986,inferred_allopatric,0,0,0.001,0,0,0,0.999,virescens,TRUE,all_together
17987,515 SNPs,0,0,0.001,0,0,0,0.999,virescens,TRUE,all_together
17988,515 SNPs,0,0,0.001,0,0,0,0.999,virescens,TRUE,all_together
17989,inferred_allopatric,0,0,0.001,0,0,0,0.999,virescens,TRUE,all_together
17990,515 SNPs,0,0,0.001,0,0,0,0.999,virescens,TRUE,all_together
17991,515 SNPs,0,0,0,0,0,0,1,virescens,TRUE,all_together
17992,515 SNPs,0,0,0.001,0,0,0,0.999,virescens,TRUE,all_together
17993,515 SNPs,0,0,0,0,0,0,1,virescens,TRUE,all_together
17994,515 SNPs,0,0,0.001,0,0,0,0.999,virescens,TRUE,all_together
17995,515 SNPs,0,0,0,0,0,0,1,virescens,TRUE,all_together
17996,515 SNPs,0,0,0.001,0,0,0,0.999,virescens,TRUE,all_together
17997,515 SNPs,0,0,0.001,0,0,0,0.999,virescens,TRUE,all_together
17998,inferred_allopatric,0,0,0.001,0,0,0,0.999,virescens,TRUE,all_together
17999,515 SNPs,0,0,0,0,0,0,1,virescens,TRUE,all_together
18000,515 SNPs,0,0,0,0,0,0,1,virescens,TRUE,all_together
18001,515 SNPs,0,0,0.001,0,0,0,0.999,virescens,TRUE,all_together
18002,515 SNPs,0,0,0,0,0,0,1,virescens,TRUE,all_together
18003,inferred_allopatric,0,0,0.001,0,0,0,0.999,virescens,TRUE,all_together
18004,inferred_allopatric,0,0,0.001,0,0,0,0.999,virescens,TRUE,all_together
18005,515 SNPs,0,0,0,0,0,0,1,virescens,TRUE,all_together
18006,515 SNPs,0,0,0.001,0,0,0,0.999,virescens,TRUE,all_together
18007,515 SNPs,0,0,0.001,0,0,0,0.999,virescens,TRUE,all_together
18008,515 SNPs,0,0,0,0,0,0,1,virescens,TRUE,all_together
18009,inferred_allopatric,0,0,0,0,0,0,1,virescens,TRUE,all_together
18010,515 SNPs,0,0,0,0,0,0,1,virescens,TRUE,all_together
18011,515 SNPs,0,0,0.001,0,0,0,0.999,virescens,TRUE,all_together
17756,inferred_allopatric,0,0,0,0,0,1,0,vaucheri,TRUE,all_together
