"INDIVIDUAL_ID","MARKER","AEGYPTIACA","SENEGALENSIS","SPECIES","CLEAR","HYBRID_ZONE"
"16563","10759_SNP",0.999969,3.1e-05,"aegyptiaca",TRUE,"aegyptiaca_senegalensis"
"16564","10759_SNP",0.999968,3.2e-05,"aegyptiaca",TRUE,"aegyptiaca_senegalensis"
"16565","10759_SNP",0.999968,3.2e-05,"aegyptiaca",TRUE,"aegyptiaca_senegalensis"
"16566","10759_SNP",0.999968,3.2e-05,"aegyptiaca",TRUE,"aegyptiaca_senegalensis"
"16567","10759_SNP",0.999969,3.1e-05,"aegyptiaca",TRUE,"aegyptiaca_senegalensis"
"16568","10759_SNP",0.999968,3.2e-05,"aegyptiaca",TRUE,"aegyptiaca_senegalensis"
"16569","10759_SNP",0.999968,3.2e-05,"aegyptiaca",TRUE,"aegyptiaca_senegalensis"
"16570","10759_SNP",0.999968,3.2e-05,"aegyptiaca",TRUE,"aegyptiaca_senegalensis"
"16571","10759_SNP",0.99997,3e-05,"aegyptiaca",TRUE,"aegyptiaca_senegalensis"
"16572","10759_SNP",0.999967,3.3e-05,"aegyptiaca",TRUE,"aegyptiaca_senegalensis"
"16595","10759_SNP",0.999942,5.8e-05,"aegyptiaca",TRUE,"aegyptiaca_senegalensis"
"16596","inferred_allopatric",0.999948,5.2e-05,"aegyptiaca",TRUE,"aegyptiaca_senegalensis"
"16597","inferred_allopatric",0.999948,5.2e-05,"aegyptiaca",TRUE,"aegyptiaca_senegalensis"
"16598","inferred_allopatric",0.999948,5.2e-05,"aegyptiaca",TRUE,"aegyptiaca_senegalensis"
"16599","10759_SNP",0.999954,4.6e-05,"aegyptiaca",TRUE,"aegyptiaca_senegalensis"
"16600","inferred_allopatric",0.999948,5.2e-05,"aegyptiaca",TRUE,"aegyptiaca_senegalensis"
"16601","10759_SNP",0.745518,0.254482,"aegyptiaca",FALSE,"aegyptiaca_senegalensis"
"16602","10759_SNP",0.999969,3.1e-05,"aegyptiaca",TRUE,"aegyptiaca_senegalensis"
"16603","10759_SNP",0.999968,3.2e-05,"aegyptiaca",TRUE,"aegyptiaca_senegalensis"
"16604","10759_SNP",0.999968,3.2e-05,"aegyptiaca",TRUE,"aegyptiaca_senegalensis"
"16605","10759_SNP",0.999969,3.1e-05,"aegyptiaca",TRUE,"aegyptiaca_senegalensis"
"16606","10759_SNP",0.999969,3.1e-05,"aegyptiaca",TRUE,"aegyptiaca_senegalensis"
"16607","10759_SNP",0.999968,3.2e-05,"aegyptiaca",TRUE,"aegyptiaca_senegalensis"
"16608","10759_SNP",0.999969,3.1e-05,"aegyptiaca",TRUE,"aegyptiaca_senegalensis"
"16609","10759_SNP",0.999968,3.2e-05,"aegyptiaca",TRUE,"aegyptiaca_senegalensis"
"16627","10759_SNP",0.999917,8.3e-05,"aegyptiaca",TRUE,"aegyptiaca_senegalensis"
"16628","10759_SNP",0.987673,0.012327,"aegyptiaca",TRUE,"aegyptiaca_senegalensis"
"16629","10759_SNP",0.980147,0.019853,"aegyptiaca",TRUE,"aegyptiaca_senegalensis"
"16630","10759_SNP",0.999957,4.3e-05,"aegyptiaca",TRUE,"aegyptiaca_senegalensis"
"16631","10759_SNP",0.920601,0.079399,"aegyptiaca",FALSE,"aegyptiaca_senegalensis"
"16632","10759_SNP",0.999955,4.5e-05,"aegyptiaca",TRUE,"aegyptiaca_senegalensis"
"16636","10759_SNP",0.996171,0.003829,"aegyptiaca",TRUE,"aegyptiaca_senegalensis"
"16637","10759_SNP",0.999939,6.1e-05,"aegyptiaca",TRUE,"aegyptiaca_senegalensis"
"16638","10759_SNP",0.987582,0.012418,"aegyptiaca",TRUE,"aegyptiaca_senegalensis"
"16639","10759_SNP",0.999932,6.8e-05,"aegyptiaca",TRUE,"aegyptiaca_senegalensis"
"16640","10759_SNP",0.989429,0.010571,"aegyptiaca",TRUE,"aegyptiaca_senegalensis"
"16641","10759_SNP",0.984753,0.015247,"aegyptiaca",TRUE,"aegyptiaca_senegalensis"
"16642","10759_SNP",0.996578,0.003422,"aegyptiaca",TRUE,"aegyptiaca_senegalensis"
"16643","10759_SNP",0.981975,0.018025,"aegyptiaca",TRUE,"aegyptiaca_senegalensis"
"16644","10759_SNP",0.967311,0.032689,"aegyptiaca",FALSE,"aegyptiaca_senegalensis"
"16645","10759_SNP",0.898146,0.101854,"aegyptiaca",FALSE,"aegyptiaca_senegalensis"
"16646","10759_SNP",0.961367,0.038633,"aegyptiaca",FALSE,"aegyptiaca_senegalensis"
"16647","10759_SNP",0.768467,0.231533,"aegyptiaca",FALSE,"aegyptiaca_senegalensis"
"16648","10759_SNP",0.999956,4.4e-05,"aegyptiaca",TRUE,"aegyptiaca_senegalensis"
"16649","inferred_allopatric",0,1,"senegalensis",TRUE,"aegyptiaca_senegalensis"
"16671","10759_SNP",0.999964,3.6e-05,"aegyptiaca",TRUE,"aegyptiaca_senegalensis"
"16672","10759_SNP",0.999965,3.5e-05,"aegyptiaca",TRUE,"aegyptiaca_senegalensis"
"16673","10759_SNP",0.999965,3.5e-05,"aegyptiaca",TRUE,"aegyptiaca_senegalensis"
"16674","10759_SNP",0.999966,3.4e-05,"aegyptiaca",TRUE,"aegyptiaca_senegalensis"
"16675","10759_SNP",0.999965,3.5e-05,"aegyptiaca",TRUE,"aegyptiaca_senegalensis"
"16676","10759_SNP",0.999963,3.7e-05,"aegyptiaca",TRUE,"aegyptiaca_senegalensis"
"16677","10759_SNP",0.999964,3.6e-05,"aegyptiaca",TRUE,"aegyptiaca_senegalensis"
"16678","10759_SNP",0.999966,3.4e-05,"aegyptiaca",TRUE,"aegyptiaca_senegalensis"
"16679","10759_SNP",0.999964,3.6e-05,"aegyptiaca",TRUE,"aegyptiaca_senegalensis"
"16680","10759_SNP",0.999966,3.4e-05,"aegyptiaca",TRUE,"aegyptiaca_senegalensis"
"16681","10759_SNP",0.999965,3.5e-05,"aegyptiaca",TRUE,"aegyptiaca_senegalensis"
"16682","10759_SNP",0.999966,3.4e-05,"aegyptiaca",TRUE,"aegyptiaca_senegalensis"
"16683","10759_SNP",0.999966,3.4e-05,"aegyptiaca",TRUE,"aegyptiaca_senegalensis"
"16684","10759_SNP",0.999965,3.5e-05,"aegyptiaca",TRUE,"aegyptiaca_senegalensis"
"16685","10759_SNP",0.999964,3.6e-05,"aegyptiaca",TRUE,"aegyptiaca_senegalensis"
"16686","10759_SNP",0.999966,3.4e-05,"aegyptiaca",TRUE,"aegyptiaca_senegalensis"
"16687","10759_SNP",0.999966,3.4e-05,"aegyptiaca",TRUE,"aegyptiaca_senegalensis"
"16688","10759_SNP",0.999964,3.6e-05,"aegyptiaca",TRUE,"aegyptiaca_senegalensis"
"16689","10759_SNP",0.999965,3.5e-05,"aegyptiaca",TRUE,"aegyptiaca_senegalensis"
"16690","inferred_allopatric",0.999965153846154,3.48461538461538e-05,"aegyptiaca",TRUE,"aegyptiaca_senegalensis"
"16709","10759_SNP",0.999964,3.6e-05,"aegyptiaca",TRUE,"aegyptiaca_senegalensis"
"16710","10759_SNP",0.999962,3.8e-05,"aegyptiaca",TRUE,"aegyptiaca_senegalensis"
"16712","inferred_allopatric",0.999964285714286,3.57142857142857e-05,"aegyptiaca",TRUE,"aegyptiaca_senegalensis"
"16713","10759_SNP",0.999965,3.5e-05,"aegyptiaca",TRUE,"aegyptiaca_senegalensis"
"16714","10759_SNP",0.999963,3.7e-05,"aegyptiaca",TRUE,"aegyptiaca_senegalensis"
"16715","10759_SNP",0.999966,3.4e-05,"aegyptiaca",TRUE,"aegyptiaca_senegalensis"
"16716","10759_SNP",0.999965,3.5e-05,"aegyptiaca",TRUE,"aegyptiaca_senegalensis"
"16717","10759_SNP",0.999962,3.8e-05,"aegyptiaca",TRUE,"aegyptiaca_senegalensis"
"16718","10759_SNP",0.999965,3.5e-05,"aegyptiaca",TRUE,"aegyptiaca_senegalensis"
"16573","10759_SNP",3.4e-05,0.999966,"senegalensis",TRUE,"aegyptiaca_senegalensis"
"16574","10759_SNP",3.5e-05,0.999965,"senegalensis",TRUE,"aegyptiaca_senegalensis"
"16575","10759_SNP",3.9e-05,0.999961,"senegalensis",TRUE,"aegyptiaca_senegalensis"
"16576","inferred_allopatric",0.0009275,0.9990725,"senegalensis",TRUE,"aegyptiaca_senegalensis"
"16577","10759_SNP",0.004384,0.995616,"senegalensis",TRUE,"aegyptiaca_senegalensis"
"16578","10759_SNP",0.002807,0.997193,"senegalensis",TRUE,"aegyptiaca_senegalensis"
"16579","10759_SNP",3.5e-05,0.999965,"senegalensis",TRUE,"aegyptiaca_senegalensis"
"16580","10759_SNP",3.5e-05,0.999965,"senegalensis",TRUE,"aegyptiaca_senegalensis"
"16581","10759_SNP",3.3e-05,0.999967,"senegalensis",TRUE,"aegyptiaca_senegalensis"
"16583","10759_SNP",3.3e-05,0.999967,"senegalensis",TRUE,"aegyptiaca_senegalensis"
"16584","10759_SNP",8.3e-05,0.999917,"senegalensis",TRUE,"aegyptiaca_senegalensis"
"16585","10759_SNP",3.3e-05,0.999967,"senegalensis",TRUE,"aegyptiaca_senegalensis"
"16586","10759_SNP",3.3e-05,0.999967,"senegalensis",TRUE,"aegyptiaca_senegalensis"
"16587","10759_SNP",3.5e-05,0.999965,"senegalensis",TRUE,"aegyptiaca_senegalensis"
"16588","10759_SNP",3.4e-05,0.999966,"senegalensis",TRUE,"aegyptiaca_senegalensis"
"16589","10759_SNP",5.6e-05,0.999944,"senegalensis",TRUE,"aegyptiaca_senegalensis"
"16590","10759_SNP",3.4e-05,0.999966,"senegalensis",TRUE,"aegyptiaca_senegalensis"
"16611","10759_SNP",5.1e-05,0.999949,"senegalensis",TRUE,"aegyptiaca_senegalensis"
"16612","10759_SNP",3.3e-05,0.999967,"senegalensis",TRUE,"aegyptiaca_senegalensis"
"16613","10759_SNP",3.3e-05,0.999967,"senegalensis",TRUE,"aegyptiaca_senegalensis"
"16614","10759_SNP",3.3e-05,0.999967,"senegalensis",TRUE,"aegyptiaca_senegalensis"
"16617","10759_SNP",0.004893,0.995107,"senegalensis",TRUE,"aegyptiaca_senegalensis"
"16622","10759_SNP",5e-05,0.99995,"senegalensis",TRUE,"aegyptiaca_senegalensis"
"16626","10759_SNP",0.084382,0.915618,"senegalensis",FALSE,"aegyptiaca_senegalensis"
"16652","10759_SNP",0.024257,0.975743,"senegalensis",TRUE,"aegyptiaca_senegalensis"
"16653","10759_SNP",0.025777,0.974223,"senegalensis",TRUE,"aegyptiaca_senegalensis"
"16657","10759_SNP",5.7e-05,0.999943,"senegalensis",TRUE,"aegyptiaca_senegalensis"
"16721","10759_SNP",3.3e-05,0.999967,"senegalensis",TRUE,"aegyptiaca_senegalensis"
"16724","10759_SNP",4.3e-05,0.999957,"senegalensis",TRUE,"aegyptiaca_senegalensis"
"16725","10759_SNP",4.6e-05,0.999954,"senegalensis",TRUE,"aegyptiaca_senegalensis"
"16726","10759_SNP",4.5e-05,0.999955,"senegalensis",TRUE,"aegyptiaca_senegalensis"
"16727","10759_SNP",0.021473,0.978527,"senegalensis",TRUE,"aegyptiaca_senegalensis"
"16728","10759_SNP",5.2e-05,0.999948,"senegalensis",TRUE,"aegyptiaca_senegalensis"
"16729","10759_SNP",4.3e-05,0.999957,"senegalensis",TRUE,"aegyptiaca_senegalensis"
"16730","10759_SNP",3.7e-05,0.999963,"senegalensis",TRUE,"aegyptiaca_senegalensis"
"16731","10759_SNP",4.6e-05,0.999954,"senegalensis",TRUE,"aegyptiaca_senegalensis"
"16732","10759_SNP",3.7e-05,0.999963,"senegalensis",TRUE,"aegyptiaca_senegalensis"
"16733","10759_SNP",4.3e-05,0.999957,"senegalensis",TRUE,"aegyptiaca_senegalensis"
"16734","10759_SNP",0.050347,0.949653,"senegalensis",FALSE,"aegyptiaca_senegalensis"
"16735","10759_SNP",0.005679,0.994321,"senegalensis",TRUE,"aegyptiaca_senegalensis"
"16736","10759_SNP",0.034236,0.965764,"senegalensis",FALSE,"aegyptiaca_senegalensis"
"16737","10759_SNP",9.8e-05,0.999902,"senegalensis",TRUE,"aegyptiaca_senegalensis"
"16659","10759_SNP",0.987998,0.012002,"aegyptiaca",TRUE,"aegyptiaca_senegalensis"
"16660","10759_SNP",0.997029,0.002971,"aegyptiaca",TRUE,"aegyptiaca_senegalensis"
"16661","10759_SNP",0.007459,0.992541,"senegalensis",TRUE,"aegyptiaca_senegalensis"
"16662","10759_SNP",0.017634,0.982366,"senegalensis",TRUE,"aegyptiaca_senegalensis"
"16663","10759_SNP",0.003407,0.996593,"senegalensis",TRUE,"aegyptiaca_senegalensis"
"16664","10759_SNP",0.004168,0.995832,"senegalensis",TRUE,"aegyptiaca_senegalensis"
"16665","10759_SNP",0.033402,0.966598,"senegalensis",FALSE,"aegyptiaca_senegalensis"
"16666","10759_SNP",0.027065,0.972935,"senegalensis",TRUE,"aegyptiaca_senegalensis"
"16667","10759_SNP",0.017003,0.982997,"senegalensis",TRUE,"aegyptiaca_senegalensis"
"16669","10759_SNP",0.008433,0.991567,"senegalensis",TRUE,"aegyptiaca_senegalensis"
"16670","10759_SNP",0.082626,0.917374,"senegalensis",FALSE,"aegyptiaca_senegalensis"
"16691","10759_SNP",0.999961,3.9e-05,"aegyptiaca",TRUE,"aegyptiaca_senegalensis"
"16692","10759_SNP",0.07659,0.92341,"senegalensis",FALSE,"aegyptiaca_senegalensis"
"16693","10759_SNP",0.225326,0.774674,"senegalensis",FALSE,"aegyptiaca_senegalensis"
"16694","10759_SNP",0.029468,0.970532,"senegalensis",TRUE,"aegyptiaca_senegalensis"
"16695","10759_SNP",0.02779,0.97221,"senegalensis",TRUE,"aegyptiaca_senegalensis"
"16696","10759_SNP",0.049035,0.950965,"senegalensis",FALSE,"aegyptiaca_senegalensis"
"16697","10759_SNP",0.063406,0.936594,"senegalensis",FALSE,"aegyptiaca_senegalensis"
"16698","10759_SNP",0.019287,0.980713,"senegalensis",TRUE,"aegyptiaca_senegalensis"
"16699","inferred_allopatric",0.172702821428571,0.827297178571429,"senegalensis",TRUE,"aegyptiaca_senegalensis"
"16700","10759_SNP",0.008511,0.991489,"senegalensis",TRUE,"aegyptiaca_senegalensis"
"16701","10759_SNP",5.4e-05,0.999946,"senegalensis",TRUE,"aegyptiaca_senegalensis"
"16702","10759_SNP",0.018223,0.981777,"senegalensis",TRUE,"aegyptiaca_senegalensis"
"16703","10759_SNP",0.999956,4.4e-05,"aegyptiaca",TRUE,"aegyptiaca_senegalensis"
"16704","10759_SNP",0.058605,0.941395,"senegalensis",FALSE,"aegyptiaca_senegalensis"
"16705","10759_SNP",5.6e-05,0.999944,"senegalensis",TRUE,"aegyptiaca_senegalensis"
"16706","10759_SNP",0.011325,0.988675,"senegalensis",TRUE,"aegyptiaca_senegalensis"
"16707","10759_SNP",0.03057,0.96943,"senegalensis",FALSE,"aegyptiaca_senegalensis"
"16708","10759_SNP",0.031292,0.968708,"senegalensis",FALSE,"aegyptiaca_senegalensis"
