INDIVIDUAL_ID,MARKER,NUCHALIS,RUBER,THYROIDEUS,VARIUS,SPECIES,CLEAR,HYBRID_ZONE
21224,180 SNP,0.85,0.15,0,0,nuchalis,FALSE,all_together
21228,180 SNP,0.825,0.175,0,0,nuchalis,FALSE,all_together
21246,180 SNP,0.825,0.175,0,0,nuchalis,FALSE,all_together
21248,180 SNP,0.8,0.2,0,0,nuchalis,FALSE,all_together
21261,180 SNP,0.8,0.2,0,0,nuchalis,FALSE,all_together
21274,180 SNP,0,0.1875,0,0.8125,varius,FALSE,all_together
21275,180 SNP,0,0.1875,0,0.8125,varius,FALSE,all_together
21276,180 SNP,0,0.085,0,0.915,varius,FALSE,all_together
21277,180 SNP,0,0.135416666666667,0,0.864583333333333,varius,FALSE,all_together
21278,180 SNP,0,0.177083333333333,0,0.822916666666667,varius,FALSE,all_together
21282,180 SNP,0,0.1875,0,0.8125,varius,FALSE,all_together
21286,180 SNP,0,0.15625,0,0.84375,varius,FALSE,all_together
21287,180 SNP,0,0.114583333333333,0,0.885416666666667,varius,FALSE,all_together
21288,180 SNP,0,0.197916666666667,0,0.802083333333333,varius,FALSE,all_together
21289,180 SNP,0,0.177083333333333,0,0.822916666666667,varius,FALSE,all_together
21291,180 SNP,0,0.145833333333333,0,0.854166666666667,varius,FALSE,all_together
21292,180 SNP,0,0.135416666666667,0,0.864583333333333,varius,FALSE,all_together
21293,180 SNP,0,0.145833333333333,0,0.854166666666667,varius,FALSE,all_together
21294,180 SNP,0,0.145833333333333,0,0.854166666666667,varius,FALSE,all_together
21295,180 SNP,0,0.197916666666667,0,0.802083333333333,varius,FALSE,all_together
21296,180 SNP,0,0.197916666666667,0,0.802083333333333,varius,FALSE,all_together
21305,180 SNP,0,0.177083333333333,0,0.822916666666667,varius,FALSE,all_together
21313,180 SNP,0,0.020833333333333,0,0.979166666666667,varius,TRUE,all_together
21322,180 SNP,0,0.147291666666667,0,0.852708333333333,varius,FALSE,all_together
21337,not sure,0.00001,0.00001,0,0.99998,varius,TRUE,all_together
21338,inferred,0,0,0,1,varius,TRUE,all_together
21339,inferred,0,0,0,1,varius,TRUE,all_together
21340,inferred,0,0,0,1,varius,TRUE,all_together
21341,inferred,0,0,0,1,varius,TRUE,all_together
21342,inferred,0,0,0,1,varius,TRUE,all_together
21343,inferred,0,0,0,1,varius,TRUE,all_together
21344,inferred,0,0,0,1,varius,TRUE,all_together
21345,inferred,0,0,0,1,varius,TRUE,all_together
21346,inferred,0,0,0,1,varius,TRUE,all_together
21347,inferred,1,0,0,0,nuchalis,TRUE,all_together
21348,inferred,1,0,0,0,nuchalis,TRUE,all_together
21349,inferred,1,0,0,0,nuchalis,TRUE,all_together
21350,inferred,1,0,0,0,nuchalis,TRUE,all_together
21351,inferred,1,0,0,0,nuchalis,TRUE,all_together
21352,inferred,1,0,0,0,nuchalis,TRUE,all_together
21353,inferred,1,0,0,0,nuchalis,TRUE,all_together
21354,inferred,1,0,0,0,nuchalis,TRUE,all_together
21355,inferred,1,0,0,0,nuchalis,TRUE,all_together
21356,inferred,1,0,0,0,nuchalis,TRUE,all_together
21357,inferred,0,0,1,0,thyroideus,TRUE,all_together
21358,inferred,0,0,1,0,thyroideus,TRUE,all_together
21369,32136 SNP,0.99999,0.00001,0,0,nuchalis,TRUE,all_together
21371,32136 SNP,0.99999,0.00001,0,0,nuchalis,TRUE,all_together
21372,32136 SNP,0.99999,0.00001,0,0,nuchalis,TRUE,all_together
21373,32136 SNP,0.99999,0.00001,0,0,nuchalis,TRUE,all_together
21374,32136 SNP,0.99999,0.00001,0,0,nuchalis,TRUE,all_together
21376,32136 SNP,0.99999,0.00001,0,0,nuchalis,TRUE,all_together
21378,32136 SNP,0.99999,0.00001,0,0,nuchalis,TRUE,all_together
21387,32136 SNP,0.99999,0.00001,0,0,nuchalis,TRUE,all_together
21388,32136 SNP,0.99999,0.00001,0,0,nuchalis,TRUE,all_together
21389,32136 SNP,0.99999,0.00001,0,0,nuchalis,TRUE,all_together
21391,32136 SNP,0.99999,0.00001,0,0,nuchalis,TRUE,all_together
21393,32136 SNP,0.99999,0.00001,0,0,nuchalis,TRUE,all_together
21394,32136 SNP,0.99999,0.00001,0,0,nuchalis,TRUE,all_together
21397,32136 SNP,0.99999,0.00001,0,0,nuchalis,TRUE,all_together
21399,32136 SNP,0.99999,0.00001,0,0,nuchalis,TRUE,all_together
21400,32136 SNP,0.99999,0.00001,0,0,nuchalis,TRUE,all_together
21402,32136 SNP,0.99999,0.00001,0,0,nuchalis,TRUE,all_together
21403,32136 SNP,0.99999,0.00001,0,0,nuchalis,TRUE,all_together
21413,not sure,0.00001,0.00001,0,0.99998,varius,TRUE,all_together
21420,not sure,0.807926,0.00001,0,0.192064,nuchalis,FALSE,all_together
21429,not sure,0.00001,0.00001,0,0.99998,varius,TRUE,all_together
21430,not sure,0.122757,0.00001,0,0.877233,varius,FALSE,all_together
21435,not sure,0.00001,0.00001,0,0.99998,varius,TRUE,all_together
21448,not sure,0.00001,0.131025,0,0.868965,varius,FALSE,all_together
21450,not sure,0.99998,0.00001,0,0.00001,nuchalis,TRUE,all_together
21454,not sure,0.924019,0.00001,0,0.075971,nuchalis,FALSE,all_together
21455,not sure,0.00001,0.00001,0,0.99998,varius,TRUE,all_together
21459,not sure,0.00001,0.00001,0,0.99998,varius,TRUE,all_together
21462,not sure,0.469031,0.020848,0,0.510121,varius,FALSE,all_together
21464,not sure,0.99998,0.00001,0,0.00001,nuchalis,TRUE,all_together
21465,not sure,0.99998,0.00001,0,0.00001,nuchalis,TRUE,all_together
21468,not sure,0.99998,0.00001,0,0.00001,nuchalis,TRUE,all_together
21473,not sure,0.00001,0.00001,0,0.99998,varius,TRUE,all_together
21474,not sure,0.00001,0.00001,0,0.99998,varius,TRUE,all_together
21475,not sure,0.124106,0.00001,0,0.875884,varius,FALSE,all_together
21478,not sure,0.99998,0.00001,0,0.00001,nuchalis,TRUE,all_together
21479,not sure,0.99998,0.00001,0,0.00001,nuchalis,TRUE,all_together
21480,not sure,0.99998,0.00001,0,0.00001,nuchalis,TRUE,all_together
21482,not sure,0.007082,0.00001,0,0.992908,varius,TRUE,all_together
21483,not sure,0.422533,0.00001,0,0.577457,varius,FALSE,all_together
21484,not sure,0.99998,0.00001,0,0.00001,nuchalis,TRUE,all_together
21485,not sure,0.99998,0.00001,0,0.00001,nuchalis,TRUE,all_together
21486,not sure,0.99998,0.00001,0,0.00001,nuchalis,TRUE,all_together
21487,not sure,0.99998,0.00001,0,0.00001,nuchalis,TRUE,all_together
21503,not sure,0.99998,0.00001,0,0.00001,nuchalis,TRUE,all_together
21506,not sure,0.46405,0,0,0.53595,varius,FALSE,all_together
21507,not sure,0.498166,0,0,0.501834,varius,FALSE,all_together
21508,not sure,0.716067,0,0,0.283933,nuchalis,FALSE,all_together
21509,not sure,0.923166,0,0,0.076834,nuchalis,FALSE,all_together
21510,not sure,0.634625,0,0,0.365375,nuchalis,FALSE,all_together
21511,not sure,0.241031,0,0,0.758969,varius,FALSE,all_together
21512,not sure,0.778172,0,0,0.221828,nuchalis,FALSE,all_together
21513,not sure,0.818345,0,0,0.181655,nuchalis,FALSE,all_together
21514,not sure,0.674844,0,0,0.325156,nuchalis,FALSE,all_together
21515,not sure,0.091848,0,0,0.908152,varius,FALSE,all_together
21516,not sure,0.796619,0,0,0.203381,nuchalis,FALSE,all_together
21517,not sure,0.323808,0,0,0.676192,varius,FALSE,all_together
21518,not sure,0.230996,0,0,0.769004,varius,FALSE,all_together
21179,180 SNP,0.6,0.4,0,0,nuchalis,FALSE,all_together
21180,180 SNP,0.525,0.475,0,0,nuchalis,FALSE,all_together
21181,180 SNP,0.65,0.35,0,0,nuchalis,FALSE,all_together
21182,180 SNP,0.55,0.45,0,0,nuchalis,FALSE,all_together
21183,180 SNP,0.55,0.45,0,0,nuchalis,FALSE,all_together
21184,180 SNP,0.625,0.375,0,0,nuchalis,FALSE,all_together
21185,180 SNP,0.645,0.355,0,0,nuchalis,FALSE,all_together
21186,180 SNP,0.625,0.375,0,0,nuchalis,FALSE,all_together
21187,180 SNP,0.7475,0.2525,0,0,nuchalis,FALSE,all_together
21188,180 SNP,0.645,0.355,0,0,nuchalis,FALSE,all_together
21189,180 SNP,0.58,0.42,0,0,nuchalis,FALSE,all_together
21190,180 SNP,0.65,0.35,0,0,nuchalis,FALSE,all_together
21191,180 SNP,0.45,0.55,0,0,ruber,FALSE,all_together
21192,180 SNP,0.4,0.6,0,0,ruber,FALSE,all_together
21193,180 SNP,0.725,0.275,0,0,nuchalis,FALSE,all_together
21194,180 SNP,0.725,0.275,0,0,nuchalis,FALSE,all_together
21195,180 SNP,0.6,0.4,0,0,nuchalis,FALSE,all_together
21196,180 SNP,0.55,0.45,0,0,nuchalis,FALSE,all_together
21197,180 SNP,0.5,0.5,0,0,mixed,FALSE,all_together
21198,180 SNP,0.375,0.625,0,0,ruber,FALSE,all_together
21199,180 SNP,0.272727272727273,0.727272727272727,0,0,ruber,FALSE,all_together
21200,180 SNP,0.527777777777778,0.472222222222222,0,0,nuchalis,FALSE,all_together
21201,180 SNP,0.578947368421053,0.421052631578947,0,0,nuchalis,FALSE,all_together
21202,180 SNP,0.35,0.65,0,0,ruber,FALSE,all_together
21203,180 SNP,0.210526315789474,0.789473684210526,0,0,ruber,FALSE,all_together
21204,180 SNP,0.475,0.525,0,0,ruber,FALSE,all_together
21205,180 SNP,0.1875,0.8125,0,0,ruber,FALSE,all_together
21206,180 SNP,0.454545454545454,0.545454545454546,0,0,ruber,FALSE,all_together
21207,180 SNP,0.375,0.625,0,0,ruber,FALSE,all_together
21208,180 SNP,0.475,0.525,0,0,ruber,FALSE,all_together
21209,180 SNP,0.447368421052632,0.552631578947368,0,0,ruber,FALSE,all_together
21210,180 SNP,0.421052631578947,0.578947368421053,0,0,ruber,FALSE,all_together
21211,180 SNP,0.264705882352941,0.735294117647059,0,0,ruber,FALSE,all_together
21212,180 SNP,0.3125,0.6875,0,0,ruber,FALSE,all_together
21213,180 SNP,0.239444444444444,0.760555555555556,0,0,ruber,FALSE,all_together
21214,180 SNP,0.25,0.75,0,0,ruber,FALSE,all_together
21215,180 SNP,0.452380952380952,0.547619047619048,0,0,ruber,FALSE,all_together
21216,180 SNP,0.28125,0.71875,0,0,ruber,FALSE,all_together
21217,180 SNP,0.333333333333333,0.666666666666667,0,0,ruber,FALSE,all_together
21218,180 SNP,0.775,0.225,0,0,nuchalis,FALSE,all_together
21219,180 SNP,0.575,0.425,0,0,nuchalis,FALSE,all_together
21220,180 SNP,0.592592592592593,0.407407407407407,0,0,nuchalis,FALSE,all_together
21221,180 SNP,0.58,0.42,0,0,nuchalis,FALSE,all_together
21222,180 SNP,0.6,0.4,0,0,nuchalis,FALSE,all_together
21223,180 SNP,0.75,0.25,0,0,nuchalis,FALSE,all_together
21225,180 SNP,0.625,0.375,0,0,nuchalis,FALSE,all_together
21226,180 SNP,0.675,0.325,0,0,nuchalis,FALSE,all_together
21227,180 SNP,0.611111111111111,0.388888888888889,0,0,nuchalis,FALSE,all_together
21229,180 SNP,0.45,0.55,0,0,ruber,FALSE,all_together
21230,180 SNP,0.58,0.42,0,0,nuchalis,FALSE,all_together
21231,180 SNP,0.595,0.405,0,0,nuchalis,FALSE,all_together
21232,180 SNP,0.625,0.375,0,0,nuchalis,FALSE,all_together
21233,180 SNP,0.65,0.35,0,0,nuchalis,FALSE,all_together
21234,180 SNP,0.625,0.375,0,0,nuchalis,FALSE,all_together
21235,180 SNP,0.760869565217391,0.239130434782609,0,0,nuchalis,FALSE,all_together
21236,180 SNP,0.625,0.375,0,0,nuchalis,FALSE,all_together
21237,180 SNP,0.525,0.475,0,0,nuchalis,FALSE,all_together
21238,180 SNP,0.775,0.225,0,0,nuchalis,FALSE,all_together
21239,180 SNP,0.65,0.35,0,0,nuchalis,FALSE,all_together
21240,180 SNP,0.7,0.3,0,0,nuchalis,FALSE,all_together
21241,180 SNP,0.625,0.375,0,0,nuchalis,FALSE,all_together
21242,180 SNP,0.65,0.35,0,0,nuchalis,FALSE,all_together
21243,180 SNP,0.675,0.325,0,0,nuchalis,FALSE,all_together
21244,180 SNP,0.575,0.425,0,0,nuchalis,FALSE,all_together
21245,180 SNP,0.625,0.375,0,0,nuchalis,FALSE,all_together
21247,180 SNP,0.725,0.275,0,0,nuchalis,FALSE,all_together
21249,180 SNP,0.475,0.525,0,0,ruber,FALSE,all_together
21250,180 SNP,0.775,0.225,0,0,nuchalis,FALSE,all_together
21251,180 SNP,0.575,0.425,0,0,nuchalis,FALSE,all_together
21252,180 SNP,0.475,0.525,0,0,ruber,FALSE,all_together
21253,180 SNP,0.625,0.375,0,0,nuchalis,FALSE,all_together
21254,180 SNP,0.55,0.45,0,0,nuchalis,FALSE,all_together
21255,180 SNP,0.7,0.3,0,0,nuchalis,FALSE,all_together
21256,180 SNP,0.375,0.625,0,0,ruber,FALSE,all_together
21257,180 SNP,0.65,0.35,0,0,nuchalis,FALSE,all_together
21258,180 SNP,0.675,0.325,0,0,nuchalis,FALSE,all_together
21259,180 SNP,0.775,0.225,0,0,nuchalis,FALSE,all_together
21260,180 SNP,0.625,0.375,0,0,nuchalis,FALSE,all_together
21262,180 SNP,0.7,0.3,0,0,nuchalis,FALSE,all_together
21263,180 SNP,0.7,0.3,0,0,nuchalis,FALSE,all_together
21264,180 SNP,0.475,0.525,0,0,ruber,FALSE,all_together
21265,180 SNP,0.475,0.525,0,0,ruber,FALSE,all_together
21266,180 SNP,0.65,0.35,0,0,nuchalis,FALSE,all_together
21267,180 SNP,0.65,0.35,0,0,nuchalis,FALSE,all_together
21268,180 SNP,0.675,0.325,0,0,nuchalis,FALSE,all_together
21269,180 SNP,0.25,0.75,0,0,ruber,FALSE,all_together
21270,180 SNP,0.575,0.425,0,0,nuchalis,FALSE,all_together
21271,180 SNP,0.375,0.625,0,0,ruber,FALSE,all_together
21272,180 SNP,0,0.21875,0,0.78125,varius,FALSE,all_together
21273,180 SNP,0,0.270833333333333,0,0.729166666666667,varius,FALSE,all_together
21279,180 SNP,0,0.208333333333333,0,0.791666666666667,varius,FALSE,all_together
21280,180 SNP,0,0.21875,0,0.78125,varius,FALSE,all_together
21281,180 SNP,0,0.270833333333333,0,0.729166666666667,varius,FALSE,all_together
21283,180 SNP,0,0.260416666666667,0,0.739583333333333,varius,FALSE,all_together
21284,180 SNP,0,0.25,0,0.75,varius,FALSE,all_together
21285,180 SNP,0,0.208333333333333,0,0.791666666666667,varius,FALSE,all_together
21290,180 SNP,0,0.21875,0,0.78125,varius,FALSE,all_together
21297,180 SNP,0,0.21875,0,0.78125,varius,FALSE,all_together
21298,180 SNP,0,0.219583333333333,0,0.780416666666667,varius,FALSE,all_together
21299,180 SNP,0,0.21875,0,0.78125,varius,FALSE,all_together
21300,180 SNP,0,0.552083333333333,0,0.447916666666667,ruber,FALSE,all_together
21301,180 SNP,0,0.552083333333333,0,0.447916666666667,ruber,FALSE,all_together
21302,180 SNP,0,0.229166666666667,0,0.770833333333333,varius,FALSE,all_together
21303,180 SNP,0,0.2825,0,0.7175,varius,FALSE,all_together
21304,180 SNP,0,0.53125,0,0.46875,ruber,FALSE,all_together
21306,180 SNP,0,0.552083333333333,0,0.447916666666667,ruber,FALSE,all_together
21307,180 SNP,0,0.59375,0,0.40625,ruber,FALSE,all_together
21308,180 SNP,0,0.520833333333333,0,0.479166666666667,ruber,FALSE,all_together
21309,180 SNP,0,0.5625,0,0.4375,ruber,FALSE,all_together
21310,180 SNP,0,0.623958333333333,0,0.376041666666667,ruber,FALSE,all_together
21311,180 SNP,0,0.489583333333333,0,0.510416666666667,varius,FALSE,all_together
21312,180 SNP,0,0.604166666666667,0,0.395833333333333,ruber,FALSE,all_together
21314,180 SNP,0,0.59375,0,0.40625,ruber,FALSE,all_together
21315,180 SNP,0,0.520833333333333,0,0.479166666666667,ruber,FALSE,all_together
21316,180 SNP,0,0.572916666666667,0,0.427083333333333,ruber,FALSE,all_together
21317,180 SNP,0,0.5,0,0.5,mixed,FALSE,all_together
21318,180 SNP,0,0.666666666666667,0,0.333333333333333,ruber,FALSE,all_together
21319,180 SNP,0,0.541666666666667,0,0.458333333333333,ruber,FALSE,all_together
21320,180 SNP,0,0.635416666666667,0,0.364583333333333,ruber,FALSE,all_together
21321,180 SNP,0,0.583333333333333,0,0.416666666666667,ruber,FALSE,all_together
21323,180 SNP,0,0.5625,0,0.4375,ruber,FALSE,all_together
21324,180 SNP,0,0.208333333333333,0,0.791666666666667,varius,FALSE,all_together
21325,180 SNP,0,0.666666666666667,0,0.333333333333333,ruber,FALSE,all_together
21326,180 SNP,0,0.510416666666667,0,0.489583333333333,ruber,FALSE,all_together
21327,180 SNP,0,0.583333333333333,0,0.416666666666667,ruber,FALSE,all_together
21328,180 SNP,0,0.21875,0,0.78125,varius,FALSE,all_together
21329,180 SNP,0,0.677083333333333,0,0.322916666666667,ruber,FALSE,all_together
21330,180 SNP,0,0.5,0,0.5,mixed,FALSE,all_together
21331,180 SNP,0,0.677083333333333,0,0.322916666666667,ruber,FALSE,all_together
21332,180 SNP,0,0.40625,0,0.59375,varius,FALSE,all_together
21333,180 SNP,0,0.597083333333333,0,0.402916666666667,ruber,FALSE,all_together
21334,180 SNP,0,0.229166666666667,0,0.770833333333333,varius,FALSE,all_together
21360,inferred,0,1,0,0,ruber,TRUE,all_together
21361,inferred,0,1,0,0,ruber,TRUE,all_together
21362,inferred,0,1,0,0,ruber,TRUE,all_together
21363,inferred,0,1,0,0,ruber,TRUE,all_together
21364,inferred,0,1,0,0,ruber,TRUE,all_together
21365,inferred,0,1,0,0,ruber,TRUE,all_together
21366,inferred,0,1,0,0,ruber,TRUE,all_together
21367,inferred,0,1,0,0,ruber,TRUE,all_together
21368,inferred,0,1,0,0,ruber,TRUE,all_together
21370,32136 SNP,0.00001,0.99999,0,0,ruber,TRUE,all_together
21375,32136 SNP,0.00001,0.99999,0,0,ruber,TRUE,all_together
21377,32136 SNP,0.00001,0.99999,0,0,ruber,TRUE,all_together
21379,32136 SNP,0.00001,0.99999,0,0,ruber,TRUE,all_together
21380,32136 SNP,0.00001,0.99999,0,0,ruber,TRUE,all_together
21381,32136 SNP,0.00001,0.99999,0,0,ruber,TRUE,all_together
21382,32136 SNP,0.00001,0.99999,0,0,ruber,TRUE,all_together
21383,32136 SNP,0.00001,0.99999,0,0,ruber,TRUE,all_together
21384,32136 SNP,0.00001,0.99999,0,0,ruber,TRUE,all_together
21385,32136 SNP,0.00001,0.99999,0,0,ruber,TRUE,all_together
21386,32136 SNP,0.00001,0.99999,0,0,ruber,TRUE,all_together
21390,32136 SNP,0.00001,0.99999,0,0,ruber,TRUE,all_together
21392,32136 SNP,0.00001,0.99999,0,0,ruber,TRUE,all_together
21395,32136 SNP,0.372815,0.627185,0,0,ruber,FALSE,all_together
21396,32136 SNP,0.367679,0.632321,0,0,ruber,FALSE,all_together
21398,32136 SNP,0.00001,0.99999,0,0,ruber,TRUE,all_together
21401,32136 SNP,0.00001,0.99999,0,0,ruber,TRUE,all_together
21404,32136 SNP,0.00001,0.99999,0,0,ruber,TRUE,all_together
21405,not sure,0.052526,0.947464,0,0.00001,ruber,FALSE,all_together
21406,not sure,0.11796,0.88203,0,0.00001,ruber,FALSE,all_together
21408,not sure,0.089316,0.906167,0,0.004517,ruber,FALSE,all_together
21409,not sure,0.090447,0.909543,0,0.00001,ruber,FALSE,all_together
21410,not sure,0.020213,0.979777,0,0.00001,ruber,TRUE,all_together
21411,not sure,0.113118,0.886872,0,0.00001,ruber,FALSE,all_together
21412,not sure,0.267517,0.590805,0,0.141679,ruber,FALSE,all_together
21414,not sure,0.228589,0.718424,0,0.052986,ruber,FALSE,all_together
21415,not sure,0.00001,0.99998,0,0.00001,ruber,TRUE,all_together
21416,not sure,0.00001,0.99998,0,0.00001,ruber,TRUE,all_together
21417,not sure,0.097042,0.902948,0,0.00001,ruber,FALSE,all_together
21418,not sure,0.00001,0.99998,0,0.00001,ruber,TRUE,all_together
21419,not sure,0.142689,0.839657,0,0.017654,ruber,FALSE,all_together
21421,not sure,0.649323,0.330507,0,0.02017,nuchalis,FALSE,all_together
21422,not sure,0.06648,0.908961,0,0.024559,ruber,FALSE,all_together
21423,not sure,0.250228,0.749762,0,0.00001,ruber,FALSE,all_together
21424,not sure,0.00001,0.991298,0,0.008692,ruber,TRUE,all_together
21425,not sure,0.287902,0.712088,0,0.00001,ruber,FALSE,all_together
21426,not sure,0.227339,0.772651,0,0.00001,ruber,FALSE,all_together
21427,not sure,0.108467,0.871192,0,0.020341,ruber,FALSE,all_together
21428,not sure,0.00001,0.99998,0,0.00001,ruber,TRUE,all_together
21431,not sure,0.218017,0.781973,0,0.00001,ruber,FALSE,all_together
21432,not sure,0.170022,0.829968,0,0.00001,ruber,FALSE,all_together
21433,not sure,0.115684,0.884249,0,0.000068,ruber,FALSE,all_together
21434,not sure,0.017584,0.454457,0,0.527959,varius,FALSE,all_together
21436,not sure,0.00001,0.99998,0,0.00001,ruber,TRUE,all_together
21437,not sure,0.088414,0.84129,0,0.070296,ruber,FALSE,all_together
21438,not sure,0.024091,0.963711,0,0.012198,ruber,FALSE,all_together
21439,not sure,0.00001,0.964031,0,0.035959,ruber,FALSE,all_together
21440,not sure,0.062263,0.937727,0,0.00001,ruber,FALSE,all_together
21441,not sure,0.00001,0.99998,0,0.00001,ruber,TRUE,all_together
21442,not sure,0.00001,0.99998,0,0.00001,ruber,TRUE,all_together
21443,not sure,0.104624,0.895366,0,0.00001,ruber,FALSE,all_together
21444,not sure,0.23245,0.704828,0,0.062722,ruber,FALSE,all_together
21445,not sure,0.476592,0.523398,0,0.00001,ruber,FALSE,all_together
21446,not sure,0.080762,0.919228,0,0.00001,ruber,FALSE,all_together
21447,not sure,0.155345,0.838095,0,0.006561,ruber,FALSE,all_together
21449,not sure,0.036462,0.900467,0,0.063071,ruber,FALSE,all_together
21451,not sure,0.119495,0.841222,0,0.039284,ruber,FALSE,all_together
21452,not sure,0.175647,0.809315,0,0.015038,ruber,FALSE,all_together
21453,not sure,0.383492,0.563633,0,0.052874,ruber,FALSE,all_together
21456,not sure,0.084141,0.548679,0,0.36718,ruber,FALSE,all_together
21457,not sure,0.119768,0.880222,0,0.00001,ruber,FALSE,all_together
21458,not sure,0.026168,0.973822,0,0.00001,ruber,TRUE,all_together
21460,not sure,0.037306,0.955122,0,0.007572,ruber,FALSE,all_together
21461,not sure,0.12887,0.837616,0,0.033514,ruber,FALSE,all_together
21463,not sure,0.646681,0.353309,0,0.00001,nuchalis,FALSE,all_together
21466,not sure,0.048067,0.89749,0,0.054443,ruber,FALSE,all_together
21467,not sure,0.00001,0.99998,0,0.00001,ruber,TRUE,all_together
21469,not sure,0.169807,0.787247,0,0.042946,ruber,FALSE,all_together
21470,not sure,0.183015,0.813124,0,0.003861,ruber,FALSE,all_together
21471,not sure,0.112732,0.877571,0,0.009697,ruber,FALSE,all_together
21472,not sure,0.00001,0.99998,0,0.00001,ruber,TRUE,all_together
21476,not sure,0.158089,0.808877,0,0.033034,ruber,FALSE,all_together
21477,not sure,0.157216,0.822438,0,0.020346,ruber,FALSE,all_together
21481,not sure,0.53156,0.46843,0,0.00001,nuchalis,FALSE,all_together
21488,not sure,0.278258,0.695051,0,0.026692,ruber,FALSE,all_together
21489,not sure,0.199978,0.791284,0,0.008738,ruber,FALSE,all_together
21490,not sure,0.162193,0.834639,0,0.003168,ruber,FALSE,all_together
21491,not sure,0.068851,0.38608,0,0.545068,varius,FALSE,all_together
21492,not sure,0.184215,0.801629,0,0.014156,ruber,FALSE,all_together
21493,not sure,0.090432,0.884818,0,0.02475,ruber,FALSE,all_together
21494,not sure,0.246376,0.753614,0,0.00001,ruber,FALSE,all_together
21495,not sure,0.257579,0.716787,0,0.025634,ruber,FALSE,all_together
21496,not sure,0.130798,0.834319,0,0.034883,ruber,FALSE,all_together
21497,not sure,0.167745,0.832068,0,0.000187,ruber,FALSE,all_together
21498,not sure,0.11319,0.881908,0,0.004902,ruber,FALSE,all_together
21499,not sure,0.224653,0.773799,0,0.001547,ruber,FALSE,all_together
21500,not sure,0.030485,0.969505,0,0.00001,ruber,FALSE,all_together
21501,not sure,0.026646,0.947974,0,0.02538,ruber,FALSE,all_together
21502,not sure,0.00001,0.542376,0,0.457614,ruber,FALSE,all_together
21504,not sure,0.246778,0.699161,0,0.054061,ruber,FALSE,all_together
21505,not sure,0.00001,0.997006,0,0.002984,ruber,TRUE,all_together
