"ANATOLICUS","CRISTATUS","IVANBURESCHI","MACEDONICUS","DOBROGICUS","INDIVIDUAL_ID","SPECIES","CLEAR","MARKER","HYBRID_ZONE"
0.999,0,0.001,0,0,"14554","anatolicus",TRUE,"49 SNP","all_together"
0.999,0,0.001,0,0,"14555","anatolicus",TRUE,"49 SNP","all_together"
0.999,0,0.001,0,0,"14647","anatolicus",TRUE,"49 SNP","all_together"
0.999,0,0.001,0,0,"xAbanta-Gölu1","anatolicus",TRUE,"49 SNP","all_together"
0.999,0,0.001,0,0,"xAbanta-Gölu2","anatolicus",TRUE,"49 SNP","all_together"
0.999,0,0.001,0,0,"xAbanta-Gölu3","anatolicus",TRUE,"49 SNP","all_together"
0.999,0,0.001,0,0,"xAbanta-Gölu4","anatolicus",TRUE,"49 SNP","all_together"
0.999,0,0.001,0,0,"xAbanta-Gölu5","anatolicus",TRUE,"49 SNP","all_together"
0.999,0,0.001,0,0,"xAbanta-Gölu6","anatolicus",TRUE,"49 SNP","all_together"
0.998,0,0.002,0,0,"14526","anatolicus",TRUE,"49 SNP","all_together"
0.999,0,0.001,0,0,"14527","anatolicus",TRUE,"49 SNP","all_together"
0.999,0,0.001,0,0,"14689","anatolicus",TRUE,"49 SNP","all_together"
0.999,0,0.001,0,0,"xAdapazari1","anatolicus",TRUE,"49 SNP","all_together"
0.999,0,0.001,0,0,"xAdapazari2","anatolicus",TRUE,"49 SNP","all_together"
0.999,0,0.001,0,0,"xAdapazari3","anatolicus",TRUE,"49 SNP","all_together"
0,0,1,0,0,"14514","ivanbureschi",TRUE,"inferred","all_together"
0,0,1,0,0,"14515","ivanbureschi",TRUE,"inferred","all_together"
0.999,0,0.001,0,0,"xAkçat-Merkez1","anatolicus",TRUE,"49 SNP","all_together"
0.999,0,0.001,0,0,"xAkçat-Merkez2","anatolicus",TRUE,"49 SNP","all_together"
0.999,0,0.001,0,0,"xAkçat-Merkez3","anatolicus",TRUE,"49 SNP","all_together"
0.999,0,0.001,0,0,"xAkçat-Merkez4","anatolicus",TRUE,"49 SNP","all_together"
0.999,0,0.001,0,0,"xAkçat-Merkez5","anatolicus",TRUE,"49 SNP","all_together"
0.999,0,0.001,0,0,"xAkçat-Merkez6","anatolicus",TRUE,"49 SNP","all_together"
0.997,0,0.003,0,0,"xAkçat-Merkez7","anatolicus",TRUE,"49 SNP","all_together"
0.999,0,0.001,0,0,"xAkçat-Merkez8","anatolicus",TRUE,"49 SNP","all_together"
0.999,0,0.001,0,0,"xAkçat-Merkez9","anatolicus",TRUE,"49 SNP","all_together"
0.999,0,0.001,0,0,"xAkçat-Merkez10","anatolicus",TRUE,"49 SNP","all_together"
0.999,0,0.001,0,0,"xAkçat-Merkez11","anatolicus",TRUE,"49 SNP","all_together"
0.999,0,0.001,0,0,"xAkçat-Merkez12","anatolicus",TRUE,"49 SNP","all_together"
0.001,0.0029,0.9944,0.001,7e-04,"14512","ivanbureschi",TRUE,"inferred","all_together"
0.001,0.0029,0.9944,0.001,7e-04,"14513","ivanbureschi",TRUE,"inferred","all_together"
0.001,0.001,0.9969,0.001,1e-04,"xAleksandrovo1","ivanbureschi",TRUE,"49 SNP","all_together"
0.001,0.0037,0.9933,0.001,0.001,"xAleksandrovo2","ivanbureschi",TRUE,"49 SNP","all_together"
0.001,0.004,0.993,0.001,0.001,"xAleksandrovo3","ivanbureschi",TRUE,"49 SNP","all_together"
0.005,0.001,0.992,0.001,0.001,"14575","ivanbureschi",TRUE,"49 SNP","all_together"
0.003,0.001,0.994,0.001,0.001,"14760","ivanbureschi",TRUE,"49 SNP","all_together"
0.003,0.001,0.994,0.001,0.001,"14761","ivanbureschi",TRUE,"49 SNP","all_together"
0.994,0,0.006,0,0,"14510","anatolicus",TRUE,"49 SNP","all_together"
0.987,0,0.013,0,0,"14511","anatolicus",TRUE,"49 SNP","all_together"
0.998,0,0.002,0,0,"xAlibahadir2_1","anatolicus",TRUE,"49 SNP","all_together"
0.995,0,0.005,0,0,"xAlibahadir2_2","anatolicus",TRUE,"49 SNP","all_together"
0.925074925074925,0,0.0749250749250749,0,0,"xAlibahadir2_3","anatolicus",FALSE,"49 SNP","all_together"
0.995,0,0.005,0,0,"xAlibahadir2_4","anatolicus",TRUE,"49 SNP","all_together"
0.939,0,0.061,0,0,"xAlibahadir2_5","anatolicus",FALSE,"49 SNP","all_together"
0.994,0,0.006,0,0,"xAlibahadir2_6","anatolicus",TRUE,"49 SNP","all_together"
0.889,0,0.111,0,0,"xAlibahadir2_7","anatolicus",FALSE,"49 SNP","all_together"
0,0.001,0.9979,0.001,1e-04,"xAlistrati1","ivanbureschi",TRUE,"49 SNP","all_together"
0,0.001,0.998,0.001,0,"14764","ivanbureschi",TRUE,"49 SNP","all_together"
0,0.001,0.998,0.001,0,"14765","ivanbureschi",TRUE,"49 SNP","all_together"
0,0.997,0.001,0.001,0.001,"xAmarasti-de-Jos1","cristatus",TRUE,"52 SNP","all_together"
0,0.997,0.001,0.001,0.001,"xAmarasti-de-Jos2","cristatus",TRUE,"52 SNP","all_together"
0,0.997,0.001,0.001,0.001,"xAmarasti-de-Jos3","cristatus",TRUE,"52 SNP","all_together"
0,0.001,0.001,0.997,0.001,"14789","macedonicus",TRUE,"52 SNP","all_together"
0,0.001,0.001,0.997,0.001,"14790","macedonicus",TRUE,"52 SNP","all_together"
0,0.001,0.001,0.997,0.001,"14791","macedonicus",TRUE,"52 SNP","all_together"
0.001,0.001,0.955,0.042,0.001,"14698","ivanbureschi",FALSE,"49 SNP","all_together"
0.001,0.001,0.972,0.019,0.007,"14699","ivanbureschi",TRUE,"49 SNP","all_together"
0.001,0.001,0.9436,0.0524,0.002,"14700","ivanbureschi",FALSE,"49 SNP","all_together"
0,0.001,0.5878,0.4102,0.001,"xArchangelos1","ivanbureschi",FALSE,"49 SNP","all_together"
0,0.001,0.5003,0.4977,0.001,"xArchangelos2","ivanbureschi",FALSE,"49 SNP","all_together"
0,0.0204,0.4097,0.5689,0.001,"xArchangelos3","macedonicus",FALSE,"52 SNP","all_together"
0.999,0,0.001,0,0,"xArifiye1","anatolicus",TRUE,"49 SNP","all_together"
0.999,0,0.001,0,0,"xArifiye2","anatolicus",TRUE,"49 SNP","all_together"
0.999,0,0.001,0,0,"xArifiye3","anatolicus",TRUE,"49 SNP","all_together"
0.999,0,0.001,0,0,"xArifiye4","anatolicus",TRUE,"49 SNP","all_together"
0.999,0,0.001,0,0,"xArifiye5","anatolicus",TRUE,"49 SNP","all_together"
0.999,0,0.001,0,0,"xArifiye6","anatolicus",TRUE,"49 SNP","all_together"
0.999,0,0.001,0,0,"xArifiye7","anatolicus",TRUE,"49 SNP","all_together"
0.999,0,0.001,0,0,"xArifiye8","anatolicus",TRUE,"49 SNP","all_together"
0.998001998001998,0,0.001998001998002,0,0,"xArifiye9","anatolicus",TRUE,"49 SNP","all_together"
0.999,0,0.001,0,0,"xArifiye10","anatolicus",TRUE,"49 SNP","all_together"
0.999,0,0.001,0,0,"xArifiye11","anatolicus",TRUE,"49 SNP","all_together"
0.999,0,0.001,0,0,"xArifiye12","anatolicus",TRUE,"49 SNP","all_together"
0.979,0,0.021,0,0,"14498","anatolicus",TRUE,"49 SNP","all_together"
0.994,0,0.006,0,0,"14499","anatolicus",TRUE,"49 SNP","all_together"
0.972,0,0.028,0,0,"14500","anatolicus",TRUE,"49 SNP","all_together"
0.994,0,0.006,0,0,"xAvdancik1","anatolicus",TRUE,"49 SNP","all_together"
0.999,0,0.001,0,0,"xAvdancik2","anatolicus",TRUE,"49 SNP","all_together"
0.998,0,0.002,0,0,"xAvdancik3","anatolicus",TRUE,"49 SNP","all_together"
0.956,0,0.044,0,0,"xAvdancik4","anatolicus",FALSE,"49 SNP","all_together"
0.964,0,0.036,0,0,"xAvdancik5","anatolicus",FALSE,"49 SNP","all_together"
0.999,0,0.001,0,0,"xAvdancik6","anatolicus",TRUE,"49 SNP","all_together"
0.974025974025974,0,0.025974025974026,0,0,"xAvdancik7","anatolicus",TRUE,"49 SNP","all_together"
0.987,0,0.013,0,0,"xAvdancik8","anatolicus",TRUE,"49 SNP","all_together"
0,0.001,0.001,0.997,0.001,"xBajzë1","macedonicus",TRUE,"52 SNP","all_together"
0,0.001,0.001,0.997,0.001,"xBajzë2","macedonicus",TRUE,"52 SNP","all_together"
0,0.001,0.001,0.997,0.001,"xBajzë3","macedonicus",TRUE,"52 SNP","all_together"
0,0.001,0.9838,0.0142,0.001,"xBansko1","ivanbureschi",TRUE,"49 SNP","all_together"
0,0.001,0.9973,0.001,7e-04,"xBata1","ivanbureschi",TRUE,"49 SNP","all_together"
0,0.001,0.997,0.001,0.001,"xBata2","ivanbureschi",TRUE,"49 SNP","all_together"
0.02,0,0.98,0,0,"14664","ivanbureschi",TRUE,"49 SNP","all_together"
0.008,0,0.992,0,0,"14785","ivanbureschi",TRUE,"49 SNP","all_together"
0.01,0,0.99,0,0,"14786","ivanbureschi",TRUE,"49 SNP","all_together"
0.016,0,0.984,0,0,"xBaçeköy-Merkez1","ivanbureschi",TRUE,"49 SNP","all_together"
0.001,0,0.999,0,0,"xBaçeköy-Merkez2","ivanbureschi",TRUE,"49 SNP","all_together"
0.021,0,0.979,0,0,"xBaçeköy-Merkez3","ivanbureschi",TRUE,"49 SNP","all_together"
0.001,0,0.999,0,0,"xBaçeköy-Merkez4","ivanbureschi",TRUE,"49 SNP","all_together"
0.001,0,0.999,0,0,"xBaçeköy-Merkez5","ivanbureschi",TRUE,"49 SNP","all_together"
0.091,0,0.909,0,0,"xBaçeköy-Merkez6","ivanbureschi",FALSE,"49 SNP","all_together"
0.949,0,0.051,0,0,"xBahçesultan-Köyü1","anatolicus",FALSE,"49 SNP","all_together"
0,0.001,8e-04,0.9972,0.001,"xBejar1","macedonicus",TRUE,"52 SNP","all_together"
0,0.001,0.001,0.997,0.001,"14592","macedonicus",TRUE,"52 SNP","all_together"
0,0.001,0.001,0.997,0.001,"14593","macedonicus",TRUE,"52 SNP","all_together"
0,0.001,0.997,0.001,0.001,"xBelopoltsi1","ivanbureschi",TRUE,"49 SNP","all_together"
0,0.001,0.6951,0.3029,0.001,"xBerovacko-jezero1","ivanbureschi",FALSE,"49 SNP","all_together"
0,0.001,0.634,0.364,0.001,"xBerovacko-jezero2","ivanbureschi",FALSE,"49 SNP","all_together"
0,0.001,0.6812,0.3168,0.001,"xBerovacko-jezero3","ivanbureschi",FALSE,"49 SNP","all_together"
0,0.001,0.9979,0.001,1e-04,"xBerovo1","ivanbureschi",TRUE,"49 SNP","all_together"
0,0.001,0.997,0.001,0.001,"xBerovo2","ivanbureschi",TRUE,"49 SNP","all_together"
0,0.001,0.997,0.001,0.001,"xBerovo3","ivanbureschi",TRUE,"49 SNP","all_together"
0,0.001,0.9977,0.001,3e-04,"14704","ivanbureschi",TRUE,"49 SNP","all_together"
0,0.001,0.9977,0.001,3e-04,"14705","ivanbureschi",TRUE,"49 SNP","all_together"
0,0.001,0.998,0.001,0,"14706","ivanbureschi",TRUE,"49 SNP","all_together"
0,0.001,0.001,0.997,0.001,"xBitolsko1","macedonicus",TRUE,"52 SNP","all_together"
0,0.001,0.001,0.997,0.001,"xBitolsko2","macedonicus",TRUE,"52 SNP","all_together"
0,0.001,0.001,0.997,0.001,"xBitolsko3","macedonicus",TRUE,"52 SNP","all_together"
0,0.001,0.001,0.997,0.001,"14772","macedonicus",TRUE,"52 SNP","all_together"
0,0.001,2e-04,0.9978,0.001,"14773","macedonicus",TRUE,"52 SNP","all_together"
0,0.001,7e-04,0.9973,0.001,"14591","macedonicus",TRUE,"52 SNP","all_together"
0,0.9385,0.001,0.003,0.0575,"xBlahnita3","cristatus",FALSE,"52 SNP","all_together"
0,0.001,0.001,0.997,0.001,"14602","macedonicus",TRUE,"52 SNP","all_together"
0,0.001,0.001,0.997,0.001,"14603","macedonicus",TRUE,"52 SNP","all_together"
0,0.001,0.0027,0.9953,0.001,"14604","macedonicus",TRUE,"52 SNP","all_together"
0,0.9972,8e-04,0.001,0.001,"xBogdana1","cristatus",TRUE,"52 SNP","all_together"
0,0.9944,3e-04,0.001,0.0043,"xBogdana2","cristatus",TRUE,"52 SNP","all_together"
0,0.997,0.001,0.001,0.001,"xBogdana3","cristatus",TRUE,"52 SNP","all_together"
0.001,0.001,0.996,0.001,0.001,"14576","ivanbureschi",TRUE,"49 SNP","all_together"
0.004,0.001,0.993,0.001,0.001,"14762","ivanbureschi",TRUE,"49 SNP","all_together"
0.002,0.001,0.995,0.001,0.001,"14793","ivanbureschi",TRUE,"49 SNP","all_together"
0,0.9931,0.0039,0.002,0.001,"14528","cristatus",TRUE,"52 SNP","all_together"
0,0.997,0.001,0.001,0.001,"14690","cristatus",TRUE,"52 SNP","all_together"
0,0.9758,0.0222,0.001,0.001,"14531","cristatus",TRUE,"52 SNP","all_together"
0,0.9551,0.0429,0.001,0.001,"14652","cristatus",FALSE,"52 SNP","all_together"
0,0.9919,0.0061,0.001,0.001,"14653","cristatus",TRUE,"52 SNP","all_together"
0,0.997,0.001,0.001,0.001,"14654","cristatus",TRUE,"52 SNP","all_together"
0,0.9536,0.0287,0.001,0.0167,"14655","cristatus",FALSE,"52 SNP","all_together"
0,0.997,0.001,0.001,0.001,"14656","cristatus",TRUE,"52 SNP","all_together"
0,0.985,0.0036,0.0054,0.006,"14657","cristatus",TRUE,"52 SNP","all_together"
0,0.001,0.713,0.285,0.001,"xBorovsko-polje1","ivanbureschi",FALSE,"49 SNP","all_together"
0,0.001,0.7264,0.2716,0.001,"xBorovsko-polje2","ivanbureschi",FALSE,"49 SNP","all_together"
0,0.001,0.6995,0.2985,0.001,"xBorovsko-polje3","ivanbureschi",FALSE,"49 SNP","all_together"
0.00500002000008,0.001000004000016,0.992133968535874,0.001000004000016,0.000866003464013856,"14545","ivanbureschi",TRUE,"49 SNP","all_together"
0.003,0.001,0.99414,0.001,0.00086,"14546","ivanbureschi",TRUE,"49 SNP","all_together"
0.002,0.001,0.995,0.001,0.001,"14736","ivanbureschi",TRUE,"49 SNP","all_together"
0.002,0.001,0.995,0.001,0.001,"xBozdag1","ivanbureschi",TRUE,"49 SNP","all_together"
0.005,0.001,0.9924,0.001,6e-04,"xBozdag2","ivanbureschi",TRUE,"49 SNP","all_together"
0,0.997,0.001,0.001,0.001,"xBrădătel1","cristatus",TRUE,"52 SNP","all_together"
0,0.996,0.001,0.001,0.002,"xBrădătel2","cristatus",TRUE,"52 SNP","all_together"
0,0.996,0.002,0.001,0.001,"xBrădătel3","cristatus",TRUE,"52 SNP","all_together"
0,0.997,0.001,0.001,0.001,"xBraunschweig1","cristatus",TRUE,"52 SNP","all_together"
0,0.9977,3e-04,0.001,0.001,"xBraunschweig2","cristatus",TRUE,"52 SNP","all_together"
0,0.997,0.001,0.001,0.001,"xBraunschweig3","cristatus",TRUE,"52 SNP","all_together"
0,0.997,0.001,0.001,0.001,"14625","cristatus",TRUE,"52 SNP","all_together"
0,0.996,0.001,0.002,0.001,"14782","cristatus",TRUE,"52 SNP","all_together"
0,0.996,0.001,0.001,0.002,"14626","cristatus",TRUE,"52 SNP","all_together"
0.002,0.001,0.9959,0.001,1e-04,"14569","ivanbureschi",TRUE,"49 SNP","all_together"
0.002,0.001,0.9959,0.001,1e-04,"14753","ivanbureschi",TRUE,"49 SNP","all_together"
0.002,0.001,0.9959,0.001,1e-04,"14754","ivanbureschi",TRUE,"49 SNP","all_together"
0.002,0,0.998,0,0,"xBüyük-Kalecik1","ivanbureschi",TRUE,"49 SNP","all_together"
0.002,0,0.998,0,0,"xBüyük-Kalecik2","ivanbureschi",TRUE,"49 SNP","all_together"
0,0.001,0.997,0.001,0.001,"xByaga1","ivanbureschi",TRUE,"49 SNP","all_together"
0.999,0,0.001,0,0,"14566","anatolicus",TRUE,"49 SNP","all_together"
0.999,0,0.001,0,0,"14567","anatolicus",TRUE,"49 SNP","all_together"
0.999,0,0.001,0,0,"14568","anatolicus",TRUE,"49 SNP","all_together"
0.999,0,0.001,0,0,"xÇakirli1","anatolicus",TRUE,"49 SNP","all_together"
0.999,0,0.001,0,0,"xÇakirli2","anatolicus",TRUE,"49 SNP","all_together"
0.999,0,0.001,0,0,"xÇakirli3","anatolicus",TRUE,"49 SNP","all_together"
0.999,0,0.001,0,0,"xÇakirli4","anatolicus",TRUE,"49 SNP","all_together"
0.999,0,0.001,0,0,"xÇakirli5","anatolicus",TRUE,"49 SNP","all_together"
0.999,0,0.001,0,0,"xÇakirli6","anatolicus",TRUE,"49 SNP","all_together"
0.999,0,0.001,0,0,"xÇakirli7","anatolicus",TRUE,"49 SNP","all_together"
0.999,0,0.001,0,0,"xÇakirli8","anatolicus",TRUE,"49 SNP","all_together"
0.999,0,0.001,0,0,"xÇakirli9","anatolicus",TRUE,"49 SNP","all_together"
0.001,0,0.999,0,0,"xÇavuş1","ivanbureschi",TRUE,"49 SNP","all_together"
0,0.9886,0.005,0.0014,0.005,"xChiren1","cristatus",TRUE,"52 SNP","all_together"
0,0.9471,0.001,0.002,0.0499,"xChiren2","cristatus",FALSE,"52 SNP","all_together"
0,0.991,0.007,0.001,0.001,"xChiren3","cristatus",TRUE,"52 SNP","all_together"
0.999,0,0.001,0,0,"14745","anatolicus",TRUE,"49 SNP","all_together"
0.999,0,0.001,0,0,"14746","anatolicus",TRUE,"49 SNP","all_together"
0.999,0,0.001,0,0,"14747","anatolicus",TRUE,"49 SNP","all_together"
0.999,0,0.001,0,0,"xÇibanköy1","anatolicus",TRUE,"49 SNP","all_together"
0.999,0,0.001,0,0,"xÇibanköy2","anatolicus",TRUE,"49 SNP","all_together"
0.999,0,0.001,0,0,"xÇibanköy3","anatolicus",TRUE,"49 SNP","all_together"
0.999,0,0.001,0,0,"xÇibanköy4","anatolicus",TRUE,"49 SNP","all_together"
0.999,0,0.001,0,0,"xÇibanköy5","anatolicus",TRUE,"49 SNP","all_together"
0.999,0,0.001,0,0,"xÇibanköy6","anatolicus",TRUE,"49 SNP","all_together"
0.999,0,0.001,0,0,"xÇibanköy7","anatolicus",TRUE,"49 SNP","all_together"
0.999,0,0.001,0,0,"xÇibanköy8","anatolicus",TRUE,"49 SNP","all_together"
0.999,0,0.001,0,0,"xÇibanköy9","anatolicus",TRUE,"49 SNP","all_together"
0,7e-04,0.9984,4e-04,5e-04,"xChukovo1","ivanbureschi",TRUE,"49 SNP","all_together"
0,0.001,0.987,0.001,0.011,"xChukovo2","ivanbureschi",TRUE,"49 SNP","all_together"
0,0.001,0.9979,0.001,1e-04,"xChukovo3","ivanbureschi",TRUE,"49 SNP","all_together"
0,0.997,0.001,0.001,0.001,"14644","cristatus",TRUE,"52 SNP","all_together"
0,0.997,0.001,0.001,0.001,"14645","cristatus",TRUE,"52 SNP","all_together"
0,0.997,0.001,0.001,0.001,"14646","cristatus",TRUE,"52 SNP","all_together"
0.999,0,0.001,0,0,"xÇiğilerik1","anatolicus",TRUE,"49 SNP","all_together"
0.999,0,0.001,0,0,"xÇiğilerik2","anatolicus",TRUE,"49 SNP","all_together"
0.998,0,0.002,0,0,"xÇiğilerik3","anatolicus",TRUE,"49 SNP","all_together"
0.999,0,0.001,0,0,"xÇiğilerik4","anatolicus",TRUE,"49 SNP","all_together"
0.998,0,0.002,0,0,"xÇiğilerik5","anatolicus",TRUE,"49 SNP","all_together"
0.999,0,0.001,0,0,"xÇiğilerik6","anatolicus",TRUE,"49 SNP","all_together"
0,0.995,0.001,0.001,0.003,"xCiorasti1","cristatus",TRUE,"52 SNP","all_together"
0,0.997,0.001,0.001,0.001,"xCiorasti2","cristatus",TRUE,"52 SNP","all_together"
0,0.97,0.001,0.001,0.028,"xCiorasti3","cristatus",TRUE,"52 SNP","all_together"
0,0.997,0.001,0.001,0.001,"xCraciunesti1","cristatus",TRUE,"52 SNP","all_together"
0,0.9971,9e-04,0.001,0.001,"xCraciunesti2","cristatus",TRUE,"52 SNP","all_together"
0,0.997,0.001,0.001,0.001,"xCraciunesti3","cristatus",TRUE,"52 SNP","all_together"
0,0.001,0.9979,0.001,1e-04,"14709","ivanbureschi",TRUE,"49 SNP","all_together"
0,0.001,0.917,0.081,0.001,"14710","ivanbureschi",FALSE,"49 SNP","all_together"
0,0.001,0.9428,0.0552,0.001,"14540","ivanbureschi",FALSE,"49 SNP","all_together"
0.001,0.001,0.9969,0.001,1e-04,"xDavutköy1","ivanbureschi",TRUE,"49 SNP","all_together"
0.001,0.001,0.9963,0.001,7e-04,"xDavutköy2","ivanbureschi",TRUE,"49 SNP","all_together"
0,0.001,8e-04,0.9972,0.001,"xDebreste1","macedonicus",TRUE,"52 SNP","all_together"
0,0.001,0.001,0.997,0.001,"14596","macedonicus",TRUE,"52 SNP","all_together"
0,0.001,4e-04,0.9976,0.001,"14597","macedonicus",TRUE,"52 SNP","all_together"
0,0.001,0.0468,0.9512,0.001,"14779","macedonicus",FALSE,"52 SNP","all_together"
0,0.001,0.001,0.997,0.001,"14780","macedonicus",TRUE,"52 SNP","all_together"
0,0.001,0.002,0.996,0.001,"14781","macedonicus",TRUE,"52 SNP","all_together"
0.998,0,0.002,0,0,"xDemirbey1","anatolicus",TRUE,"49 SNP","all_together"
0.998,0,0.002,0,0,"xDemirbey2","anatolicus",TRUE,"49 SNP","all_together"
0.999,0,0.001,0,0,"xDemirbey3","anatolicus",TRUE,"49 SNP","all_together"
0.999,0,0.001,0,0,"xDemirbey4","anatolicus",TRUE,"49 SNP","all_together"
0.999,0,0.001,0,0,"xDemirbey5","anatolicus",TRUE,"49 SNP","all_together"
0.999,0,0.001,0,0,"xDemirbey6","anatolicus",TRUE,"49 SNP","all_together"
0,0.001,0.997,0.001,0.001,"14570","ivanbureschi",TRUE,"49 SNP","all_together"
0,0.001,0.9979,0.001,1e-04,"14792","ivanbureschi",TRUE,"49 SNP","all_together"
0,0.001,0.997,0.001,0.001,"14571","ivanbureschi",TRUE,"49 SNP","all_together"
0,0.997,0.001,0.001,0.001,"xDertsen1","cristatus",TRUE,"52 SNP","all_together"
0,0.997,0.001,0.001,0.001,"xDertsen2","cristatus",TRUE,"52 SNP","all_together"
0,0.997,0.001,0.001,0.001,"xDertsen3","cristatus",TRUE,"52 SNP","all_together"
0,0.001,0.1248,0.8722,0.002,"14728","macedonicus",FALSE,"52 SNP","all_together"
0,0.001,0.189,0.809,0.001,"14729","macedonicus",FALSE,"52 SNP","all_together"
0,0.0022,0.2098,0.787,0.001,"14730","macedonicus",FALSE,"52 SNP","all_together"
0,0.0561,0.4171,0.4247,0.1021,"xDjurdjevac1","hybrid",FALSE,"52 SNP","all_together"
0,0.001,0.4473,0.2907,0.261,"xDjurdjevac2","hybrid",FALSE,"52 SNP","all_together"
0,0.001,0.5328,0.3333,0.1329,"xDjurdjevac3","ivanbureschi",FALSE,"49 SNP","all_together"
0,0.001,0.831,0.001,0.167,"xDjurinci1","ivanbureschi",FALSE,"49 SNP","all_together"
0,0.001,0.8948,0.001,0.1032,"xDjurinci2","ivanbureschi",FALSE,"49 SNP","all_together"
0,0.0053,0.0102,0.9835,0.001,"14605","macedonicus",TRUE,"52 SNP","all_together"
0,0.001,0.001,0.997,0.001,"14606","macedonicus",TRUE,"52 SNP","all_together"
0,0.001,0.0462,0.9518,0.001,"14798","macedonicus",FALSE,"52 SNP","all_together"
0,0.001,0.1471,0.8509,0.001,"14585","macedonicus",FALSE,"52 SNP","all_together"
0,0.001,0.2531,0.7449,0.001,"14586","macedonicus",FALSE,"52 SNP","all_together"
0,0.001,0.1234,0.8746,0.001,"14587","macedonicus",FALSE,"52 SNP","all_together"
0,0.106,0.892,0.001,0.001,"xDolni-Dabnik1","ivanbureschi",FALSE,"49 SNP","all_together"
0,0.001,0.997,0.001,0.001,"xDolni-Koriten1","ivanbureschi",TRUE,"49 SNP","all_together"
0,0.001,0.97,0.0289,1e-04,"xDolni-Koriten2","ivanbureschi",TRUE,"49 SNP","all_together"
0,0.0018,0.0886,0.9086,0.001,"xDojni-Dusnik1","macedonicus",FALSE,"52 SNP","all_together"
0,0.001,0.0648,0.9332,0.001,"xDojni-Dusnik2","macedonicus",FALSE,"52 SNP","all_together"
0,0.001,0.1302,0.8678,0.001,"xDojni-Dusnik3","macedonicus",FALSE,"52 SNP","all_together"
0,0.001,0.001,0.997,0.001,"xDonji-Lokanj1","macedonicus",TRUE,"52 SNP","all_together"
0,0.0023,0.001,0.9906,0.0061,"xDonji-Lokanj2","macedonicus",TRUE,"52 SNP","all_together"
0,0.001,9e-04,0.9971,0.001,"xDonji-Lokanj3","macedonicus",TRUE,"52 SNP","all_together"
0,0,0,1,0,"14598","macedonicus",TRUE,"inferred","all_together"
0,0,0,1,0,"14613","macedonicus",TRUE,"inferred","all_together"
0,0,0,1,0,"14614","macedonicus",TRUE,"inferred","all_together"
0,0.8022,0.1958,0.001,0.001,"xDuboka1","cristatus",FALSE,"52 SNP","all_together"
0,0.7349,0.2631,0.001,0.001,"xDuboka2","cristatus",FALSE,"52 SNP","all_together"
0,0.8221,0.1739,0.003,0.001,"xDuboka3","cristatus",FALSE,"52 SNP","all_together"
0,0.0012,0.0112,0.9856,0.002,"xDubrave1","macedonicus",TRUE,"52 SNP","all_together"
0,0.001,0.0156,0.9824,0.001,"xDubrave2","macedonicus",TRUE,"52 SNP","all_together"
0,0.0253,0.002,0.9717,0.001,"xDubrave3","macedonicus",TRUE,"52 SNP","all_together"
0.001,0,0.999,0,0,"14504","ivanbureschi",TRUE,"49 SNP","all_together"
0.001,0,0.999,0,0,"14505","ivanbureschi",TRUE,"49 SNP","all_together"
0.001,0,0.999,0,0,"14506","ivanbureschi",TRUE,"49 SNP","all_together"
0.002,0,0.998,0,0,"xDursunköy1","ivanbureschi",TRUE,"49 SNP","all_together"
0.003,0,0.997,0,0,"xDursunköy2","ivanbureschi",TRUE,"49 SNP","all_together"
0.002,0,0.998,0,0,"xDursunköy3","ivanbureschi",TRUE,"49 SNP","all_together"
0.004,0,0.996,0,0,"xDursunköy4","ivanbureschi",TRUE,"49 SNP","all_together"
0.001,0,0.999,0,0,"xDursunköy5","ivanbureschi",TRUE,"49 SNP","all_together"
0.001,0,0.999,0,0,"xDursunköy6","ivanbureschi",TRUE,"49 SNP","all_together"
0.001,0,0.999,0,0,"xDursunköy7","ivanbureschi",TRUE,"49 SNP","all_together"
0.007,0.001,0.99,0.001,0.001,"xEfes1","ivanbureschi",TRUE,"49 SNP","all_together"
0.002,0.002,0.994,0.001,0.001,"xEfes2","ivanbureschi",TRUE,"49 SNP","all_together"
0.013,0.001,0.984,0.001,0.001,"xEfes3","ivanbureschi",TRUE,"49 SNP","all_together"
0.004,0,0.996,0,0,"xEskikızılelma1","ivanbureschi",TRUE,"49 SNP","all_together"
0.001,0.001,0.9969,0.001,1e-04,"xEzine1","ivanbureschi",TRUE,"49 SNP","all_together"
0,0.001,0.001,0.997,0.001,"14468","macedonicus",TRUE,"52 SNP","all_together"
0,0.001,0.001,0.997,0.001,"14469","macedonicus",TRUE,"52 SNP","all_together"
0,0.001,0.001,0.997,0.001,"14470","macedonicus",TRUE,"52 SNP","all_together"
0,0.001,0.9152,0.0837,1e-04,"xGabrene1","ivanbureschi",FALSE,"49 SNP","all_together"
0,0.001,0.9401,0.0588,1e-04,"14627","ivanbureschi",FALSE,"49 SNP","all_together"
0,0.001,0.874,0.124,0.001,"14628","ivanbureschi",FALSE,"49 SNP","all_together"
0,0.001,0.9006,0.0974,0.001,"14629","ivanbureschi",FALSE,"49 SNP","all_together"
0,0.7615,0.001,0.001,0.2365,"xGherteniş1","cristatus",FALSE,"52 SNP","all_together"
0,0.7241,0.001,0.001,0.2739,"xGherteniş2","cristatus",FALSE,"52 SNP","all_together"
0,0.7409,0.001,0.001,0.2571,"xGherteniş3","cristatus",FALSE,"52 SNP","all_together"
0,0.001,0.9979,0.001,1e-04,"xGintsi1","ivanbureschi",TRUE,"49 SNP","all_together"
0,0.001,0.9979,0.001,1e-04,"xGintsi2","ivanbureschi",TRUE,"49 SNP","all_together"
0,0.001,0.9979,0.001,1e-04,"14497","ivanbureschi",TRUE,"49 SNP","all_together"
0,5e-04,0.9985,0.001,0,"14516","ivanbureschi",TRUE,"49 SNP","all_together"
0,0.001,0.998,0.001,0,"xGolesh1","ivanbureschi",TRUE,"49 SNP","all_together"
0,0.001,0.0278,0.9702,0.001,"xGornja-Čadjavica1","macedonicus",TRUE,"52 SNP","all_together"
0,0.001,0.002,0.7989,0.1981,"xGornja-Čadjavica3","macedonicus",FALSE,"52 SNP","all_together"
0.999,0,0.001,0,0,"xGökçekent1","anatolicus",TRUE,"49 SNP","all_together"
0.999,0,0.001,0,0,"xGökçekent2","anatolicus",TRUE,"49 SNP","all_together"
0.999,0,0.001,0,0,"xGökçekent3","anatolicus",TRUE,"49 SNP","all_together"
0.999,0,0.001,0,0,"xGökçekent4","anatolicus",TRUE,"49 SNP","all_together"
0.999,0,0.001,0,0,"xGökçekent5","anatolicus",TRUE,"49 SNP","all_together"
0.999,0,0.001,0,0,"xGökçekent6","anatolicus",TRUE,"49 SNP","all_together"
0.999,0,0.001,0,0,"xGökçekent7","anatolicus",TRUE,"49 SNP","all_together"
0.999,0,0.001,0,0,"xGökçekent8","anatolicus",TRUE,"49 SNP","all_together"
0.999,0,0.001,0,0,"xGökçekent9","anatolicus",TRUE,"49 SNP","all_together"
0.999,0,0.001,0,0,"xGökçekent10","anatolicus",TRUE,"49 SNP","all_together"
0.999,0,0.001,0,0,"xGökçekent11","anatolicus",TRUE,"49 SNP","all_together"
0.999,0,0.001,0,0,"xGökçekent12","anatolicus",TRUE,"49 SNP","all_together"
0.999,0,0.001,0,0,"14560","anatolicus",TRUE,"49 SNP","all_together"
0.999,0,0.001,0,0,"14561","anatolicus",TRUE,"49 SNP","all_together"
0.999,0,0.001,0,0,"14562","anatolicus",TRUE,"49 SNP","all_together"
0.998,0,0.002,0,0,"xGölköy1","anatolicus",TRUE,"49 SNP","all_together"
0.998,0,0.002,0,0,"xGölköy2","anatolicus",TRUE,"49 SNP","all_together"
0.996,0,0.004,0,0,"xGölköy3","anatolicus",TRUE,"49 SNP","all_together"
0.997,0,0.003,0,0,"xGölköy4","anatolicus",TRUE,"49 SNP","all_together"
0.997,0,0.003,0,0,"xGölköy5","anatolicus",TRUE,"49 SNP","all_together"
0.999,0,0.001,0,0,"xGölköy6","anatolicus",TRUE,"49 SNP","all_together"
0.999,0,0.001,0,0,"xGölköy7","anatolicus",TRUE,"49 SNP","all_together"
0.999,0,0.001,0,0,"xGölköy8","anatolicus",TRUE,"49 SNP","all_together"
0.999,0,0.001,0,0,"xGölköy9","anatolicus",TRUE,"49 SNP","all_together"
0,0.001,0.8144,0.1836,0.001,"xGornja-Sabanta1","ivanbureschi",FALSE,"49 SNP","all_together"
0,0.001,0.165,0.833,0.001,"14639","macedonicus",FALSE,"52 SNP","all_together"
0,0.001,0.0829,0.9151,0.001,"14640","macedonicus",FALSE,"52 SNP","all_together"
0,0.001,0.0812,0.9168,0.001,"14641","macedonicus",FALSE,"52 SNP","all_together"
0,0.001,0.0095,0.9885,0.001,"14615","macedonicus",TRUE,"52 SNP","all_together"
0,0.001,0.0019,0.9961,0.001,"14616","macedonicus",TRUE,"52 SNP","all_together"
0,0.001,0.001,0.997,0.001,"14617","macedonicus",TRUE,"52 SNP","all_together"
0,0.001,0.001,0.997,0.001,"xGracen1","macedonicus",TRUE,"52 SNP","all_together"
0,0.001,0.001,0.997,0.001,"xGracen2","macedonicus",TRUE,"52 SNP","all_together"
0,0.001,0.001,0.997,0.001,"xGracen3","macedonicus",TRUE,"52 SNP","all_together"
0,0.001,0.1865,0.8115,0.001,"xGrcak1","macedonicus",FALSE,"52 SNP","all_together"
0,0.001,0.2201,0.7779,0.001,"xGrcak2","macedonicus",FALSE,"52 SNP","all_together"
0,0.001,0.1907,0.8073,0.001,"xGrcak3","macedonicus",FALSE,"52 SNP","all_together"
0,0.001,0.1341,0.8639,0.001,"14770","macedonicus",FALSE,"52 SNP","all_together"
0,0.001,0.1182,0.8798,0.001,"14771","macedonicus",FALSE,"52 SNP","all_together"
0,0.001,0.0532,0.9448,0.001,"14590","macedonicus",FALSE,"52 SNP","all_together"
0,0.001,0.867,0.131,0.001,"14711","ivanbureschi",FALSE,"49 SNP","all_together"
0,0.001,0.8962,0.1008,0.002,"14712","ivanbureschi",FALSE,"49 SNP","all_together"
0,0.0019,0.972,0.025,0.0011,"14713","ivanbureschi",TRUE,"49 SNP","all_together"
0,0.0281,0.9017,0.0682,0.002,"xGrza1","ivanbureschi",FALSE,"49 SNP","all_together"
0,0.0042,0.9364,0.0584,0.001,"xGuberevac1","ivanbureschi",FALSE,"49 SNP","all_together"
0,0.002,0.7561,0.2409,0.001,"xGuberevac2","ivanbureschi",FALSE,"49 SNP","all_together"
0,0.001,0.7471,0.2509,0.001,"xGuberevac3","ivanbureschi",FALSE,"49 SNP","all_together"
0.999,0,0.001,0,0,"14642","anatolicus",TRUE,"49 SNP","all_together"
0.999,0,0.001,0,0,"14643","anatolicus",TRUE,"49 SNP","all_together"
0.999,0,0.001,0,0,"14784","anatolicus",TRUE,"49 SNP","all_together"
0.999,0,0.001,0,0,"xGürbulak1","anatolicus",TRUE,"49 SNP","all_together"
0.998,0,0.002,0,0,"14677","anatolicus",TRUE,"49 SNP","all_together"
0.999,0,0.001,0,0,"14678","anatolicus",TRUE,"49 SNP","all_together"
0.999,0,0.001,0,0,"14679","anatolicus",TRUE,"49 SNP","all_together"
0.998,0,0.002,0,0,"xHanköy1","anatolicus",TRUE,"49 SNP","all_together"
0.999,0,0.001,0,0,"xHanköy2","anatolicus",TRUE,"49 SNP","all_together"
0.999,0,0.001,0,0,"xHanköy3","anatolicus",TRUE,"49 SNP","all_together"
0.999,0,0.001,0,0,"xHanköy4","anatolicus",TRUE,"49 SNP","all_together"
0.999,0,0.001,0,0,"xHanköy5","anatolicus",TRUE,"49 SNP","all_together"
0.999,0,0.001,0,0,"xHanköy6","anatolicus",TRUE,"49 SNP","all_together"
0.999,0,0.001,0,0,"xHanköy7","anatolicus",TRUE,"49 SNP","all_together"
0.999,0,0.001,0,0,"xHanköy8","anatolicus",TRUE,"49 SNP","all_together"
0.999,0,0.001,0,0,"xHanköy9","anatolicus",TRUE,"49 SNP","all_together"
0,0.6311,0.001,0.001,0.3669,"xHarlets1","cristatus",FALSE,"52 SNP","all_together"
0,0.5737,0.001,0.001,0.4243,"xHarlets2","cristatus",FALSE,"52 SNP","all_together"
0,0.6188,0.001,0.001,0.3792,"xHarlets3","cristatus",FALSE,"52 SNP","all_together"
0,0.9978,2e-04,0.001,0.001,"xHeeze1","cristatus",TRUE,"52 SNP","all_together"
0,0.9978,2e-04,0.001,0.001,"xHeeze2","cristatus",TRUE,"52 SNP","all_together"
0,0.9978,2e-04,0.001,0.001,"xHeeze3","cristatus",TRUE,"52 SNP","all_together"
0,0.997,0.001,0.001,0.001,"xHurezani1","cristatus",TRUE,"52 SNP","all_together"
0,0.997,0.001,0.001,0.001,"xHurezani2","cristatus",TRUE,"52 SNP","all_together"
0,0.9768,0.0141,0.002,0.0071,"xHurezani3","cristatus",TRUE,"52 SNP","all_together"
0.998,0,0.002,0,0,"xIhsaniye1","anatolicus",TRUE,"49 SNP","all_together"
0,0.001,0.998,0.001,0,"xIliya1","ivanbureschi",TRUE,"49 SNP","all_together"
0,0.001,0.998,0.001,0,"xIliya2","ivanbureschi",TRUE,"49 SNP","all_together"
0.002,0.001,0.995,0.001,0.001,"xIzgrev1","ivanbureschi",TRUE,"49 SNP","all_together"
0.002,0.001,0.995,0.001,0.001,"14672","ivanbureschi",TRUE,"49 SNP","all_together"
0.001,0.001,0.996,0.001,0.001,"14673","ivanbureschi",TRUE,"49 SNP","all_together"
0,0.997,0.001,0.001,0.001,"xJabukovac1","cristatus",TRUE,"52 SNP","all_together"
0,0.9895,7e-04,0.001,0.0088,"xJabukovac2","cristatus",TRUE,"52 SNP","all_together"
0,0.9172,0.001,0.0479,0.0339,"xJabukovac3","cristatus",FALSE,"52 SNP","all_together"
0,0.001,0.5963,0.4017,0.001,"14636","ivanbureschi",FALSE,"49 SNP","all_together"
0,0.0163,0.5644,0.4155,0.0038,"14637","ivanbureschi",FALSE,"49 SNP","all_together"
0,0.052,0.4911,0.4559,0.001,"14638","hybrid",FALSE,"52 SNP","all_together"
0,0.001,0.2557,0.7423,0.001,"xJezero-Ploce1","macedonicus",FALSE,"52 SNP","all_together"
0,0.001,0.2729,0.7251,0.001,"xJezero-Ploce2","macedonicus",FALSE,"52 SNP","all_together"
0,0.001,0.2085,0.7895,0.001,"14661","macedonicus",FALSE,"52 SNP","all_together"
0,0,0,1,0,"10685","macedonicus",TRUE,"inferred","all_together"
0.001,0.001,0.985,0.001,0.012,"14529","ivanbureschi",TRUE,"49 SNP","all_together"
0.001,0.001,0.9967,0.001,3e-04,"14691","ivanbureschi",TRUE,"49 SNP","all_together"
0.001,0.001,0.996,0.001,0.001,"14530","ivanbureschi",TRUE,"49 SNP","all_together"
0,0.001,0.001,0.997,0.001,"xKaragač1","macedonicus",TRUE,"52 SNP","all_together"
0,0.001,0.001,0.997,0.001,"xKaragač2","macedonicus",TRUE,"52 SNP","all_together"
0,0.001,0.001,0.997,0.001,"xKaragač3","macedonicus",TRUE,"52 SNP","all_together"
0.001,0.003,0.9904,0.003,0.0026,"xKarakadılar1","ivanbureschi",TRUE,"49 SNP","all_together"
0.001,0.001,0.9969,0.001,1e-04,"xKarakadılar2","ivanbureschi",TRUE,"49 SNP","all_together"
0.001,0.004,0.989,0.003,0.003,"xKarakadılar3","ivanbureschi",TRUE,"49 SNP","all_together"
0.001,0,0.999,0,0,"xKarakadılar4","ivanbureschi",TRUE,"49 SNP","all_together"
0.001,0,0.999,0,0,"xKarakadılar5","ivanbureschi",TRUE,"49 SNP","all_together"
0.001,0,0.999,0,0,"xKarakadılar6","ivanbureschi",TRUE,"49 SNP","all_together"
0.001,0,0.999,0,0,"xKarakadılar7","ivanbureschi",TRUE,"49 SNP","all_together"
0.001,0,0.999,0,0,"xKarakadılar8","ivanbureschi",TRUE,"49 SNP","all_together"
0.001,0,0.999,0,0,"xKarakadılar9","ivanbureschi",TRUE,"49 SNP","all_together"
0.001,0,0.999,0,0,"xKarakadılar10","ivanbureschi",TRUE,"49 SNP","all_together"
0.001,0,0.999,0,0,"xKarakadılar11","ivanbureschi",TRUE,"49 SNP","all_together"
0.999,0,0.001,0,0,"14563","anatolicus",TRUE,"49 SNP","all_together"
0.999,0,0.001,0,0,"14564","anatolicus",TRUE,"49 SNP","all_together"
0.998,0,0.002,0,0,"14565","anatolicus",TRUE,"49 SNP","all_together"
0.999,0,0.001,0,0,"xKarakoç1","anatolicus",TRUE,"49 SNP","all_together"
0.999,0,0.001,0,0,"xKarakoç2","anatolicus",TRUE,"49 SNP","all_together"
0.999,0,0.001,0,0,"xKarakoç3","anatolicus",TRUE,"49 SNP","all_together"
0.999,0,0.001,0,0,"xKarakoç4","anatolicus",TRUE,"49 SNP","all_together"
0.998,0,0.002,0,0,"xKarakoç5","anatolicus",TRUE,"49 SNP","all_together"
0.999,0,0.001,0,0,"xKarakoç6","anatolicus",TRUE,"49 SNP","all_together"
0.999,0,0.001,0,0,"xKarakoç7","anatolicus",TRUE,"49 SNP","all_together"
0.999,0,0.001,0,0,"xKarakoç8","anatolicus",TRUE,"49 SNP","all_together"
0.999,0,0.001,0,0,"xKarakoç9","anatolicus",TRUE,"49 SNP","all_together"
0.999,0,0.001,0,0,"xKarakoç10","anatolicus",TRUE,"49 SNP","all_together"
0.999,0,0.001,0,0,"xKarakoç11","anatolicus",TRUE,"49 SNP","all_together"
0.999,0,0.001,0,0,"xKarakoç12","anatolicus",TRUE,"49 SNP","all_together"
0,0.001,0.0561,0.9419,0.001,"14541","macedonicus",FALSE,"52 SNP","all_together"
0,0.001,0.0598,0.9382,0.001,"14542","macedonicus",FALSE,"52 SNP","all_together"
0,0.0015,0.0609,0.9366,0.001,"14543","macedonicus",FALSE,"52 SNP","all_together"
0.999,0,0.001,0,0,"xKarasu1","anatolicus",TRUE,"49 SNP","all_together"
0.998001998001998,0,0.001998001998002,0,0,"xKarasu2","anatolicus",TRUE,"49 SNP","all_together"
0,0.001,0.1063,0.8917,0.001,"xKarbinci1","macedonicus",FALSE,"52 SNP","all_together"
0,0.001,0.998,0.001,0,"14522","ivanbureschi",TRUE,"49 SNP","all_together"
0,0.001,0.998,0.001,0,"14523","ivanbureschi",TRUE,"49 SNP","all_together"
0,0.001,0.998,0.001,0,"14687","ivanbureschi",TRUE,"49 SNP","all_together"
0,0.085,0.913,0.001,0.001,"xKarlukovo1","ivanbureschi",FALSE,"49 SNP","all_together"
0,0.1613,0.8357,0.002,0.001,"xKarlukovo2","ivanbureschi",FALSE,"49 SNP","all_together"
0,0.001,0.997,0.001,0.001,"xKatratzides1","ivanbureschi",TRUE,"49 SNP","all_together"
0,0.001,0.998,0.001,0,"xKatratzides2","ivanbureschi",TRUE,"49 SNP","all_together"
0,0.001,0.997,0.001,0.001,"xKatratzides3","ivanbureschi",TRUE,"49 SNP","all_together"
0.001,0.001,0.9969,0.001,1e-04,"14723","ivanbureschi",TRUE,"49 SNP","all_together"
0.001,0.001,0.9759,0.022,1e-04,"14724","ivanbureschi",TRUE,"49 SNP","all_together"
0.001,0.001,0.9734,0.0236,0.001,"14708","ivanbureschi",TRUE,"inferred","all_together"
0.001,0.001,0.9501,0.0478,1e-04,"xKentriko2_1","ivanbureschi",FALSE,"49 SNP","all_together"
0,0.001,0.001,0.997,0.001,"14633","macedonicus",TRUE,"52 SNP","all_together"
0,0.001,0.001,0.997,0.001,"14634","macedonicus",TRUE,"52 SNP","all_together"
0,0.001,0.001,0.997,0.001,"14635","macedonicus",TRUE,"52 SNP","all_together"
0.001,0.001,0.9963,0.001,7e-04,"14750","ivanbureschi",TRUE,"49 SNP","all_together"
0.001,0.001,0.996,0.001,0.001,"14751","ivanbureschi",TRUE,"49 SNP","all_together"
0.001,0.001,0.997,0.001,0,"14752","ivanbureschi",TRUE,"49 SNP","all_together"
0.001,0,0.999,0,0,"xKesan1","ivanbureschi",TRUE,"49 SNP","all_together"
0.001,0,0.999,0,0,"xKesan2","ivanbureschi",TRUE,"49 SNP","all_together"
0.001,0,0.999,0,0,"xKesan3","ivanbureschi",TRUE,"49 SNP","all_together"
0.001,0,0.999,0,0,"xKesan4","ivanbureschi",TRUE,"49 SNP","all_together"
0.001,0,0.999,0,0,"xKesan5","ivanbureschi",TRUE,"49 SNP","all_together"
0.001,0,0.999,0,0,"xKesan6","ivanbureschi",TRUE,"49 SNP","all_together"
0.001,0,0.999,0,0,"xKesan7","ivanbureschi",TRUE,"49 SNP","all_together"
0.002,0,0.998,0,0,"xKesan8","ivanbureschi",TRUE,"49 SNP","all_together"
0.002,0,0.998,0,0,"xKesan9","ivanbureschi",TRUE,"49 SNP","all_together"
0,0.001,0.062,0.936,0.001,"xKesino-Jezero1","macedonicus",FALSE,"52 SNP","all_together"
0.999,0,0.001,0,0,"14467","anatolicus",TRUE,"49 SNP","all_together"
0.998001998001998,0,0.001998001998002,0,0,"14748","anatolicus",TRUE,"49 SNP","all_together"
0.998,0,0.002,0,0,"14749","anatolicus",TRUE,"49 SNP","all_together"
0.999,0,0.001,0,0,"xKethüda1","anatolicus",TRUE,"49 SNP","all_together"
0.998001998001998,0,0.001998001998002,0,0,"xKethüda2","anatolicus",TRUE,"49 SNP","all_together"
0.999,0,0.001,0,0,"xKethüda3","anatolicus",TRUE,"49 SNP","all_together"
0.999,0,0.001,0,0,"xKethüda4","anatolicus",TRUE,"49 SNP","all_together"
0.998,0,0.002,0,0,"xKethüda5","anatolicus",TRUE,"49 SNP","all_together"
0.999,0,0.001,0,0,"xKethüda6","anatolicus",TRUE,"49 SNP","all_together"
0.999,0,0.001,0,0,"xKethüda7","anatolicus",TRUE,"49 SNP","all_together"
0.998,0,0.002,0,0,"xKethüda8","anatolicus",TRUE,"49 SNP","all_together"
0.998,0,0.002,0,0,"xKethüda9","anatolicus",TRUE,"49 SNP","all_together"
0,0.001,0.001,0.997,0.001,"14662","macedonicus",TRUE,"52 SNP","all_together"
0,0.001,0.001,0.997,0.001,"14624","macedonicus",TRUE,"52 SNP","all_together"
0,0.002,0.003,0.994,0.001,"14663","macedonicus",TRUE,"52 SNP","all_together"
0.895,0,0.105,0,0,"14787","anatolicus",FALSE,"49 SNP","all_together"
0.982,0,0.018,0,0,"14665","anatolicus",TRUE,"49 SNP","all_together"
0.968,0,0.032,0,0,"14666","anatolicus",FALSE,"49 SNP","all_together"
0.923,0,0.077,0,0,"xKirazliyayla1","anatolicus",FALSE,"49 SNP","all_together"
0.946,0,0.054,0,0,"xKirazliyayla2","anatolicus",FALSE,"49 SNP","all_together"
0.949,0,0.051,0,0,"xKirazliyayla3","anatolicus",FALSE,"49 SNP","all_together"
0.866,0,0.134,0,0,"xKirazliyayla4","anatolicus",FALSE,"49 SNP","all_together"
0.918,0,0.082,0,0,"xKirazliyayla5","anatolicus",FALSE,"49 SNP","all_together"
0.954,0,0.046,0,0,"xKirazliyayla6","anatolicus",FALSE,"49 SNP","all_together"
0.739260739260739,0,0.260739260739261,0,0,"xKirazliyayla7","anatolicus",FALSE,"49 SNP","all_together"
0.75,0,0.25,0,0,"xKirazliyayla8","anatolicus",FALSE,"49 SNP","all_together"
0.831,0,0.169,0,0,"xKirazliyayla9","anatolicus",FALSE,"49 SNP","all_together"
0,0.9111,0.0199,0.002,0.067,"xKladovo2","cristatus",FALSE,"52 SNP","all_together"
0,0.997,0.001,0.001,0.001,"14695","cristatus",TRUE,"52 SNP","all_together"
0,0.9962,0.0018,0.001,0.001,"14696","cristatus",TRUE,"52 SNP","all_together"
0,0.9823,0.0157,0.001,0.001,"14697","cristatus",TRUE,"52 SNP","all_together"
0.002,0.001,0.995,0.001,0.001,"14558","ivanbureschi",TRUE,"49 SNP","all_together"
0.002,0.001,0.995,0.001,0.001,"14559","ivanbureschi",TRUE,"49 SNP","all_together"
0.004,0.001,0.993,0.001,0.001,"14744","ivanbureschi",TRUE,"49 SNP","all_together"
0,0.001,0.9949,0.0034,7e-04,"14572","ivanbureschi",TRUE,"49 SNP","all_together"
0,0.001,0.9979,0.001,1e-04,"14573","ivanbureschi",TRUE,"49 SNP","all_together"
0,0.001,0.9505,0.0475,0.001,"14574","ivanbureschi",FALSE,"49 SNP","all_together"
0,0.001,0.9979,0.001,1e-04,"xKolets1","ivanbureschi",TRUE,"49 SNP","all_together"
0,0.001,0.001,0.997,0.001,"14774","macedonicus",TRUE,"52 SNP","all_together"
0,0.001,0.001,0.997,0.001,"14775","macedonicus",TRUE,"52 SNP","all_together"
0,0.001,0.001,0.997,0.001,"14776","macedonicus",TRUE,"52 SNP","all_together"
0,0.001,0.001,0.997,0.001,"xKorab-Mts1","macedonicus",TRUE,"52 SNP","all_together"
0,0.001,0.001,0.997,0.001,"xKorab-Mts2","macedonicus",TRUE,"52 SNP","all_together"
0,0.001,0.001,0.997,0.001,"xKorab-Mts3","macedonicus",TRUE,"52 SNP","all_together"
0,0.001,6e-04,0.9983,1e-04,"xKounoupena1","macedonicus",TRUE,"52 SNP","all_together"
0,0.001,2e-04,0.9978,0.001,"xKounoupena2","macedonicus",TRUE,"52 SNP","all_together"
0,0.001,0.001,0.997,0.001,"xKounoupena3","macedonicus",TRUE,"52 SNP","all_together"
0,0.079,0.4418,0.4782,0.001,"14474","hybrid",FALSE,"52 SNP","all_together"
0,0.2196,0.3931,0.3863,0.001,"14475","hybrid",FALSE,"52 SNP","all_together"
0,0.019,0.3413,0.6387,0.001,"14476","macedonicus",FALSE,"52 SNP","all_together"
0,0.6888,0.001,0.001,0.3092,"xKruščica1","cristatus",FALSE,"52 SNP","all_together"
0,0.9076,0.001,0.001,0.0904,"xKruščica2","cristatus",FALSE,"52 SNP","all_together"
0,0.7831,0.001,0.001,0.2149,"xKruščica3","cristatus",FALSE,"52 SNP","all_together"
0.998,0,0.002,0,0,"14507","anatolicus",TRUE,"49 SNP","all_together"
0.999,0,0.001,0,0,"14508","anatolicus",TRUE,"49 SNP","all_together"
0.999,0,0.001,0,0,"14509","anatolicus",TRUE,"49 SNP","all_together"
0.999,0,0.001,0,0,"xKuyumculu1","anatolicus",TRUE,"49 SNP","all_together"
0.999,0,0.001,0,0,"xKuyumculu2","anatolicus",TRUE,"49 SNP","all_together"
0.999,0,0.001,0,0,"xKuyumculu3","anatolicus",TRUE,"49 SNP","all_together"
0.999,0,0.001,0,0,"xKuyumculu4","anatolicus",TRUE,"49 SNP","all_together"
0.999,0,0.001,0,0,"xKuyumculu5","anatolicus",TRUE,"49 SNP","all_together"
0.999,0,0.001,0,0,"xKuyumculu6","anatolicus",TRUE,"49 SNP","all_together"
0.999,0,0.001,0,0,"xKuyumculu7","anatolicus",TRUE,"49 SNP","all_together"
0.999,0,0.001,0,0,"xKuyumculu8","anatolicus",TRUE,"49 SNP","all_together"
0.999,0,0.001,0,0,"xKuyumculu9","anatolicus",TRUE,"49 SNP","all_together"
0,0.0908,0.9072,0.001,0.001,"xKykrina1","ivanbureschi",FALSE,"49 SNP","all_together"
0,0.001,0.997,0.001,0.001,"xKykrina2","ivanbureschi",TRUE,"49 SNP","all_together"
0,0.9977,3e-04,0.001,0.001,"xLeemkuilen-Tongeren1","cristatus",TRUE,"52 SNP","all_together"
0,0.9977,3e-04,0.001,0.001,"xLeemkuilen-Tongeren2","cristatus",TRUE,"52 SNP","all_together"
0,0.9978,2e-04,0.001,0.001,"xLeemkuilen-Tongeren3","cristatus",TRUE,"52 SNP","all_together"
0,0.9244,0.001,0.001,0.0736,"xLeskovački-Potok1","cristatus",FALSE,"52 SNP","all_together"
0,0.9165,0.001,0.001,0.0815,"xLeskovački-Potok2","cristatus",FALSE,"52 SNP","all_together"
0,0.9071,0.001,0.001,0.0909,"xLeskovački-Potok3","cristatus",FALSE,"52 SNP","all_together"
0.001,0.001,0.996,0.001,0.001,"14532","ivanbureschi",TRUE,"49 SNP","all_together"
0.001,0.0108,0.9871,0.001,1e-04,"14701","ivanbureschi",TRUE,"49 SNP","all_together"
0.001,0.0176,0.9794,0.001,0.001,"14702","ivanbureschi",TRUE,"49 SNP","all_together"
0,0.001,0.9979,0.001,1e-04,"xLilyache1","ivanbureschi",TRUE,"49 SNP","all_together"
0,0.001,0.9979,0.001,1e-04,"xLilyache2","ivanbureschi",TRUE,"49 SNP","all_together"
0,0.001,0.9979,0.001,1e-04,"14577","ivanbureschi",TRUE,"49 SNP","all_together"
0,0.001,0.9979,0.001,1e-04,"14578","ivanbureschi",TRUE,"49 SNP","all_together"
0,0.001,0.9979,0.001,1e-04,"14579","ivanbureschi",TRUE,"49 SNP","all_together"
0,0.001,0.2429,0.7551,0.001,"xLivadia1","macedonicus",FALSE,"52 SNP","all_together"
0,0.0014,0.2891,0.7085,0.001,"14488","macedonicus",FALSE,"52 SNP","all_together"
0,0.001,0.4103,0.5877,0.001,"14492","macedonicus",FALSE,"52 SNP","all_together"
0,0.002,0.3827,0.6143,0.001,"14493","macedonicus",FALSE,"52 SNP","all_together"
0,0.0093,0.0111,0.9786,0.001,"xLjubovija1","macedonicus",TRUE,"52 SNP","all_together"
0,0.0011,0.0364,0.9615,0.001,"xLjubovija2","macedonicus",FALSE,"52 SNP","all_together"
0,0.001,0.0022,0.9958,0.001,"xLjubovija3","macedonicus",TRUE,"52 SNP","all_together"
0,0.001,9e-04,0.9971,0.001,"14609","macedonicus",TRUE,"52 SNP","all_together"
0,0.001,0.001,0.997,0.001,"14610","macedonicus",TRUE,"52 SNP","all_together"
0,0.001,0.001,0.997,0.001,"14611","macedonicus",TRUE,"52 SNP","all_together"
0,0.001,0.001,0.997,0.001,"14692","macedonicus",TRUE,"52 SNP","all_together"
0,0.001,0.0053,0.9927,0.001,"14693","macedonicus",TRUE,"52 SNP","all_together"
0,0.001,0.0436,0.9544,0.001,"14694","macedonicus",FALSE,"52 SNP","all_together"
0,0.168,0.6296,0.2014,0.001,"xLukovo1","ivanbureschi",FALSE,"49 SNP","all_together"
0,0.001,0.001,0.997,0.001,"xLushnjë1","macedonicus",TRUE,"52 SNP","all_together"
0,0.0013,0.001,0.9967,0.001,"xLushnjë2","macedonicus",TRUE,"52 SNP","all_together"
0,0.001,0.001,0.997,0.001,"xLushnjë3","macedonicus",TRUE,"52 SNP","all_together"
0,0.001,0.997,0.001,0.001,"xMalko-Tarnovo1","ivanbureschi",TRUE,"49 SNP","all_together"
0,0.8395,0.001,0.002,0.1575,"xMarghita1","cristatus",FALSE,"52 SNP","all_together"
0,0.8741,0.001,0.001,0.1239,"xMarghita2","cristatus",FALSE,"52 SNP","all_together"
0,0.8423,0.001,0.001,0.1557,"xMarghita3","cristatus",FALSE,"52 SNP","all_together"
0,0.997,0.001,0.001,0.001,"14674","cristatus",TRUE,"52 SNP","all_together"
0,0.9936,4e-04,0.004,0.002,"14675","cristatus",TRUE,"52 SNP","all_together"
0,0.997,0.001,0.001,0.001,"14676","cristatus",TRUE,"52 SNP","all_together"
0,0.9739,0.001,0.001,0.0241,"xMihai-Bravu1","cristatus",TRUE,"52 SNP","all_together"
0,0.997,0.001,0.001,0.001,"xMihai-Bravu2","cristatus",TRUE,"52 SNP","all_together"
0,0.997,0.001,0.001,0.001,"xMihai-Bravu3","cristatus",TRUE,"52 SNP","all_together"
0,0.8242,0.1738,0.001,0.001,"14703","cristatus",FALSE,"52 SNP","all_together"
0,0.828,0.169,0.001,0.002,"14533","cristatus",FALSE,"52 SNP","all_together"
0,0.5154,0.4826,0.001,0.001,"14539","cristatus",FALSE,"52 SNP","all_together"
0,0.983,0.001,0.012,0.004,"xMiroč1","cristatus",TRUE,"52 SNP","all_together"
0,0.9978,2e-04,0.001,0.001,"xMiroč2","cristatus",TRUE,"52 SNP","all_together"
0,0.9912,0.006,0.0018,0.001,"xMiroč3","cristatus",TRUE,"52 SNP","all_together"
0.001,0.001,0.9969,0.001,1e-04,"14534","ivanbureschi",TRUE,"49 SNP","all_together"
0.001,0.001,0.9963,0.001,7e-04,"14535","ivanbureschi",TRUE,"49 SNP","all_together"
0.001,0.001,0.9969,0.001,1e-04,"14707","ivanbureschi",TRUE,"49 SNP","all_together"
0.995,0,0.005,0,0,"14742","anatolicus",TRUE,"49 SNP","all_together"
0.998,0,0.002,0,0,"14465","anatolicus",TRUE,"49 SNP","all_together"
0.998,0,0.002,0,0,"14466","anatolicus",TRUE,"49 SNP","all_together"
0.998,0,0.002,0,0,"xMollafeneri1","anatolicus",TRUE,"49 SNP","all_together"
0.996,0,0.004,0,0,"xMollafeneri2","anatolicus",TRUE,"49 SNP","all_together"
0.999,0,0.001,0,0,"xMollafeneri3","anatolicus",TRUE,"49 SNP","all_together"
0.999,0,0.001,0,0,"xMollafeneri4","anatolicus",TRUE,"49 SNP","all_together"
0.998,0,0.002,0,0,"xMollafeneri5","anatolicus",TRUE,"49 SNP","all_together"
0.998,0,0.002,0,0,"xMollafeneri6","anatolicus",TRUE,"49 SNP","all_together"
0.999,0,0.001,0,0,"xMollafeneri7","anatolicus",TRUE,"49 SNP","all_together"
0.999,0,0.001,0,0,"xMollafeneri8","anatolicus",TRUE,"49 SNP","all_together"
0.999,0,0.001,0,0,"xMollafeneri9","anatolicus",TRUE,"49 SNP","all_together"
0.999,0,0.001,0,0,"xMollafeneri10","anatolicus",TRUE,"49 SNP","all_together"
0.998,0,0.002,0,0,"xMollafeneri11","anatolicus",TRUE,"49 SNP","all_together"
0.999,0,0.001,0,0,"xMollafeneri12","anatolicus",TRUE,"49 SNP","all_together"
0.998,0,0.002,0,0,"xMollafeneri13","anatolicus",TRUE,"49 SNP","all_together"
0.997,0,0.003,0,0,"xMollafeneri14","anatolicus",TRUE,"49 SNP","all_together"
0.999,0,0.001,0,0,"xMollafeneri15","anatolicus",TRUE,"49 SNP","all_together"
0.981,0,0.019,0,0,"xMollafeneri16","anatolicus",TRUE,"49 SNP","all_together"
0.996,0,0.004,0,0,"xMollafeneri17","anatolicus",TRUE,"49 SNP","all_together"
0,0.9977,3e-04,0.001,0.001,"14582","cristatus",TRUE,"52 SNP","all_together"
0,0.997,0.001,0.001,0.001,"14583","cristatus",TRUE,"52 SNP","all_together"
0,0.993,0.001,0.002,0.004,"14648","cristatus",TRUE,"52 SNP","all_together"
0.999,0,0.001,0,0,"xMustafalı1","anatolicus",TRUE,"49 SNP","all_together"
0,0.001,0.955,0.043,0.001,"xMylochori1","ivanbureschi",FALSE,"49 SNP","all_together"
0,0.001,0.9979,0.001,1e-04,"xMylochori2","ivanbureschi",TRUE,"49 SNP","all_together"
0,0.001,0.9392,0.0588,0.001,"xMylochori3","ivanbureschi",FALSE,"49 SNP","all_together"
0,0.997,0.001,0.001,0.001,"xMyluvannya1","cristatus",TRUE,"52 SNP","all_together"
0,0.997,0.001,0.001,0.001,"xMyluvannya2","cristatus",TRUE,"52 SNP","all_together"
0,0.997,0.001,0.001,0.001,"xMyluvannya3","cristatus",TRUE,"52 SNP","all_together"
0,0.9893,0.001,0.001,0.0087,"xNegotin1","cristatus",TRUE,"52 SNP","all_together"
0,0.96,0.001,0.001,0.038,"xNegotin2","cristatus",FALSE,"52 SNP","all_together"
0,0.9068,0.005,0.001,0.0872,"xNegotin3","cristatus",FALSE,"52 SNP","all_together"
0,0.001,0.001,0.997,0.001,"xNegrades1","macedonicus",TRUE,"52 SNP","all_together"
0,0.001,0.001,0.997,0.001,"xNegrades2","macedonicus",TRUE,"52 SNP","all_together"
0,0.001,9e-04,0.9971,0.001,"xNegrades3","macedonicus",TRUE,"52 SNP","all_together"
0,0.001,0.997,0.001,0.001,"xNovo-Selo1","ivanbureschi",TRUE,"49 SNP","all_together"
0.922,0,0.078,0,0,"xOkluca1","anatolicus",FALSE,"49 SNP","all_together"
0.999,0,0.001,0,0,"xOkluca2","anatolicus",TRUE,"49 SNP","all_together"
0.983,0,0.017,0,0,"xOkluca3","anatolicus",TRUE,"49 SNP","all_together"
0.999,0,0.001,0,0,"xOkluca4","anatolicus",TRUE,"49 SNP","all_together"
0.977,0,0.023,0,0,"xOkluca5","anatolicus",TRUE,"49 SNP","all_together"
0.947052947052947,0,0.052947052947053,0,0,"xOkluca6","anatolicus",FALSE,"49 SNP","all_together"
0.968,0,0.032,0,0,"xOkluca7","anatolicus",FALSE,"49 SNP","all_together"
0.992,0,0.008,0,0,"xOkluca8","anatolicus",TRUE,"49 SNP","all_together"
0.999,0,0.001,0,0,"xOkluca9","anatolicus",TRUE,"49 SNP","all_together"
0,0.001,0.997,0.001,0.001,"xOrlovets1","ivanbureschi",TRUE,"49 SNP","all_together"
0.001,0.001,0.9969,0.001,1e-04,"14494","ivanbureschi",TRUE,"49 SNP","all_together"
0.002,0.001,0.995,0.001,0.001,"14495","ivanbureschi",TRUE,"49 SNP","all_together"
0.001,0.001,0.996,0.001,0.001,"14496","ivanbureschi",TRUE,"49 SNP","all_together"
0,0.001,0.001,0.997,0.001,"14794","macedonicus",TRUE,"52 SNP","all_together"
0,0.001,0.001,0.997,0.001,"14795","macedonicus",TRUE,"52 SNP","all_together"
0,0.001,0.001,0.997,0.001,"xPaliambela1","macedonicus",TRUE,"52 SNP","all_together"
0,0.8741,0.1239,0.001,0.001,"14580","cristatus",FALSE,"52 SNP","all_together"
0,0.863,0.122,0.001,0.014,"14581","cristatus",FALSE,"52 SNP","all_together"
0,0.9106,0.0584,0.001,0.03,"14584","cristatus",FALSE,"52 SNP","all_together"
0,0.001,0.9969,0.002,1e-04,"xParvomay1","ivanbureschi",TRUE,"49 SNP","all_together"
0,0.001,0.1202,0.8778,0.001,"14471","macedonicus",FALSE,"52 SNP","all_together"
0,0.001,0.1041,0.8939,0.001,"14472","macedonicus",FALSE,"52 SNP","all_together"
0,0.001,0.0955,0.9025,0.001,"14473","macedonicus",FALSE,"52 SNP","all_together"
0,0.001,0.997,0.001,0.001,"xPetarch1","ivanbureschi",TRUE,"49 SNP","all_together"
0,0.001,0.0012,0.9968,0.001,"14766","macedonicus",TRUE,"52 SNP","all_together"
0,0.001,0.0014,0.9966,0.001,"14767","macedonicus",TRUE,"52 SNP","all_together"
0,0.001,0.001,0.997,0.001,"14768","macedonicus",TRUE,"52 SNP","all_together"
0,0.001,0.001,0.997,0.001,"14607","macedonicus",TRUE,"52 SNP","all_together"
0,0.001,0.001,0.997,0.001,"14608","macedonicus",TRUE,"52 SNP","all_together"
0,0.001,0.001,0.997,0.001,"xPogradec1","macedonicus",TRUE,"52 SNP","all_together"
0,0.9969,0.001,0.001,0.0011,"xPomi1","cristatus",TRUE,"52 SNP","all_together"
0,0.9947,0.001,0.001,0.0033,"xPomi2","cristatus",TRUE,"52 SNP","all_together"
0,0.953,0.001,0.001,0.045,"xPomi3","cristatus",FALSE,"52 SNP","all_together"
0,0.9815,0.001,0.001,0.0165,"5074","cristatus",TRUE,"inferred","all_together"
0,0.9815,0.001,0.001,0.0165,"5075","cristatus",TRUE,"inferred","all_together"
0,0.9815,0.001,0.001,0.0165,"5077","cristatus",TRUE,"inferred","all_together"
0,0.9815,0.001,0.001,0.0165,"5080","cristatus",TRUE,"inferred","all_together"
0,0.9815,0.001,0.001,0.0165,"5081","cristatus",TRUE,"inferred","all_together"
0,0.8198,0.001,0.001,0.1782,"xPotok-lug1","cristatus",FALSE,"52 SNP","all_together"
0,0.8242,0.001,0.001,0.1738,"xPotok-lug2","cristatus",FALSE,"52 SNP","all_together"
0,0.8009,0.001,0.002,0.1961,"xPotok-lug3","cristatus",FALSE,"52 SNP","all_together"
0,0.997,0.001,0.001,0.001,"xPicâturile1","cristatus",TRUE,"52 SNP","all_together"
0,0.997,0.001,0.001,0.001,"xPicâturile2","cristatus",TRUE,"52 SNP","all_together"
0,0.997,0.001,0.001,0.001,"xPicâturile3","cristatus",TRUE,"52 SNP","all_together"
0.005,0.001,0.9919,0.001,0.0011,"xPoyralı1","ivanbureschi",TRUE,"49 SNP","all_together"
0.001,0.001,0.9969,0.001,1e-04,"xPoyralı2","ivanbureschi",TRUE,"49 SNP","all_together"
0.007,0.001,0.99,0.001,0.001,"xPoyralı3","ivanbureschi",TRUE,"49 SNP","all_together"
0,0.001,0.002,0.996,0.001,"14621","macedonicus",TRUE,"52 SNP","all_together"
0,0.001,0.001,0.997,0.001,"14622","macedonicus",TRUE,"52 SNP","all_together"
0,0.001,0.002,0.996,0.001,"14623","macedonicus",TRUE,"52 SNP","all_together"
0,0.001,0.0278,0.9701,0.0011,"xPreševo1","macedonicus",TRUE,"52 SNP","all_together"
0,0.001,0.001,0.997,0.001,"xPreševo2","macedonicus",TRUE,"52 SNP","all_together"
0,0.877,0.001,0.001,0.121,"xPrešov1","cristatus",FALSE,"52 SNP","all_together"
0,0.8136,0.001,0.001,0.1844,"xPrešov2","cristatus",FALSE,"52 SNP","all_together"
0,0.775,0.001,0.001,0.223,"xPrešov3","cristatus",FALSE,"52 SNP","all_together"
0,0.001,0.002,0.996,0.001,"xPristina1","macedonicus",TRUE,"52 SNP","all_together"
0,0.001,0.003,0.995,0.001,"xPristina2","macedonicus",TRUE,"52 SNP","all_together"
0,0.001,0.0092,0.9888,0.001,"xPristina3","macedonicus",TRUE,"52 SNP","all_together"
0,0.001,0.0923,0.9057,0.001,"14718","macedonicus",FALSE,"52 SNP","all_together"
0,0.001,0.1129,0.8851,0.001,"14719","macedonicus",FALSE,"52 SNP","all_together"
0,0.001,0.0626,0.9354,0.001,"14720","macedonicus",FALSE,"52 SNP","all_together"
0,0.001,0.2238,0.7742,0.001,"14483","macedonicus",FALSE,"52 SNP","all_together"
0,0.001,0.1762,0.8218,0.001,"14484","macedonicus",FALSE,"52 SNP","all_together"
0,0.001,0.1937,0.8043,0.001,"14485","macedonicus",FALSE,"52 SNP","all_together"
0,0.001,0.9979,0.001,1e-04,"xRakovski1","ivanbureschi",TRUE,"49 SNP","all_together"
0,0.001,0.9979,0.001,1e-04,"xRakovski2","ivanbureschi",TRUE,"49 SNP","all_together"
0,0.001,0.9729,0.02,0.0061,"xRakovski3","ivanbureschi",TRUE,"49 SNP","all_together"
0,0.001,0.1761,0.8219,0.001,"14599","macedonicus",FALSE,"52 SNP","all_together"
0,0.001,0.0957,0.9023,0.001,"14600","macedonicus",FALSE,"52 SNP","all_together"
0,0.0077,0.1861,0.8052,0.001,"14601","macedonicus",FALSE,"52 SNP","all_together"
0,0.001,0.8159,0.1821,0.001,"14714","ivanbureschi",FALSE,"49 SNP","all_together"
0,0.002,0.8008,0.1962,0.001,"14715","ivanbureschi",FALSE,"49 SNP","all_together"
0,0.0328,0.9642,0.001,0.002,"14722","ivanbureschi",FALSE,"49 SNP","all_together"
0,0.4813,0.2839,0.2208,0.014,"14480","hybrid",FALSE,"52 SNP","all_together"
0,0.4991,0.3209,0.179,0.001,"14481","hybrid",FALSE,"52 SNP","all_together"
0,0.4121,0.4955,0.0914,0.001,"14482","hybrid",FALSE,"52 SNP","all_together"
0,0.001,0.2209,0.7771,0.001,"14594","macedonicus",FALSE,"52 SNP","all_together"
0,0.001,0.1209,0.8771,0.001,"14595","macedonicus",FALSE,"52 SNP","all_together"
0,0.001,0.164,0.834,0.001,"14612","macedonicus",FALSE,"52 SNP","all_together"
0,0.997,0.001,0.001,0.001,"xSăcărâmb1","cristatus",TRUE,"52 SNP","all_together"
0,0.997,0.001,0.001,0.001,"xSăcărâmb2","cristatus",TRUE,"52 SNP","all_together"
0,0.997,0.001,0.001,0.001,"xSăcărâmb3","cristatus",TRUE,"52 SNP","all_together"
0.002,0.001,0.995,0.001,0.001,"14680","ivanbureschi",TRUE,"49 SNP","all_together"
0.002,0.001,0.995,0.001,0.001,"14681","ivanbureschi",TRUE,"49 SNP","all_together"
0.001,0.001,0.996,0.001,0.001,"14682","ivanbureschi",TRUE,"49 SNP","all_together"
0.999,0,0.001,0,0,"14788","anatolicus",TRUE,"49 SNP","all_together"
0.999,0,0.001,0,0,"14670","anatolicus",TRUE,"49 SNP","all_together"
0.998,0,0.002,0,0,"14671","anatolicus",TRUE,"49 SNP","all_together"
0.998,0,0.002,0,0,"xSafibey1","anatolicus",TRUE,"49 SNP","all_together"
0.999,0,0.001,0,0,"xSafibey2","anatolicus",TRUE,"49 SNP","all_together"
0.999,0,0.001,0,0,"xSafibey3","anatolicus",TRUE,"49 SNP","all_together"
0.001,0.001,0.996,0.001,0.001,"xSaint-Kosmas1","ivanbureschi",TRUE,"49 SNP","all_together"
0.001,0.001,0.996,0.001,0.001,"xSaint-Kosmas2","ivanbureschi",TRUE,"49 SNP","all_together"
0.001,0.001,0.9969,0.001,1e-04,"xSaint-Kosmas3","ivanbureschi",TRUE,"49 SNP","all_together"
0.001,0.001,0.996,0.001,0.001,"14737","ivanbureschi",TRUE,"49 SNP","all_together"
0.001,0.001,0.996,0.001,0.001,"14738","ivanbureschi",TRUE,"49 SNP","all_together"
0.001,0.001,0.9969,9e-04,2e-04,"14547","ivanbureschi",TRUE,"49 SNP","all_together"
0.001,0,0.999,0,0,"xSalihler1","ivanbureschi",TRUE,"49 SNP","all_together"
0.001,0,0.999,0,0,"xSalihler2","ivanbureschi",TRUE,"49 SNP","all_together"
0.001,0,0.999,0,0,"xSalihler3","ivanbureschi",TRUE,"49 SNP","all_together"
0.001,0,0.999,0,0,"xSalihler4","ivanbureschi",TRUE,"49 SNP","all_together"
0.001,0,0.999,0,0,"xSalihler5","ivanbureschi",TRUE,"49 SNP","all_together"
0.001,0,0.999,0,0,"xSalihler6","ivanbureschi",TRUE,"49 SNP","all_together"
0.001,0.001,0.997,0.001,0,"14683","ivanbureschi",TRUE,"49 SNP","all_together"
0.001,8e-04,0.9972,0.001,0,"14684","ivanbureschi",TRUE,"49 SNP","all_together"
0.001,0.001,0.9969,0.001,1e-04,"14685","ivanbureschi",TRUE,"49 SNP","all_together"
0.001,0.001,0.996,0.001,0.001,"xSarıköy1","ivanbureschi",TRUE,"49 SNP","all_together"
0.001,0.001,0.996,0.001,0.001,"xSarıköy2","ivanbureschi",TRUE,"49 SNP","all_together"
0.001,0.001,0.996,0.001,0.001,"xSarıköy3","ivanbureschi",TRUE,"49 SNP","all_together"
0.001,0,0.999,0,0,"xSarıköy4","ivanbureschi",TRUE,"49 SNP","all_together"
0.001,0,0.999,0,0,"xSarıköy5","ivanbureschi",TRUE,"49 SNP","all_together"
0.001,0,0.999,0,0,"xSarıköy6","ivanbureschi",TRUE,"49 SNP","all_together"
0.001,0,0.999,0,0,"xSarıköy7","ivanbureschi",TRUE,"49 SNP","all_together"
0.003,0,0.997,0,0,"xSarıköy8","ivanbureschi",TRUE,"49 SNP","all_together"
0.001,0,0.999,0,0,"xSarıköy9","ivanbureschi",TRUE,"49 SNP","all_together"
0.001,0,0.999,0,0,"xSarıköy10","ivanbureschi",TRUE,"49 SNP","all_together"
0.001,0,0.999,0,0,"xSarıköy11","ivanbureschi",TRUE,"49 SNP","all_together"
0.001,0,0.999,0,0,"xSarıköy12","ivanbureschi",TRUE,"49 SNP","all_together"
0.001,0,0.999,0,0,"xSarıköy13","ivanbureschi",TRUE,"49 SNP","all_together"
0.001,0,0.999,0,0,"xSarıköy14","ivanbureschi",TRUE,"49 SNP","all_together"
0.999,0,0.001,0,0,"14667","anatolicus",TRUE,"49 SNP","all_together"
0.999,0,0.001,0,0,"14668","anatolicus",TRUE,"49 SNP","all_together"
0.999,0,0.001,0,0,"14669","anatolicus",TRUE,"49 SNP","all_together"
0.999,0,0.001,0,0,"xSeben1","anatolicus",TRUE,"49 SNP","all_together"
0.999,0,0.001,0,0,"xSeben2","anatolicus",TRUE,"49 SNP","all_together"
0,0.9097,0.001,0.001,0.0883,"xSebis1","cristatus",FALSE,"52 SNP","all_together"
0,0.9796,0.001,0.008,0.0114,"xSebis3","cristatus",TRUE,"52 SNP","all_together"
0,0.001,3e-04,0.9977,0.001,"xSeli1","macedonicus",TRUE,"52 SNP","all_together"
0,0.001,5e-04,0.9975,0.001,"xSeli2","macedonicus",TRUE,"52 SNP","all_together"
0,0.002,2e-04,0.9968,0.001,"14796","macedonicus",TRUE,"52 SNP","all_together"
0,0.001,0.998,0.001,0,"xSevlievo1","ivanbureschi",TRUE,"49 SNP","all_together"
0,0.001,0.9979,0.001,1e-04,"xSevlievo2","ivanbureschi",TRUE,"49 SNP","all_together"
0,0.001,0.9979,0.001,1e-04,"xShumen1","ivanbureschi",TRUE,"49 SNP","all_together"
0.001,0.001,0.9969,0.001,1e-04,"14755","ivanbureschi",TRUE,"49 SNP","all_together"
0.001,0.001,0.996,0.001,0.001,"14756","ivanbureschi",TRUE,"49 SNP","all_together"
0.001,0.001,0.9969,0.001,1e-04,"14757","ivanbureschi",TRUE,"49 SNP","all_together"
0,0.997,0.001,0.001,0.001,"xSighisoara1","cristatus",TRUE,"52 SNP","all_together"
0,0.997,0.001,0.001,0.001,"xSighisoara2","cristatus",TRUE,"52 SNP","all_together"
0,0.997,0.001,0.001,0.001,"xSighisoara3","cristatus",TRUE,"52 SNP","all_together"
0,0.9848,0.0132,0.001,0.001,"14649","cristatus",TRUE,"52 SNP","all_together"
0,0.9632,0.0338,0.002,0.001,"14650","cristatus",FALSE,"52 SNP","all_together"
0,0.997,0.001,0.001,0.001,"14651","cristatus",TRUE,"52 SNP","all_together"
0,0.997,0.001,0.001,0.001,"xSinaia1","cristatus",TRUE,"52 SNP","all_together"
0,0.9879,0.001,0.005,0.0061,"xSinaia2","cristatus",TRUE,"52 SNP","all_together"
0,0.997,0.001,0.001,0.001,"xSinaia3","cristatus",TRUE,"52 SNP","all_together"
0,0.0098,0.8553,0.1322,0.0027,"14716","ivanbureschi",FALSE,"49 SNP","all_together"
0,0.001,0.8796,0.1184,0.001,"14717","ivanbureschi",FALSE,"49 SNP","all_together"
0,0.005,0.9877,0.0063,0.001,"14721","ivanbureschi",TRUE,"49 SNP","all_together"
0,0.001,0.9901,0.001,0.0079,"xSlivnitsa1","ivanbureschi",TRUE,"49 SNP","all_together"
0.002,0.001,0.995,0.001,0.001,"xSlivovo1","ivanbureschi",TRUE,"49 SNP","all_together"
0,0.001,0.9973,0.001,7e-04,"xSlokoshtitsa1","ivanbureschi",TRUE,"49 SNP","all_together"
0,0.0049,0.077,0.9171,0.001,"14524","macedonicus",FALSE,"52 SNP","all_together"
0,0.001,0.1655,0.8325,0.001,"14688","macedonicus",FALSE,"52 SNP","all_together"
0,0.003,0.1693,0.8267,0.001,"14525","macedonicus",FALSE,"52 SNP","all_together"
0,0.001,0.997,0.001,0.001,"xStara-Kresna1","ivanbureschi",TRUE,"49 SNP","all_together"
0,0.001,0.9979,0.001,1e-04,"xStara-Kresna2","ivanbureschi",TRUE,"49 SNP","all_together"
0,0.001,0.5928,0.4052,0.001,"xStracin1","ivanbureschi",FALSE,"49 SNP","all_together"
0,0.001,0.4964,0.5016,0.001,"xStracin2","macedonicus",FALSE,"52 SNP","all_together"
0,0.001,0.6466,0.3514,0.001,"xStracin3","ivanbureschi",FALSE,"49 SNP","all_together"
0,0.001,0.9979,0.001,1e-04,"xStrahilitsa1","ivanbureschi",TRUE,"49 SNP","all_together"
0,0.001,0.9979,0.001,1e-04,"xStrahilitsa2","ivanbureschi",TRUE,"49 SNP","all_together"
0,0.001,0.997,0.001,0.001,"xStrahilitsa3","ivanbureschi",TRUE,"49 SNP","all_together"
0,0.7641,0.001,0.001,0.2339,"xStrâmba1","cristatus",FALSE,"52 SNP","all_together"
0,0.9961,0.0019,0.001,0.001,"xStrâmba2","cristatus",TRUE,"52 SNP","all_together"
0,0.7162,0.001,0.002,0.2808,"xStrâmba3","cristatus",FALSE,"52 SNP","all_together"
0,0.8258,0.0013,0.001,0.1719,"5102","cristatus",FALSE,"inferred","all_together"
0,0.8258,0.0013,0.001,0.1719,"5106","cristatus",FALSE,"inferred","all_together"
0,0.8258,0.0013,0.001,0.1719,"5108","cristatus",FALSE,"inferred","all_together"
0,0.8258,0.0013,0.001,0.1719,"5109","cristatus",FALSE,"inferred","all_together"
0,0.8258,0.0013,0.001,0.1719,"5110","cristatus",FALSE,"inferred","all_together"
0,0.9977,3e-04,0.001,0.001,"xŠtubik1","cristatus",TRUE,"52 SNP","all_together"
0,0.997,0.001,0.001,0.001,"xŠtubik2","cristatus",TRUE,"52 SNP","all_together"
0,0.997,0.001,0.001,0.001,"xŠtubik3","cristatus",TRUE,"52 SNP","all_together"
0.999,0,0.001,0,0,"14739","anatolicus",TRUE,"49 SNP","all_together"
0.991,0,0.009,0,0,"14740","anatolicus",TRUE,"49 SNP","all_together"
0.999,0,0.001,0,0,"14741","anatolicus",TRUE,"49 SNP","all_together"
0.002,0.001,0.995,0.001,0.001,"xSungurlare1","ivanbureschi",TRUE,"49 SNP","all_together"
0.999,0,0.001,0,0,"xTaşdelen1","anatolicus",TRUE,"49 SNP","all_together"
0.011,0,0.989,0,0,"xTatkavaklı1","ivanbureschi",TRUE,"49 SNP","all_together"
0.004,0,0.996,0,0,"xTatkavaklı2","ivanbureschi",TRUE,"49 SNP","all_together"
0.001,0,0.999,0,0,"xTatkavaklı3","ivanbureschi",TRUE,"49 SNP","all_together"
0.003,0,0.997,0,0,"xTatkavaklı4","ivanbureschi",TRUE,"49 SNP","all_together"
0.005,0,0.995,0,0,"xTatkavaklı5","ivanbureschi",TRUE,"49 SNP","all_together"
0.043,0,0.957,0,0,"xTatkavaklı6","ivanbureschi",FALSE,"49 SNP","all_together"
0.001,0,0.999,0,0,"xTatkavaklı7","ivanbureschi",TRUE,"49 SNP","all_together"
0.002,0,0.998,0,0,"xTatkavaklı8","ivanbureschi",TRUE,"49 SNP","all_together"
0.002,0,0.998,0,0,"xTatkavaklı9","ivanbureschi",TRUE,"49 SNP","all_together"
0.008,0,0.992,0,0,"xTatkavaklı10","ivanbureschi",TRUE,"49 SNP","all_together"
0,0.001,0.0062,0.9728,0.02,"14731","macedonicus",TRUE,"52 SNP","all_together"
0,0.001,0.002,0.9954,0.0016,"14732","macedonicus",TRUE,"52 SNP","all_together"
0,0.001,0.0019,0.9961,0.001,"14733","macedonicus",TRUE,"52 SNP","all_together"
0.998,0,0.002,0,0,"xTeke1","anatolicus",TRUE,"49 SNP","all_together"
0.999,0,0.001,0,0,"xTeke2","anatolicus",TRUE,"49 SNP","all_together"
0.998,0,0.002,0,0,"xTeke3","anatolicus",TRUE,"49 SNP","all_together"
0.999,0,0.001,0,0,"xTeke4","anatolicus",TRUE,"49 SNP","all_together"
0.999,0,0.001,0,0,"xTeke5","anatolicus",TRUE,"49 SNP","all_together"
0.999,0,0.001,0,0,"xTeke6","anatolicus",TRUE,"49 SNP","all_together"
0.999,0,0.001,0,0,"xTeke7","anatolicus",TRUE,"49 SNP","all_together"
0.999,0,0.001,0,0,"xTeke8","anatolicus",TRUE,"49 SNP","all_together"
0.999,0,0.001,0,0,"xTeke9","anatolicus",TRUE,"49 SNP","all_together"
0,0.9902,0.001,0.001,0.0078,"14517","cristatus",TRUE,"52 SNP","all_together"
0,0.997,0.001,0.001,0.001,"14518","cristatus",TRUE,"52 SNP","all_together"
0,0.997,0.001,0.001,0.001,"14519","cristatus",TRUE,"52 SNP","all_together"
0,0.997,0.001,0.001,0.001,"xTłumaczów-quarry1","cristatus",TRUE,"52 SNP","all_together"
0,0.9977,3e-04,0.001,0.001,"xTłumaczów-quarry2","cristatus",TRUE,"52 SNP","all_together"
0,0.997,0.001,0.001,0.001,"xTłumaczów-quarry3","cristatus",TRUE,"52 SNP","all_together"
0,0.001,0.03,0.968,0.001,"14589","macedonicus",FALSE,"52 SNP","all_together"
0,0.001,0.1663,0.8317,0.001,"14769","macedonicus",FALSE,"52 SNP","all_together"
0,0.001,0.0528,0.9452,0.001,"14588","macedonicus",FALSE,"52 SNP","all_together"
0,0.9978,2e-04,0.001,0.001,"xTosheva-yama-cave1","cristatus",TRUE,"52 SNP","all_together"
0,0.9978,2e-04,0.001,0.001,"xTosheva-yama-cave2","cristatus",TRUE,"52 SNP","all_together"
0,0.991,0.001,0.002,0.006,"xTosheva-yama-cave3","cristatus",TRUE,"52 SNP","all_together"
0,0.001,0.001,0.997,0.001,"14630","macedonicus",TRUE,"52 SNP","all_together"
0,0.001,0.001,0.997,0.001,"14631","macedonicus",TRUE,"52 SNP","all_together"
0,0.001,0.001,0.997,0.001,"14632","macedonicus",TRUE,"52 SNP","all_together"
0,0.997,0.001,0.001,0.001,"xTřebohostice1","cristatus",TRUE,"52 SNP","all_together"
0,0.997,0.001,0.001,0.001,"xTřebohostice2","cristatus",TRUE,"52 SNP","all_together"
0,0.997,0.001,0.001,0.001,"xTřebohostice3","cristatus",TRUE,"52 SNP","all_together"
0,0.001,0.922,0.001,0.076,"xTrešnja1","ivanbureschi",FALSE,"49 SNP","all_together"
0,0.001,0.8417,0.0304,0.1269,"xTrešnja2","ivanbureschi",FALSE,"49 SNP","all_together"
0,0.001,0.912,0.002,0.085,"xTrešnja3","ivanbureschi",FALSE,"49 SNP","all_together"
0,0.9889,0.0091,0.001,0.001,"14658","cristatus",TRUE,"52 SNP","all_together"
0,0.9649,0.0231,0.011,0.001,"14659","cristatus",FALSE,"52 SNP","all_together"
0,0.8896,0.0649,0.0445,0.001,"14660","cristatus",FALSE,"52 SNP","all_together"
0,0.001,0.997,0.001,0.001,"xTsarski-Izvor1","ivanbureschi",TRUE,"49 SNP","all_together"
0,0.006,0.992,0.001,0.001,"xTsarski-Izvor2","ivanbureschi",TRUE,"49 SNP","all_together"
0,0.001,0.9974,0.001,6e-04,"xTulovo1","ivanbureschi",TRUE,"49 SNP","all_together"
0.235,0,0.765,0,0,"xUnçukuru1","ivanbureschi",FALSE,"49 SNP","all_together"
0.171,0,0.829,0,0,"xUnçukuru2","ivanbureschi",FALSE,"49 SNP","all_together"
0.031,0,0.969,0,0,"xUnçukuru3","ivanbureschi",FALSE,"49 SNP","all_together"
0.176,0,0.824,0,0,"xUnçukuru4","ivanbureschi",FALSE,"49 SNP","all_together"
0.247,0,0.753,0,0,"xUnçukuru5","ivanbureschi",FALSE,"49 SNP","all_together"
0.202,0,0.798,0,0,"xUnçukuru6","ivanbureschi",FALSE,"49 SNP","all_together"
0.144,0,0.856,0,0,"xUnçukuru7","ivanbureschi",FALSE,"49 SNP","all_together"
0.196,0,0.804,0,0,"xUnçukuru8","ivanbureschi",FALSE,"49 SNP","all_together"
0.202,0,0.798,0,0,"xUnçukuru9","ivanbureschi",FALSE,"49 SNP","all_together"
0.112,0,0.888,0,0,"xUnçukuru10","ivanbureschi",FALSE,"49 SNP","all_together"
0.272,0,0.728,0,0,"xUnçukuru11","ivanbureschi",FALSE,"49 SNP","all_together"
0.149,0,0.851,0,0,"xUnçukuru12","ivanbureschi",FALSE,"49 SNP","all_together"
0,0.001,0.997,0.001,0.001,"xUrvich1","ivanbureschi",TRUE,"49 SNP","all_together"
0,0.997,0.001,0.001,0.001,"xVerkh-Kvazhva1","cristatus",TRUE,"52 SNP","all_together"
0,0.997,0.001,0.001,0.001,"xVidele1","cristatus",TRUE,"52 SNP","all_together"
0,0.997,0.001,0.001,0.001,"xVidele2","cristatus",TRUE,"52 SNP","all_together"
0,0.997,0.001,0.001,0.001,"xVidele3","cristatus",TRUE,"52 SNP","all_together"
0,0.9957,0.001,0.001,0.0023,"14520","cristatus",TRUE,"52 SNP","all_together"
0,0.9896,0.001,0.001,0.0084,"14521","cristatus",TRUE,"52 SNP","all_together"
0,0.997,0.001,0.001,0.001,"14686","cristatus",TRUE,"52 SNP","all_together"
0,0.001,0.004,0.994,0.001,"14725","macedonicus",TRUE,"52 SNP","all_together"
0,0.001,0.002,0.996,0.001,"14726","macedonicus",TRUE,"52 SNP","all_together"
0,0.001,0.0072,0.9908,0.001,"14727","macedonicus",TRUE,"52 SNP","all_together"
0,0.001,0.7681,0.1689,0.062,"xVisoka-Čuka1","ivanbureschi",FALSE,"49 SNP","all_together"
0,0.0701,0.483,0.4438,0.0031,"xVisoka-Čuka2","hybrid",FALSE,"52 SNP","all_together"
0,0.007,0.6567,0.3221,0.0142,"xVisoka-Čuka3","ivanbureschi",FALSE,"49 SNP","all_together"
0,0.9976,4e-04,0.001,0.001,"xVisuia1","cristatus",TRUE,"52 SNP","all_together"
0,0.997,0.001,0.001,0.001,"xVisuia2","cristatus",TRUE,"52 SNP","all_together"
0,0.997,0.001,0.001,0.001,"xVisuia3","cristatus",TRUE,"52 SNP","all_together"
0,0.001,0.7125,0.2855,0.001,"14536","ivanbureschi",FALSE,"49 SNP","all_together"
0,0.001,0.8086,0.1894,0.001,"14537","ivanbureschi",FALSE,"49 SNP","all_together"
0,0.001,0.8195,0.1785,0.001,"14538","ivanbureschi",FALSE,"49 SNP","all_together"
0,0.001,0.5984,0.3996,0.001,"14489","ivanbureschi",FALSE,"49 SNP","all_together"
0,0.001,0.6244,0.3736,0.001,"14490","ivanbureschi",FALSE,"49 SNP","all_together"
0,0.001,0.59,0.408,0.001,"14491","ivanbureschi",FALSE,"49 SNP","all_together"
0,0.001,0.1628,0.8352,0.001,"xVranje1","macedonicus",FALSE,"52 SNP","all_together"
0,0.001,0.008,0.99,0.001,"xVranje2","macedonicus",TRUE,"52 SNP","all_together"
0,0.001,0.001,0.997,0.001,"xVrbjani1","macedonicus",TRUE,"52 SNP","all_together"
0,0.001,2e-04,0.9978,0.001,"xVrbjani2","macedonicus",TRUE,"52 SNP","all_together"
0,0.001,2e-04,0.9978,0.001,"xVrbjani3","macedonicus",TRUE,"52 SNP","all_together"
0,0.7881,0.001,0.001,0.2099,"xVršački-Breg1","cristatus",FALSE,"52 SNP","all_together"
0,0.7598,0.001,0.001,0.2382,"xVršački-Breg2","cristatus",FALSE,"52 SNP","all_together"
0,0.7411,0.001,0.001,0.2569,"xVršački-Breg3","cristatus",FALSE,"52 SNP","all_together"
0,0.002,0.2186,0.7784,0.001,"14618","macedonicus",FALSE,"52 SNP","all_together"
0,0.0023,0.259,0.7377,0.001,"14619","macedonicus",FALSE,"52 SNP","all_together"
0,0.0965,0.269,0.6335,0.001,"14620","macedonicus",FALSE,"52 SNP","all_together"
0,0.997,0.001,0.001,0.001,"xVyshkivsky-Pass1","cristatus",TRUE,"52 SNP","all_together"
0,0.9579,0.001,0.001,0.0401,"xVyshkivsky-Pass2","cristatus",FALSE,"52 SNP","all_together"
0,0.994,0.001,0.001,0.004,"xVyshkivsky-Pass3","cristatus",TRUE,"52 SNP","all_together"
0,0.0013,2e-04,0.9975,0.001,"xVryta1","macedonicus",TRUE,"52 SNP","all_together"
0,0.001,0.001,0.997,0.001,"xXërze1","macedonicus",TRUE,"52 SNP","all_together"
0.998,0,0.002,0,0,"14544","anatolicus",TRUE,"49 SNP","all_together"
0.974025974025974,0,0.025974025974026,0,0,"14734","anatolicus",TRUE,"49 SNP","all_together"
0.999,0,0.001,0,0,"14735","anatolicus",TRUE,"49 SNP","all_together"
0.901,0,0.099,0,0,"xYakacik1","anatolicus",FALSE,"49 SNP","all_together"
0.98,0,0.02,0,0,"xYakacik2","anatolicus",TRUE,"49 SNP","all_together"
0.998,0,0.002,0,0,"xYakacik3","anatolicus",TRUE,"49 SNP","all_together"
0.997,0,0.003,0,0,"xYakacik4","anatolicus",TRUE,"49 SNP","all_together"
0.997,0,0.003,0,0,"xYakacik5","anatolicus",TRUE,"49 SNP","all_together"
0.855,0,0.145,0,0,"14501","anatolicus",FALSE,"49 SNP","all_together"
0.929,0,0.071,0,0,"14502","anatolicus",FALSE,"49 SNP","all_together"
0.765,0,0.235,0,0,"14503","anatolicus",FALSE,"49 SNP","all_together"
0.789,0,0.211,0,0,"xYaliciftlik1","anatolicus",FALSE,"49 SNP","all_together"
0.744,0,0.256,0,0,"xYaliciftlik2","anatolicus",FALSE,"49 SNP","all_together"
0.673,0,0.327,0,0,"xYaliciftlik3","anatolicus",FALSE,"49 SNP","all_together"
0.852,0,0.148,0,0,"xYaliciftlik4","anatolicus",FALSE,"49 SNP","all_together"
0.723,0,0.277,0,0,"xYaliciftlik5","anatolicus",FALSE,"49 SNP","all_together"
0.809,0,0.191,0,0,"xYaliciftlik6","anatolicus",FALSE,"49 SNP","all_together"
0.715,0,0.285,0,0,"xYaliciftlik7","anatolicus",FALSE,"49 SNP","all_together"
0.733,0,0.267,0,0,"xYaliciftlik8","anatolicus",FALSE,"49 SNP","all_together"
0.827,0,0.173,0,0,"xYaliciftlik9","anatolicus",FALSE,"49 SNP","all_together"
0.987,0,0.013,0,0,"xYenişehir1","anatolicus",TRUE,"49 SNP","all_together"
0,0.997,0.001,0.001,0.001,"xZeicani1","cristatus",TRUE,"52 SNP","all_together"
0.001,0.001,0.9892,0.0078,0.001,"14783","ivanbureschi",TRUE,"49 SNP","all_together"
0.001,0.001,0.997,0.001,0,"14486","ivanbureschi",TRUE,"49 SNP","all_together"
0.001,0.001,0.943,0.054,0.001,"14487","ivanbureschi",FALSE,"49 SNP","all_together"
0,0.9622,0.0358,0.001,0.001,"14477","cristatus",FALSE,"52 SNP","all_together"
0,0.9975,5e-04,0.001,0.001,"14478","cristatus",TRUE,"52 SNP","all_together"
0,0.9609,0.0367,0.0014,0.001,"14479","cristatus",FALSE,"52 SNP","all_together"
0.001,6e-04,0.9973,0.001,1e-04,"14758","ivanbureschi",TRUE,"49 SNP","all_together"
0.001,0.001,0.996,0.001,0.001,"14759","ivanbureschi",TRUE,"49 SNP","all_together"
0.001,0.01,0.987,0.001,0.001,"xZverino1","ivanbureschi",TRUE,"49 SNP","all_together"
0,0.001,0.001,0.997,0.001,"xZygos-Mikro1","macedonicus",TRUE,"52 SNP","all_together"
0,0.001,0.001,0.997,0.001,"xZygos-Mikro2","macedonicus",TRUE,"52 SNP","all_together"
0,0.001,0.001,0.997,0.001,"14797","macedonicus",TRUE,"52 SNP","all_together"
0,0,1,0,0,"14548","ivanbureschi",TRUE,"inferred","all_together"
0,0,1,0,0,"14549","ivanbureschi",TRUE,"inferred","all_together"
0,0,1,0,0,"14550","ivanbureschi",TRUE,"inferred","all_together"
0,0,0,1,0,"3815","macedonicus",TRUE,"inferred","all_together"
0,0,0,1,0,"3816","macedonicus",TRUE,"inferred","all_together"
0,0,0,1,0,"3818","macedonicus",TRUE,"inferred","all_together"
0,0,0,1,0,"3820","macedonicus",TRUE,"inferred","all_together"
0,0,0,1,0,"3821","macedonicus",TRUE,"inferred","all_together"
0,0,0,1,0,"4452","macedonicus",TRUE,"inferred","all_together"
0,0,0,1,0,"4453","macedonicus",TRUE,"inferred","all_together"
0,0,0,1,0,"4454","macedonicus",TRUE,"inferred","all_together"
0,0,0,1,0,"4457","macedonicus",TRUE,"inferred","all_together"
0,0,0,1,0,"4460","macedonicus",TRUE,"inferred","all_together"
1,0,0,0,0,"14927","anatolicus",TRUE,"inferred","all_together"
0,0,1,0,0,"14928","ivanbureschi",TRUE,"inferred","all_together"
0,0,0,1,0,"14932","macedonicus",TRUE,"inferred","all_together"
