MIN_FREQ,MEAN_FREQ,MAX_FREQ,SEQUENCE,MD5,LENGTH,DEPTH,SAMPLES,NAME,22177,22178,22181,22182,22183,22189,22190,22192,22193,22195,22196,22197,22198,22199,22203,22206,22209,22210,22211,22214,22218,22223,22225,22227,22228,22231,22233,22234,22235,22236,22238,22241,22243,22246,22248,22249,22254,22255,22258,22259,22260,22261,22262,22264,22266,22267,22268,22269,22270,22271,22272,22276,22279,22282,22284,22286,22287,22288,22289,22291,22292,22293,22296,22298,22301,22302,22303,22304,22306,22307,22309,22310,22313,22314,22317,22319,22322,22324,22326,22328,22330,22331,22332,22333,22195d,22269d,22325,22322d,22335,22336,22337,22345,22363,22367,22369,22370,22371,22372,22374,22379,22380,22382,22387,22390,22391,22392,22400,22401,22402,22404,22406,22415,22419,22422,22423,22424,22427,22428,22429,22431,22434,22435,22437,22438,22439,22442,22443,22446,22450,22451,22452,22453,22457,22458,22463,22470,22471,22472,22473,22475,22476,22477,22478,22479,22480,22481,22482,22483,22484,22486,22489,22490,22491,22492,22493,22494,22495,22496,22497,22498,22500,22502,22503,22505,22506,22507,22508,22509,22512,22516,22518,22523,22345d,22423d,22470d,22526,22527,22528,22529,22530,22531,22533,22534,22535,22536,22558,22568,22570,22581,22589,22592,22603,22623,22634,22639,22648,22650,22654,22673,22674,22675,22676,22677,22678,22679,22680,22681,22682,22683,22684,22685,22686,22691,22693,22695,22696,22697,22698,22699,22701,22702,22703,22704,22706,22707,22709,22710,22711,22712,22727,22728,22729,22730,22731,22732,22733,22734,22735,22736,22737,22738,22739,22740,22741,22742,22743,22745,22746,22747,22748,22749,22750,22741d,22740d,22753,22754,22755,22756,22757,22748d,22760,22762,22763,22764,22530d,22673d
0.0102692834322227,0.225571900220858,0.744165946413137,ACTGAGCGTGTGAGGCTTCTGGAGAGATGGTTCTACAACAAGGAGGAGACTGTTTACTTTGACAGTGATGTTGGTAAATACATAGCGAAGACAGAGCTTTGGAGACCTGATGCTGACTACTGGAACAGTAATAAGGACCTCATAGAGCAGAGAAAGGCTCAGGTGGAAACATTCTGTAAAAACAACTATGATATAATACACAGT,d65959ec082349259e088d24f2570106,204,66329,174,Bom_MHCIIex2_007,4,9,NA,12,381,479,218,58,214,86,373,59,79,324,16,NA,14,11,25,378,344,27,14,24,11,209,143,194,225,476,202,521,237,542,455,478,67,NA,NA,NA,NA,8,NA,19,21,24,476,NA,304,325,411,368,640,199,462,12,69,40,NA,NA,NA,NA,NA,NA,NA,15,20,11,NA,17,NA,224,194,397,348,181,NA,31,NA,382,21,NA,20,NA,317,19,NA,NA,20,28,32,619,495,898,371,NA,540,738,729,918,1043,751,150,72,36,70,710,1431,1142,1430,735,1060,993,528,1523,1812,NA,45,50,87,63,46,NA,NA,NA,52,73,1350,798,1722,NA,NA,987,916,1228,792,842,39,446,554,588,903,605,718,865,58,22,21,51,1024,39,357,626,473,298,625,374,746,992,392,332,381,805,297,60,56,55,1108,396,653,394,425,497,1058,408,NA,NA,NA,NA,641,270,NA,NA,NA,539,468,1035,481,NA,NA,NA,NA,NA,NA,NA,NA,NA,NA,NA,NA,NA,852,NA,964,NA,NA,NA,NA,NA,NA,NA,NA,NA,NA,NA,NA,NA,NA,NA,NA,NA,NA,NA,NA,NA,NA,NA,NA,NA,NA,NA,NA,433,NA,NA,NA,NA,NA,NA,NA,NA,NA,NA,NA,136,459,NA,NA,NA,NA,NA,NA,NA,NA,194,416,431,NA,NA,NA,NA,NA,NA,147,330,NA
0.010194624652456,0.174163586437137,0.469387755102041,ACTGAGCGTGTGAGGTTTCTGGACAGATATTTCTACAACAAGGAGGAGGATGTTTACTTTGACAGTGATGTTGGTAAATACATAGCGAAGACAGAGAATGGGAGACCTGATGCTGACTACTGGAACAGTAATAAGGACCTCATAGAGCGGGCAAAGGCTGCGGTGGAAACAGTCTGTAAAAACAACTATGATGTATTCCACAGT,59f66f5e13fa1ffc8e175bbbbea2755d,204,36354,142,Bom_MHCIIex2_002,NA,14,NA,NA,404,383,148,37,162,108,247,177,291,265,14,NA,334,9,21,15,221,NA,12,234,15,203,85,220,129,318,103,320,217,453,210,287,49,NA,NA,NA,NA,NA,NA,11,24,22,NA,15,224,243,269,166,300,377,424,18,28,19,19,11,371,17,18,535,11,417,291,20,26,17,30,21,360,528,383,517,542,32,40,38,29,21,11,11,253,NA,NA,429,NA,NA,NA,NA,NA,NA,NA,NA,NA,NA,638,NA,744,638,31,NA,NA,NA,877,NA,1623,79,563,918,788,613,29,NA,NA,NA,NA,NA,NA,NA,NA,NA,NA,NA,NA,NA,NA,NA,48,54,743,864,1125,920,674,NA,583,495,643,47,NA,493,35,18,NA,NA,25,NA,644,NA,NA,307,174,438,315,NA,27,14,NA,21,NA,412,NA,NA,NA,NA,NA,25,272,518,22,41,477,NA,NA,NA,NA,NA,NA,NA,NA,NA,NA,759,NA,NA,NA,NA,NA,NA,NA,NA,NA,NA,NA,NA,NA,NA,NA,NA,NA,NA,NA,NA,NA,NA,NA,NA,NA,1165,NA,NA,NA,NA,NA,NA,NA,NA,NA,NA,NA,NA,NA,NA,574,NA,NA,NA,NA,NA,NA,NA,NA,NA,NA,NA,NA,NA,NA,162,404,163,116,180,NA,NA,NA,NA,NA,NA,166,286,254,277,245,317,NA,NA,NA,NA,NA,213,NA,NA
0.011472275334608,0.31488275919765,0.925294888597641,ACTGAGCGTGTGAGGTTTATGGAGAGATGGTTCTACAACAAGGAGGAGGCTGTTTACTTTGACAGTGATGTTGGTAAATACATAGCGAAGACAGAGCTTGGGAGACCTGAGGCTGACTACTGGAACAGTGATAAGGACCTCATAGAGCAGAGAAAGGCTGAGGTGGAAACATTCTGTAAACACAACTATGATGCAGCTGAACATATT,d7b457394fa4f3b8fb56716c67a886bc,207,32530,75,Bom_MHCIIex2_013,NA,NA,NA,NA,NA,361,NA,NA,NA,NA,NA,NA,NA,NA,NA,NA,NA,NA,NA,NA,NA,NA,NA,NA,NA,NA,NA,NA,NA,NA,NA,NA,NA,NA,NA,NA,NA,NA,NA,NA,174,NA,NA,NA,NA,NA,NA,NA,NA,NA,17,15,NA,19,NA,NA,497,514,346,213,NA,624,20,388,647,356,8,NA,231,NA,12,NA,NA,21,12,NA,21,436,352,175,NA,337,383,NA,22,NA,266,NA,NA,NA,924,NA,NA,NA,NA,NA,NA,NA,NA,557,NA,NA,901,NA,NA,NA,NA,NA,NA,NA,NA,NA,NA,NA,NA,865,1090,NA,1991,NA,NA,NA,NA,1498,NA,NA,74,NA,NA,NA,NA,NA,NA,NA,NA,NA,NA,699,NA,NA,NA,NA,NA,NA,NA,NA,NA,NA,680,NA,NA,NA,NA,NA,NA,NA,NA,NA,NA,NA,NA,28,NA,NA,NA,NA,NA,NA,NA,NA,NA,NA,NA,NA,NA,NA,NA,874,451,665,NA,NA,NA,NA,NA,NA,NA,NA,NA,394,NA,NA,NA,NA,NA,NA,NA,NA,NA,NA,NA,NA,NA,572,NA,NA,907,474,NA,621,991,863,NA,NA,855,757,NA,706,356,556,666,NA,NA,389,NA,929,NA,NA,NA,NA,467,10,NA,NA,NA,543,NA,NA,581,525,706,15,NA,18,NA,NA,238,10,NA,NA,450,225,NA,NA,NA,NA,NA,NA,189,NA,NA,361,NA,NA,303,NA
0.0100882723833544,0.0966933032564012,0.291099476439791,ACTGAGCGTGTGAGGTTTCTGGACAGATATTTCTACAACGAGGAGGAGGTTCTTTACTTTGACAGTGATGTTGGTAAATTCATAGCAAAGACAGAGCTTGGGAGACCTGATGCTGACTACTGGAACAGTGATAAGGACTTCATAGAGAGGAAAAAGGCTGAGGTGGAAACAGTCTGTAAAAACAATTATGATGTATTACACAGT,5e0458d9ccf0b26b9b9fba5b54607c69,204,10234,66,Bom_MHCIIex2_014,NA,NA,NA,NA,NA,NA,NA,NA,NA,NA,NA,NA,NA,NA,NA,NA,NA,NA,NA,NA,NA,NA,NA,NA,NA,NA,NA,NA,NA,NA,NA,NA,NA,NA,NA,NA,NA,18,NA,NA,47,36,94,122,NA,71,124,111,NA,NA,NA,NA,NA,NA,NA,NA,NA,NA,98,58,NA,NA,NA,NA,NA,NA,NA,182,125,178,182,94,NA,NA,NA,NA,NA,NA,NA,31,NA,235,NA,9,NA,122,98,NA,NA,NA,NA,NA,NA,NA,NA,NA,NA,NA,NA,NA,141,NA,NA,191,NA,NA,NA,NA,NA,NA,NA,NA,NA,NA,NA,NA,713,443,32,757,NA,NA,377,NA,396,374,508,NA,NA,NA,NA,NA,NA,NA,NA,NA,NA,284,NA,NA,NA,NA,NA,NA,228,NA,140,NA,NA,NA,NA,NA,NA,NA,NA,NA,NA,NA,NA,NA,NA,NA,NA,NA,NA,NA,NA,NA,NA,NA,NA,NA,NA,NA,NA,NA,NA,NA,157,NA,NA,211,71,NA,NA,NA,NA,NA,86,NA,NA,212,NA,NA,NA,NA,NA,165,NA,NA,NA,120,NA,219,NA,NA,NA,NA,NA,159,NA,NA,NA,NA,NA,NA,143,147,148,297,NA,NA,NA,NA,NA,NA,63,278,NA,NA,98,NA,NA,68,NA,202,87,NA,NA,150,NA,NA,NA,NA,NA,NA,NA,35,NA,46,NA,75,NA,NA,NA,NA,NA,NA,117,75,83,NA,67,NA,NA,NA
0.0103211009174312,0.20204957084982,0.707954545454546,ACTGACCATGTTAGATATCTGGAGAGATATTTCTACAACAAGGAGGAGTTTGTTTACTTTGACAGTGATGTTGGTAAATTCATAGCAAAGACAGAGTTTGGGAGACCTGATGCTGACTACTGGAACAGTAATAAGGACATCATAGAGCGGGCAAAGGCTGCGGTGGAAACATACTGTAAATACAACTATGGTATATGGGAGACA,fb5233d813172ba1656702ace9dd6a44,204,21103,57,Bom_MHCIIex2_005,NA,NA,NA,NA,NA,NA,14,11,10,126,436,174,223,21,NA,NA,NA,NA,NA,10,NA,NA,NA,NA,6,9,113,NA,229,NA,NA,NA,NA,NA,NA,NA,NA,NA,NA,NA,NA,NA,NA,26,623,28,586,521,NA,249,NA,NA,288,238,NA,12,NA,NA,NA,NA,NA,NA,NA,NA,NA,NA,NA,NA,NA,20,NA,NA,195,NA,NA,20,NA,NA,14,NA,NA,NA,NA,18,467,694,20,NA,21,NA,NA,NA,999,915,652,571,1031,NA,NA,NA,NA,NA,NA,NA,NA,NA,NA,NA,NA,NA,NA,NA,NA,NA,NA,NA,NA,NA,NA,NA,NA,NA,NA,NA,NA,NA,NA,2598,1698,29,779,1041,880,513,728,751,468,NA,NA,NA,NA,NA,NA,NA,NA,NA,NA,NA,NA,NA,NA,NA,NA,NA,NA,NA,NA,NA,NA,NA,NA,NA,NA,NA,NA,NA,NA,NA,NA,NA,NA,NA,NA,NA,479,NA,NA,NA,NA,NA,NA,NA,NA,NA,NA,NA,NA,NA,NA,NA,NA,NA,NA,NA,NA,NA,NA,NA,NA,NA,NA,NA,NA,NA,NA,NA,NA,NA,NA,NA,NA,NA,NA,NA,NA,NA,NA,NA,NA,NA,NA,NA,NA,NA,NA,NA,NA,NA,NA,NA,NA,NA,NA,NA,NA,NA,NA,NA,NA,NA,NA,94,NA,NA,NA,NA,NA,NA,NA,NA,NA,NA,NA,NA,434,248,165,259,NA,NA,NA,NA,NA,339,NA,NA
0.010062893081761,0.11392641751426,0.377464788732394,ACTGAGCGTGTGAGGTTTCTGGAGAGATATTTCTACAACGAGGAGGACTTTGTTTACTTTGACAGTGATGTTGGTAAATACATAGCAAAGACAGAGTTTGGGAGACCTGATGCTGACTACTGGAACAGTGATAAGGACATCATAGAGCGGGCAAAGGCTAGGGTGGAAACATTCTGTAAATATAACTATGGTGGATTACACAGT,86ab2e6c245092bb4a13e243a6d5cd7e,204,9972,55,Bom_MHCIIex2_021,NA,111,NA,NA,NA,NA,NA,14,10,15,NA,11,NA,56,NA,NA,NA,NA,NA,NA,43,NA,NA,NA,54,43,NA,NA,NA,83,42,105,52,74,70,NA,8,NA,NA,NA,NA,NA,NA,NA,NA,NA,79,NA,NA,NA,NA,NA,NA,NA,NA,NA,NA,NA,NA,NA,NA,NA,NA,NA,NA,NA,NA,NA,NA,NA,NA,NA,NA,NA,NA,NA,NA,NA,NA,NA,NA,NA,NA,NA,46,NA,NA,NA,NA,NA,NA,NA,NA,NA,NA,NA,NA,NA,NA,NA,576,217,NA,536,NA,NA,110,NA,195,NA,NA,265,305,NA,657,NA,440,NA,NA,NA,NA,NA,NA,NA,NA,NA,NA,NA,NA,NA,NA,NA,NA,NA,NA,NA,NA,NA,23,NA,150,NA,NA,127,362,17,414,NA,NA,247,15,NA,295,NA,NA,72,NA,305,679,8,NA,NA,NA,NA,NA,NA,NA,NA,138,394,NA,171,NA,391,NA,NA,NA,NA,NA,NA,NA,NA,NA,745,NA,253,592,NA,NA,NA,NA,225,NA,NA,NA,NA,NA,NA,NA,NA,NA,NA,NA,NA,NA,NA,NA,NA,NA,NA,NA,NA,NA,NA,NA,NA,NA,NA,NA,NA,NA,NA,NA,NA,NA,NA,NA,NA,NA,NA,NA,NA,NA,NA,NA,NA,NA,NA,NA,NA,NA,NA,NA,NA,NA,NA,NA,NA,NA,NA,NA,NA,NA,NA,NA,NA,NA,NA,NA,NA,NA,NA,NA,NA,NA,NA
0.0107816711590297,0.300191097716694,0.791724137931034,ACTGAGCATGTAAGGTACCTGGACAGATATTTCTACAACAAGGAGGAGTTTGTTTACTTTGACAGTGATGTTGGTAAATACATAGCGAAGACAGAGTTTGGGAGACCTGATGCTGACTACTGGAACAGTAATAAGGACATCATAGAGGATCAAAAGGCTTCGGTGGAAACATACTGTAAACACAACTATGATGTATTCCACAGT,c88a530b18564b1d93a1177c17fbe3b3,204,19953,50,Bom_MHCIIex2_016,NA,NA,NA,NA,NA,NA,NA,NA,NA,NA,NA,NA,NA,NA,NA,NA,NA,NA,NA,NA,NA,NA,NA,NA,NA,NA,NA,NA,NA,NA,NA,NA,NA,NA,NA,NA,NA,NA,NA,NA,NA,NA,NA,NA,NA,343,19,452,17,NA,NA,NA,NA,NA,NA,NA,NA,NA,NA,NA,NA,NA,NA,NA,NA,NA,NA,NA,NA,NA,NA,NA,NA,NA,NA,NA,NA,16,574,281,NA,NA,NA,NA,NA,402,14,NA,NA,NA,NA,NA,NA,NA,NA,NA,NA,NA,NA,NA,NA,NA,NA,23,1158,NA,NA,NA,NA,NA,NA,NA,NA,NA,NA,NA,NA,NA,79,NA,NA,NA,NA,NA,NA,NA,NA,NA,NA,NA,NA,NA,NA,NA,NA,NA,NA,916,NA,22,NA,NA,NA,NA,NA,1005,19,528,NA,21,530,593,22,293,NA,NA,NA,NA,NA,NA,NA,NA,NA,NA,NA,NA,NA,NA,NA,NA,NA,NA,NA,NA,NA,NA,788,NA,NA,NA,336,529,NA,NA,NA,NA,NA,NA,NA,NA,NA,NA,NA,NA,NA,NA,NA,NA,775,NA,NA,NA,NA,NA,NA,NA,NA,NA,NA,NA,NA,NA,NA,NA,NA,NA,1275,NA,1815,1211,NA,NA,NA,NA,NA,NA,NA,NA,81,640,19,13,512,809,1247,18,NA,365,17,NA,NA,NA,NA,NA,NA,NA,NA,NA,NA,574,NA,NA,8,NA,NA,NA,NA,NA,NA,690,584,NA,16,15,NA,268
0.010230179028133,0.26394340298853,0.854791868344627,ACTGAGCGTGTGAGGTTTCTGGACAGATATTTCTACAACAAGGAGGAGTTTGTTTACTTTGACAGTGATGTTGGTAAATACATAGCGAAGACAGAGTTTGGGAGACCTAGTGCTGACTACTGGAACAGTAATAAGGACTTCATAGAGCAGAAAAAGGCTGCGGTGGAAACAGTCTGTAAATACAACTATGGTATATGGGAGACA,3e422b8168761b8a4f4f730ead8abc08,204,20470,48,Bom_MHCIIex2_017,NA,4,NA,249,NA,NA,NA,NA,NA,8,NA,NA,NA,NA,883,18,282,236,6,14,16,NA,11,12,NA,NA,8,NA,NA,NA,NA,NA,NA,NA,NA,NA,NA,NA,NA,NA,NA,NA,NA,NA,NA,NA,NA,NA,NA,NA,NA,NA,NA,NA,NA,774,NA,NA,NA,NA,NA,NA,NA,NA,NA,NA,NA,NA,NA,252,12,NA,NA,NA,NA,NA,NA,NA,12,NA,NA,NA,NA,NA,NA,NA,NA,NA,478,NA,NA,NA,NA,NA,NA,NA,NA,NA,NA,NA,NA,NA,NA,NA,NA,1689,NA,NA,NA,NA,NA,NA,NA,NA,NA,NA,NA,1718,33,2303,NA,NA,NA,NA,NA,NA,NA,NA,NA,NA,NA,NA,NA,NA,NA,NA,NA,NA,NA,NA,NA,NA,NA,NA,NA,NA,NA,NA,601,NA,NA,NA,NA,NA,NA,NA,NA,NA,NA,NA,NA,NA,416,18,876,1256,NA,NA,NA,NA,NA,NA,NA,NA,NA,NA,NA,NA,NA,NA,NA,374,NA,NA,NA,NA,NA,NA,NA,541,NA,NA,NA,NA,NA,NA,NA,NA,NA,NA,NA,NA,NA,NA,NA,NA,NA,NA,NA,1240,NA,NA,NA,NA,1044,NA,NA,NA,NA,NA,NA,952,754,16,NA,17,933,NA,12,NA,NA,12,NA,NA,NA,NA,667,NA,NA,737,NA,11,NA,NA,9,NA,NA,NA,820,9,NA,NA,NA,NA,NA,NA,NA,NA,NA,NA,NA,NA,NA,NA,NA,NA
0.0102272727272727,0.133900756014936,0.461759082217973,ACTGAGCGTGTGAGGTTTCTGCAGAGATATTTCTACAACAAGGAGGAGGATGTTTACTTTGACAGTGATGTTGGTAAATTCATAGCAAAGACAGAGTTTGGGAGACCTGAGGCTGACAGCTGGAACAGTAATAAGGACATCATAGAGCAGATGAAGGCTCAGGTGGAAACAGTCTGTAAACACAACTATGGTGTAATACACAGT,37d5273961803ae5e1b38e9edf9cf3ce,204,7361,43,Bom_MHCIIex2_003,NA,NA,NA,NA,NA,NA,NA,NA,NA,NA,NA,NA,NA,NA,NA,NA,NA,NA,NA,NA,NA,NA,NA,NA,NA,NA,NA,NA,NA,NA,NA,NA,NA,NA,NA,NA,NA,NA,NA,NA,105,NA,NA,NA,9,NA,NA,NA,49,88,69,73,NA,NA,56,16,286,299,NA,15,NA,330,NA,283,17,NA,200,NA,NA,NA,NA,NA,NA,NA,11,93,NA,NA,13,NA,358,NA,NA,NA,NA,NA,NA,NA,NA,NA,NA,NA,637,277,239,438,NA,NA,NA,NA,NA,NA,NA,NA,NA,NA,NA,NA,NA,NA,NA,NA,NA,NA,NA,NA,NA,NA,NA,NA,NA,NA,NA,NA,NA,NA,NA,NA,NA,NA,NA,NA,NA,NA,NA,NA,NA,NA,NA,NA,NA,NA,NA,NA,NA,NA,NA,NA,NA,NA,NA,NA,NA,NA,NA,NA,NA,NA,NA,NA,NA,NA,NA,NA,NA,NA,NA,NA,NA,NA,NA,NA,NA,NA,NA,NA,NA,NA,NA,NA,NA,NA,NA,NA,NA,NA,NA,NA,NA,NA,NA,NA,NA,NA,NA,NA,NA,NA,NA,NA,NA,NA,NA,243,240,NA,NA,NA,404,NA,NA,NA,NA,537,NA,NA,NA,NA,NA,NA,NA,966,NA,NA,NA,NA,NA,NA,NA,268,NA,184,62,87,NA,NA,NA,8,NA,NA,NA,40,61,NA,NA,58,NA,NA,NA,NA,NA,NA,NA,59,39,NA,NA,NA,NA,NA,NA,NA,NA,NA,NA,NA
0.0106761565836299,0.272467763338024,0.713733075435203,ACTGACCATGTTAGATATCTGGAGAGATATTTCTACAACAAGGAGGAGTTTGTTTACTTTGACAGTGATGTTGGTAAATTCATAGCAAAGACAGAGTTTGGGAGACCTGATGCTGACTACTGGAACAGTAATAAGGACTTCATAGAGCGGGCAAAGGCTGCGGTGGAAACATACTGTAAATACAACTATGGTATATGGGAGACA,75af3ea2616e3d4661c261ce2318ba90,204,16652,39,Bom_MHCIIex2_022,NA,NA,NA,NA,NA,NA,NA,NA,NA,NA,NA,NA,NA,NA,NA,NA,NA,NA,NA,NA,NA,NA,NA,NA,NA,NA,NA,NA,NA,NA,NA,NA,NA,NA,NA,NA,NA,NA,NA,NA,NA,NA,NA,17,NA,NA,NA,NA,NA,NA,415,NA,309,NA,551,12,NA,37,567,NA,NA,NA,21,NA,9,33,7,292,240,36,382,191,213,169,207,31,227,825,26,24,1326,551,NA,11,NA,NA,NA,196,NA,1310,NA,NA,NA,NA,NA,NA,NA,NA,NA,NA,NA,NA,NA,NA,NA,NA,NA,NA,NA,NA,NA,NA,NA,NA,NA,NA,NA,NA,NA,NA,NA,NA,NA,NA,NA,NA,NA,NA,NA,NA,NA,NA,NA,NA,NA,NA,NA,NA,NA,NA,NA,NA,NA,NA,NA,NA,NA,NA,NA,NA,NA,NA,NA,NA,NA,NA,NA,NA,NA,NA,NA,NA,NA,NA,NA,NA,NA,NA,NA,NA,NA,NA,NA,NA,NA,NA,NA,NA,NA,NA,NA,NA,NA,NA,NA,NA,NA,NA,NA,NA,NA,NA,NA,NA,NA,NA,NA,NA,NA,NA,NA,NA,NA,NA,NA,890,NA,1393,1476,NA,NA,NA,1524,NA,NA,NA,NA,1512,NA,NA,NA,NA,NA,12,700,NA,NA,NA,NA,NA,NA,471,NA,NA,NA,NA,NA,NA,NA,NA,NA,NA,NA,NA,NA,NA,NA,NA,NA,NA,NA,NA,NA,NA,NA,NA,NA,NA,434,NA,NA,NA,NA,NA,NA,NA
0.0104166666666667,0.216418644009011,0.820672478206725,ACTGAGCGTGTGAGGTACCTGCAGAGACATTTCTACAACAAGGAGGAGGTTGTTTACTTTGACAGTGATGTCGGTAAATTCATAGCAAAGACAGAGCTTGGGAGACCTGATGCTGACTACTGGAACAGTAATAAGGACTTCATAGAGCAGAAAAGGGCTGCGGTGGAAACATACTGTAAACACAACTATGGTGTAATACACAGT,3e5e7fec6dc006a7ec857eddc2747c03,204,8221,32,Bom_MHCIIex2_015,NA,NA,NA,NA,NA,NA,NA,NA,NA,NA,NA,NA,NA,NA,NA,NA,NA,NA,NA,NA,NA,NA,NA,NA,NA,NA,NA,NA,NA,NA,NA,NA,NA,NA,NA,NA,NA,NA,NA,NA,NA,NA,NA,NA,NA,NA,NA,NA,NA,NA,NA,NA,NA,NA,NA,169,NA,NA,NA,NA,NA,NA,659,NA,NA,195,52,118,NA,13,NA,NA,NA,NA,NA,NA,NA,NA,NA,NA,NA,NA,NA,NA,NA,NA,NA,NA,NA,740,NA,NA,NA,NA,NA,NA,NA,NA,NA,NA,NA,NA,NA,NA,NA,NA,NA,NA,NA,NA,NA,NA,NA,NA,NA,NA,NA,NA,NA,722,NA,NA,NA,NA,NA,NA,NA,NA,NA,NA,NA,NA,NA,NA,NA,NA,NA,NA,NA,NA,NA,336,NA,NA,NA,213,NA,NA,NA,NA,NA,NA,NA,NA,NA,NA,NA,NA,NA,NA,NA,NA,NA,NA,NA,NA,NA,NA,NA,NA,NA,NA,NA,NA,NA,281,NA,NA,NA,NA,NA,NA,NA,57,NA,NA,NA,NA,NA,NA,NA,NA,NA,NA,NA,NA,NA,NA,320,163,283,507,332,NA,NA,NA,NA,NA,NA,NA,NA,NA,505,517,NA,382,96,NA,NA,NA,NA,NA,371,NA,NA,NA,145,245,108,NA,NA,NA,NA,NA,NA,NA,166,NA,NA,NA,NA,NA,NA,NA,NA,NA,NA,159,NA,NA,NA,98,NA,NA,NA,NA,NA,NA,NA,NA,NA,NA,NA,NA,NA,104
0.0106723585912487,0.274318225424382,0.633863965267728,ACTGAGCATGTGAGGCTTCTGGAGAGATGGTTCTACAACAAGGAGGAGACTGTTTACTTTGACAGTGATGTTGGTAAATACATAGCGAAGACAGAGCTTTGGAGACCTGATGCTGACTACTGGAACAGTAATAAGGACCTCATAGAGCAGAGAAAGGCTCAGGTGGAAACATTCTGTAAAAACAACTATGATATAATACACAGT,e91d2c517b4d036c769812734f854409,204,11786,30,Bom_MHCIIex2_001,NA,NA,NA,NA,NA,NA,NA,59,NA,NA,NA,NA,NA,NA,NA,NA,NA,NA,NA,NA,NA,NA,NA,NA,NA,NA,NA,NA,NA,NA,NA,NA,NA,NA,NA,NA,NA,NA,NA,NA,NA,NA,NA,NA,NA,NA,NA,NA,NA,NA,NA,NA,NA,193,NA,NA,16,NA,NA,NA,NA,NA,NA,NA,NA,NA,NA,NA,NA,NA,NA,NA,242,NA,NA,194,520,NA,NA,NA,NA,NA,NA,NA,NA,NA,NA,400,NA,NA,NA,NA,501,NA,NA,300,630,NA,NA,NA,NA,NA,NA,NA,NA,NA,NA,NA,NA,NA,NA,NA,NA,NA,NA,NA,NA,NA,NA,NA,NA,NA,NA,NA,NA,NA,NA,NA,NA,NA,NA,1397,NA,NA,NA,NA,NA,NA,NA,NA,NA,NA,NA,NA,NA,NA,NA,NA,NA,NA,NA,NA,NA,NA,NA,NA,NA,NA,NA,NA,NA,NA,NA,NA,NA,NA,NA,NA,NA,NA,NA,NA,NA,NA,NA,NA,NA,NA,NA,NA,NA,NA,NA,NA,NA,NA,NA,NA,NA,NA,NA,NA,NA,NA,NA,NA,NA,NA,NA,NA,NA,NA,1510,NA,NA,NA,1281,NA,NA,NA,NA,NA,NA,NA,NA,NA,NA,NA,NA,NA,NA,NA,NA,11,NA,NA,719,NA,503,NA,NA,NA,NA,NA,NA,NA,NA,NA,NA,NA,NA,326,651,438,166,NA,NA,NA,NA,NA,NA,NA,269,433,255,NA,NA,519,13,10,11,NA,NA,214,NA,NA
0.0103211009174312,0.208720453920992,0.880349344978166,ACTGAGCGTGTGAGGTTTCTGGACAGATGGTTCTACAACAAGGAGGAGGATGTTTACTTTGACAGTGATGTTGGTAAATACATAGCGAAGACAGAGAATGGGAGACCTGATGCTGACTACTGGAACAGTAATAAGGACATCATAGAGCGGGCAAAGGCTGCGGTGGAAACATTCTGTAAATACAACTATGGTATATTACACAGT,153bc116b9cb0b38b37b4c5a304bc9f6,204,8989,25,Bom_MHCIIex2_019,22,125,NA,NA,NA,108,NA,NA,NA,NA,NA,NA,NA,NA,NA,NA,NA,NA,312,72,NA,129,65,62,NA,9,NA,NA,NA,NA,NA,NA,NA,64,NA,NA,NA,NA,NA,NA,NA,NA,NA,NA,NA,NA,NA,NA,NA,NA,NA,NA,NA,NA,NA,NA,NA,NA,NA,NA,NA,NA,NA,NA,NA,NA,NA,NA,NA,NA,NA,NA,NA,NA,NA,NA,NA,NA,NA,NA,NA,NA,NA,NA,NA,NA,NA,NA,NA,NA,NA,NA,NA,NA,NA,NA,NA,NA,NA,323,NA,NA,114,NA,802,NA,NA,NA,NA,NA,NA,NA,NA,NA,NA,NA,NA,853,NA,NA,2016,NA,NA,NA,364,NA,2229,NA,NA,NA,NA,NA,NA,NA,NA,NA,NA,NA,NA,NA,NA,NA,NA,NA,NA,NA,NA,NA,NA,NA,NA,NA,NA,NA,NA,NA,NA,NA,NA,NA,NA,NA,NA,NA,NA,NA,NA,NA,NA,NA,NA,NA,NA,NA,NA,NA,531,27,NA,NA,NA,NA,NA,NA,NA,NA,NA,NA,NA,NA,293,NA,298,NA,NA,NA,NA,NA,NA,NA,NA,NA,NA,NA,NA,NA,NA,NA,NA,NA,NA,NA,NA,NA,NA,NA,NA,NA,NA,NA,NA,NA,NA,NA,NA,NA,NA,NA,NA,NA,NA,NA,NA,NA,NA,NA,NA,NA,NA,NA,NA,NA,NA,NA,NA,NA,NA,NA,161,NA,NA,NA,NA,NA,NA,NA,NA,NA,NA,NA,NA,NA,NA,NA,NA,NA
0.0107858243451464,0.145226758779028,0.428184281842818,ACTGACCATGTTAGATATCTGGAGAGATGGTTCTACAACAAGGAGGAGTTTGTTTACTTTGACAGTGATGTTGGTAAATTCATAGCAAAGACAGAGTTTGGGAGACCTGATGCTGACTACTGGAACAGTAATAAGGACATCATAGAGAGGAAAAAGGCTGAGGTGGAAACAGTCTGTAAAAACAACTATGGTATATGGGAGACA,de8e641876fefe4ee9657fecb62aee2b,204,3469,24,Bom_MHCIIex2_023,158,NA,NA,NA,NA,NA,NA,NA,NA,NA,NA,NA,NA,10,24,185,NA,111,NA,7,20,681,239,228,16,11,NA,12,23,297,10,NA,150,NA,NA,258,19,NA,NA,NA,NA,NA,13,NA,NA,NA,NA,NA,NA,NA,NA,NA,NA,NA,NA,NA,NA,NA,NA,NA,NA,NA,NA,NA,NA,NA,NA,NA,NA,NA,NA,NA,NA,NA,NA,NA,NA,NA,NA,NA,NA,NA,NA,NA,NA,NA,NA,NA,NA,NA,NA,NA,NA,NA,NA,NA,NA,NA,NA,NA,NA,NA,NA,NA,NA,NA,NA,NA,NA,NA,NA,NA,NA,NA,NA,NA,NA,NA,NA,NA,NA,NA,NA,NA,NA,NA,NA,NA,NA,NA,NA,NA,NA,NA,NA,NA,NA,NA,NA,NA,NA,NA,NA,NA,NA,NA,NA,NA,NA,NA,NA,NA,NA,NA,NA,NA,NA,NA,NA,NA,NA,NA,NA,NA,NA,NA,NA,NA,NA,NA,NA,NA,NA,NA,NA,NA,NA,NA,NA,NA,NA,NA,NA,NA,NA,NA,NA,NA,968,NA,NA,NA,NA,NA,NA,NA,NA,NA,NA,NA,NA,NA,NA,NA,NA,NA,NA,NA,NA,NA,NA,NA,NA,NA,NA,NA,NA,NA,NA,NA,NA,NA,NA,NA,NA,NA,NA,NA,NA,NA,NA,NA,NA,NA,NA,NA,NA,NA,NA,NA,NA,NA,NA,NA,NA,NA,NA,NA,NA,NA,NA,NA,NA,NA,NA,NA,NA,NA,NA,NA,NA,NA,NA,NA,NA,NA
0.0135685210312076,0.0835552634679798,0.284253578732106,ACTGAGCGTGTGAGGTATCTGGAGAGATGGTTCTACAACAAGGAGGAGGTTCTTTACTTTGACAGTGATGTTGGTAAATACATAGCGAACATAGAGCTTTGGAGACCTGATGCTGACTACTGGAACAGTGATAAGGACTTCATAGAGCAGAAAAAGGCTGAGGTGGAAACGTGTAAACACAACTATGATATATTACACAGT,b66ea27469b7176416ae036e2c0fba4c,201,1685,22,Bom_MHCIIex2_009,NA,NA,NA,NA,NA,NA,NA,NA,NA,NA,NA,NA,NA,NA,NA,NA,NA,NA,NA,NA,NA,NA,NA,NA,NA,NA,NA,NA,NA,NA,NA,NA,NA,NA,NA,NA,NA,126,NA,NA,NA,NA,75,95,114,NA,NA,NA,NA,NA,NA,NA,NA,NA,NA,NA,NA,NA,NA,NA,17,NA,NA,NA,NA,NA,NA,NA,NA,NA,39,NA,NA,NA,NA,NA,NA,NA,NA,NA,NA,NA,NA,NA,NA,NA,NA,NA,NA,NA,130,NA,NA,NA,NA,NA,NA,NA,NA,NA,NA,NA,NA,NA,NA,NA,NA,NA,NA,NA,NA,NA,NA,NA,NA,NA,NA,NA,NA,NA,NA,NA,NA,NA,NA,NA,NA,NA,100,176,74,NA,NA,NA,NA,40,NA,NA,NA,NA,NA,NA,NA,NA,NA,NA,NA,NA,NA,NA,NA,NA,NA,NA,NA,NA,NA,NA,NA,NA,NA,NA,NA,NA,NA,NA,NA,NA,NA,NA,NA,NA,NA,NA,81,NA,NA,NA,NA,NA,NA,NA,NA,NA,NA,NA,NA,NA,NA,NA,NA,NA,NA,NA,NA,NA,NA,NA,NA,NA,139,NA,NA,NA,NA,NA,NA,NA,NA,NA,NA,NA,NA,NA,NA,NA,NA,NA,NA,NA,NA,NA,NA,121,NA,117,NA,NA,NA,NA,NA,NA,NA,NA,NA,NA,NA,NA,NA,NA,NA,NA,NA,NA,11,17,NA,NA,NA,NA,NA,NA,22,NA,NA,NA,NA,87,NA,NA,NA,NA,70,32,NA,NA
0.010230179028133,0.127690430529268,0.347980997624703,ACTGAGCGTGTGAGGTATCTGGAGAGATGGTTCTACAACAAGGAGGAGGTTGTTTACTTTGACAGTGATGTTGGTAAATACATAGCGAAGACAGAGTTTGGGAGACCTGATGCTGACTACTGGAACAGTGATAAGGACCTCATAGAGGATCAAAAGTCTTCGGTGGAAACATTCTGTAAATACAACTATGATGTAATACACAGT,44312df4cfddd238fe5c6c05031e2cf4,204,2740,22,Bom_MHCIIex2_024,106,4,NA,NA,NA,NA,NA,4,64,6,NA,NA,NA,NA,11,198,21,78,NA,NA,NA,584,246,161,75,NA,NA,9,17,NA,10,NA,67,NA,NA,182,13,NA,NA,NA,NA,NA,NA,NA,NA,NA,NA,NA,NA,NA,NA,NA,NA,NA,NA,NA,NA,NA,NA,NA,NA,NA,NA,NA,NA,NA,NA,NA,NA,NA,NA,NA,NA,NA,NA,NA,NA,NA,NA,NA,NA,NA,NA,NA,NA,NA,NA,NA,NA,NA,NA,NA,NA,NA,NA,NA,NA,NA,NA,NA,NA,NA,NA,NA,NA,NA,NA,NA,NA,NA,NA,NA,NA,NA,NA,NA,NA,NA,NA,NA,NA,NA,NA,NA,NA,NA,NA,NA,NA,NA,NA,NA,NA,NA,NA,NA,NA,NA,NA,NA,NA,NA,NA,NA,NA,NA,NA,NA,NA,NA,NA,NA,NA,NA,NA,NA,NA,NA,NA,NA,NA,NA,NA,NA,NA,NA,NA,NA,NA,NA,NA,NA,NA,NA,NA,NA,NA,NA,NA,NA,NA,NA,NA,NA,NA,NA,NA,NA,879,NA,NA,NA,NA,NA,NA,NA,NA,NA,NA,NA,NA,NA,NA,NA,NA,NA,NA,NA,NA,NA,NA,NA,NA,NA,NA,NA,NA,NA,NA,NA,NA,NA,NA,NA,NA,NA,NA,NA,NA,NA,NA,NA,NA,NA,NA,NA,NA,NA,NA,NA,NA,NA,NA,NA,NA,NA,NA,NA,NA,NA,NA,NA,NA,NA,NA,NA,NA,NA,NA,NA,NA,NA,NA,NA,NA,NA
0.010016694490818,0.334218256891911,0.771113831089351,ACTGAGCGTGTGAGGTTTCTGGACAGATGGTTCTACAACAAGGAGGAGGATGTTTACTTTGACAGTGATGTTGGTAAATACATAGCGAAGACAGAGAATGGGAGACCTGATGCTGACTACTGGAACAGTAATAAGGACATCATAGAGGATGCAAAGGCTGCGGTGGAAACATTCTGTAAATACAACTATGGTATATTACACAGT,4c2a17504f6b1e17c9b4c637f90e4d3c,204,10058,20,Bom_MHCIIex2_018,NA,NA,327,NA,NA,NA,NA,NA,NA,NA,NA,NA,NA,NA,NA,NA,NA,NA,NA,NA,NA,NA,NA,NA,NA,NA,NA,NA,NA,NA,NA,NA,NA,NA,NA,NA,NA,NA,NA,NA,NA,NA,NA,NA,NA,NA,NA,NA,NA,NA,NA,NA,NA,NA,NA,NA,NA,NA,NA,NA,NA,NA,NA,NA,NA,NA,NA,NA,NA,NA,NA,NA,NA,NA,NA,NA,NA,NA,NA,NA,NA,NA,NA,NA,NA,NA,NA,NA,NA,NA,NA,NA,NA,NA,NA,NA,NA,NA,NA,NA,NA,NA,NA,NA,NA,NA,NA,NA,NA,712,NA,NA,NA,NA,29,NA,NA,NA,NA,NA,NA,1221,NA,NA,NA,NA,NA,NA,NA,NA,NA,NA,NA,NA,NA,NA,NA,NA,NA,NA,NA,NA,NA,NA,NA,NA,547,NA,NA,NA,NA,NA,NA,NA,NA,NA,NA,NA,NA,NA,503,27,NA,NA,NA,NA,NA,NA,NA,NA,NA,NA,NA,18,NA,NA,NA,795,NA,NA,NA,NA,153,931,NA,NA,NA,550,NA,NA,1260,NA,848,NA,NA,NA,NA,NA,NA,NA,NA,NA,NA,NA,NA,NA,NA,NA,NA,NA,1436,NA,NA,NA,NA,NA,NA,NA,NA,NA,NA,NA,NA,NA,NA,NA,NA,NA,NA,NA,NA,NA,NA,NA,NA,NA,NA,248,NA,NA,NA,NA,NA,NA,NA,NA,NA,426,NA,NA,NA,NA,NA,NA,NA,NA,NA,NA,NA,NA,NA,NA,NA,NA,NA,NA
0.0199004975124378,0.288980865318642,0.609756097560976,ACTGAGCGTGTGAGGCTTCTGCACAGATGGTTCTACAACAAGGAGGAGTTTGTTTACTTTGACAGTGATGTCGGTAAATTCATAGCAAAGACAGAGTTTGGGAGACCTGATGCTGACTACTGGAACAGTAATAAGGACATCATAGAGAGGAAAAAGGCTGAGGTGGAAACATTCTGTAAACACAACTATGGTATATGGGAGACA,cdd625aa6488f16f0b79b5ddd6ccb041,204,7473,18,Bom_MHCIIex2_006,NA,NA,NA,NA,NA,NA,NA,NA,NA,NA,NA,NA,NA,NA,NA,NA,NA,NA,NA,NA,NA,NA,NA,NA,NA,NA,NA,NA,NA,NA,NA,NA,NA,NA,NA,NA,NA,NA,NA,NA,NA,375,12,NA,NA,NA,NA,NA,270,NA,NA,NA,NA,207,NA,NA,NA,NA,NA,311,NA,NA,NA,NA,NA,NA,NA,NA,NA,200,NA,NA,NA,NA,NA,NA,NA,NA,NA,NA,NA,NA,NA,NA,NA,NA,NA,NA,NA,NA,NA,NA,NA,NA,NA,NA,NA,NA,NA,NA,NA,NA,NA,NA,NA,NA,NA,NA,NA,NA,NA,NA,NA,NA,NA,NA,NA,NA,NA,NA,NA,NA,NA,NA,1482,1709,NA,NA,NA,NA,NA,NA,NA,NA,NA,NA,NA,NA,NA,NA,NA,NA,NA,NA,NA,NA,NA,217,NA,NA,NA,NA,NA,NA,NA,NA,NA,NA,NA,NA,NA,NA,NA,NA,NA,NA,NA,NA,NA,NA,NA,NA,NA,NA,NA,NA,NA,NA,NA,NA,NA,NA,NA,NA,NA,NA,NA,NA,NA,NA,NA,NA,NA,NA,NA,NA,NA,NA,NA,850,NA,NA,NA,NA,947,NA,NA,NA,NA,NA,NA,NA,NA,NA,NA,NA,NA,NA,NA,NA,NA,NA,NA,NA,NA,NA,NA,NA,NA,NA,NA,NA,NA,NA,NA,NA,NA,NA,NA,NA,NA,NA,286,NA,NA,NA,NA,NA,NA,NA,NA,NA,NA,340,NA,213,NA,NA,NA,NA,NA,NA,NA,NA,NA,NA
0.0164581961816985,0.18366217682329,0.37037037037037,ACTGAGCATGTGAGGTACCTGGAGAGATGGTTCTACAACAAGGAGGAGTTTGTTTACTTTGACAGTGATGTTGGTAAATTCATAGCGAAGACAGAGTTTGGGAGACCTGATGCTGACTACTGGAACAGTAATAAGGACATCATAGAGCAGAAAAAGGCTGAGGTGGAAACAGTCTGTAAACACAACTATGATGGAATACACAGT,32832e85bf8a8fd7c9306df9c08cbdb4,204,4505,17,Bom_MHCIIex2_025,NA,NA,NA,NA,NA,NA,NA,NA,NA,NA,NA,NA,NA,NA,NA,NA,NA,NA,NA,NA,NA,NA,NA,NA,NA,NA,NA,NA,NA,NA,NA,NA,NA,NA,NA,NA,NA,NA,NA,NA,NA,NA,NA,NA,NA,NA,NA,NA,NA,NA,NA,NA,NA,NA,NA,NA,NA,NA,NA,NA,NA,NA,NA,NA,NA,NA,NA,NA,NA,NA,NA,NA,NA,NA,NA,NA,NA,NA,NA,NA,NA,NA,NA,NA,NA,NA,NA,NA,NA,NA,NA,258,NA,NA,NA,NA,NA,NA,NA,NA,NA,NA,NA,NA,NA,NA,NA,462,401,NA,NA,NA,NA,577,NA,NA,NA,NA,NA,NA,NA,NA,NA,NA,NA,NA,NA,NA,NA,NA,NA,NA,NA,NA,NA,NA,NA,NA,410,NA,555,NA,NA,NA,NA,25,NA,NA,NA,NA,NA,NA,NA,NA,NA,293,NA,NA,NA,NA,630,NA,NA,NA,NA,NA,NA,NA,294,NA,NA,NA,188,NA,NA,NA,NA,NA,NA,NA,NA,NA,NA,NA,353,NA,NA,NA,NA,NA,NA,NA,NA,NA,NA,NA,NA,NA,NA,NA,NA,NA,NA,NA,NA,NA,NA,NA,NA,NA,NA,NA,NA,NA,NA,NA,NA,NA,NA,NA,NA,NA,NA,NA,NA,NA,NA,NA,NA,NA,NA,NA,NA,NA,NA,NA,NA,NA,NA,NA,NA,NA,NA,NA,NA,NA,NA,NA,NA,NA,NA,NA,NA,NA,NA,NA,NA,NA,NA,NA,NA,NA,NA,NA,NA,NA
0.0131195335276968,0.121345411186475,0.295864262990456,ACTGAGCGTGTGAGGTACCTGGACAGATATTTCTACAACGAGGAGGAGTTTGTTTACTTTGACAGTGATGTTGGTAAATTCATAGCGAAAACAGAGCTTGGGAGACCTAGTGCTGACTACTGGAACAGTAATAAGGACATCATAGAGCAGAGAAAGGCTGAGGTGGAAACATACTGTAAACACAACTATGATGTATTATACAGT,7fa7d6220dd19dcd8c4333fa4b7be4b3,204,3907,17,Bom_MHCIIex2_026,NA,NA,NA,NA,NA,NA,NA,NA,NA,NA,NA,NA,NA,NA,NA,NA,NA,NA,NA,NA,NA,NA,NA,NA,NA,NA,NA,NA,NA,NA,NA,NA,NA,NA,NA,NA,NA,NA,NA,NA,NA,NA,NA,NA,NA,NA,NA,NA,NA,NA,NA,NA,NA,NA,NA,NA,NA,NA,NA,NA,NA,NA,NA,NA,NA,NA,NA,NA,NA,NA,NA,NA,NA,NA,NA,NA,NA,NA,NA,NA,NA,NA,NA,NA,NA,NA,NA,NA,NA,NA,NA,NA,NA,NA,NA,NA,NA,NA,479,NA,NA,NA,NA,NA,NA,NA,NA,NA,NA,NA,340,NA,NA,NA,NA,NA,NA,NA,NA,NA,NA,NA,NA,NA,NA,NA,NA,NA,NA,NA,NA,NA,NA,NA,NA,NA,NA,NA,NA,25,NA,229,NA,358,NA,NA,NA,NA,NA,NA,18,298,NA,NA,86,NA,175,293,NA,NA,NA,NA,395,NA,20,NA,837,NA,NA,NA,168,NA,NA,NA,NA,NA,NA,NA,NA,NA,NA,NA,NA,NA,179,NA,NA,NA,NA,NA,NA,NA,NA,NA,NA,NA,NA,NA,NA,NA,NA,NA,NA,NA,NA,NA,NA,NA,NA,NA,NA,NA,NA,NA,NA,NA,NA,NA,NA,NA,NA,NA,NA,NA,NA,NA,NA,NA,NA,NA,NA,NA,NA,NA,NA,NA,NA,NA,NA,NA,NA,NA,NA,NA,NA,NA,NA,NA,NA,NA,NA,NA,NA,NA,NA,NA,NA,NA,NA,NA,NA,NA,NA,NA,NA,NA
0.011686143572621,0.20764532624518,0.504018369690011,ACTGAGCATGTAAGGTACCTGGACAGATATTTCTACAACAAGGAGGAGTTTGTTTACTTTGACAGTGATGTTGGTAAATACATAGCAAAGACAGAGTTTGGGAGACCTAGTGCTGACTACTGGAACAGTAATAAGGACATCATAGAGGATCAAAAGGCTTCGGTGGAAACATACTGTAAACACAACTATGATGTATTCCACAGT,c412e22b03cd573f911afcab735a5b1c,204,5246,16,Bom_MHCIIex2_027,NA,NA,NA,NA,NA,NA,NA,NA,NA,NA,NA,NA,NA,NA,NA,NA,NA,NA,NA,NA,NA,NA,NA,NA,NA,NA,NA,NA,NA,NA,NA,NA,NA,NA,NA,NA,NA,NA,NA,NA,NA,NA,NA,NA,NA,NA,NA,NA,NA,NA,NA,NA,NA,NA,NA,NA,NA,NA,NA,NA,NA,NA,NA,NA,NA,NA,NA,NA,NA,NA,NA,NA,NA,NA,NA,NA,NA,NA,NA,NA,NA,NA,NA,NA,NA,NA,NA,NA,NA,NA,NA,529,NA,NA,NA,NA,NA,NA,NA,NA,NA,NA,129,NA,NA,NA,NA,1310,NA,NA,NA,NA,NA,NA,NA,NA,NA,NA,NA,NA,NA,NA,NA,NA,NA,NA,NA,NA,NA,NA,NA,NA,NA,NA,NA,NA,NA,NA,NA,NA,NA,NA,1039,NA,NA,NA,NA,NA,NA,NA,NA,NA,622,300,NA,NA,NA,NA,NA,NA,NA,21,NA,297,NA,NA,NA,NA,NA,NA,NA,NA,391,21,NA,439,NA,NA,NA,NA,NA,NA,9,128,NA,NA,NA,NA,NA,NA,NA,NA,NA,NA,NA,NA,NA,NA,NA,NA,NA,NA,NA,NA,NA,NA,NA,NA,NA,NA,NA,NA,NA,NA,NA,NA,NA,NA,NA,NA,NA,NA,NA,NA,NA,NA,NA,NA,NA,NA,NA,NA,NA,NA,NA,NA,NA,NA,NA,NA,NA,NA,NA,NA,NA,NA,NA,NA,NA,NA,NA,NA,NA,NA,NA,NA,NA,NA,NA,NA,NA,NA,NA,NA,NA,NA
0.0102622576966933,0.156330658265303,0.322097378277154,ACTGACCATGTTAGATATCTGGAGAGATATTTCTACAACAAGGAGGAGTTTGTTTACTTTGACAGTGATGTCGGTAAATACATAGCGAAGACAGAGTTTGGGAGACCTGATGCTGACTACTGGAACAGTAATAAGGACATCATAGAGCAGAAAAAGGCTGAGGTGGAAACAGTCTGTAAAAACAACTATGGTATATGGGAGACA,b5fc0b44e667d12e9431c5f1b76ef69b,204,1831,16,Bom_MHCIIex2_028,NA,NA,NA,172,494,20,197,100,NA,NA,NA,23,12,9,NA,NA,NA,NA,NA,NA,15,NA,NA,NA,NA,253,86,251,NA,NA,6,NA,NA,NA,172,NA,NA,NA,NA,NA,NA,NA,NA,NA,NA,NA,NA,NA,NA,NA,NA,NA,NA,NA,NA,NA,NA,NA,NA,NA,NA,NA,NA,NA,NA,NA,NA,NA,NA,NA,NA,NA,NA,NA,NA,NA,NA,NA,NA,NA,NA,NA,NA,NA,NA,NA,NA,NA,NA,NA,NA,NA,NA,NA,NA,NA,NA,NA,NA,NA,NA,NA,NA,NA,NA,NA,NA,NA,NA,NA,NA,NA,NA,NA,NA,NA,NA,NA,NA,NA,NA,NA,NA,NA,NA,NA,NA,NA,NA,NA,NA,NA,NA,NA,NA,NA,NA,NA,NA,NA,NA,NA,NA,NA,NA,NA,NA,NA,NA,NA,NA,NA,NA,NA,NA,NA,NA,NA,NA,NA,NA,NA,NA,NA,NA,NA,NA,NA,NA,NA,NA,NA,NA,NA,NA,NA,NA,NA,NA,NA,NA,NA,NA,NA,NA,NA,NA,NA,NA,NA,NA,NA,NA,NA,NA,NA,NA,NA,NA,NA,NA,NA,NA,NA,NA,NA,NA,NA,NA,NA,NA,NA,NA,NA,NA,NA,NA,NA,NA,NA,NA,NA,NA,NA,NA,NA,NA,NA,NA,NA,NA,NA,NA,NA,NA,NA,NA,NA,NA,NA,NA,NA,NA,NA,NA,NA,NA,NA,NA,NA,NA,NA,NA,NA,NA,NA,NA,NA,NA,NA,NA,NA,NA,NA,NA,NA
0.0101242521859181,0.181302328857338,0.312038404726736,ACTGAGCATGTGAGGCTTCTGGACAGATGGTTCTACAACAAGGAGGAGTTTGTTTACTTTGACAGTGATGTCGGTAAATTCATAGCGAAGACAGAGTTTGGGAGACCTGATGCTGACTACTGGAACAGTGATAAGGACTTCATAGAGCAGAGAAAGGCTGCGGTGGAAACATTCTGTAAACACAACTATGGTATATGGGAGACA,5a885f11783d1f2a4b185c8f4a813d91,204,7356,14,Bom_MHCIIex2_029,NA,NA,NA,NA,NA,NA,NA,NA,NA,NA,NA,NA,NA,NA,NA,NA,NA,NA,NA,NA,NA,NA,NA,NA,NA,NA,NA,NA,NA,NA,NA,NA,NA,NA,NA,NA,NA,NA,NA,NA,NA,NA,NA,NA,NA,NA,NA,NA,NA,NA,NA,NA,NA,NA,NA,NA,NA,NA,NA,NA,NA,NA,NA,NA,NA,NA,NA,NA,NA,NA,NA,NA,NA,NA,NA,NA,NA,NA,NA,NA,NA,NA,NA,NA,NA,NA,NA,NA,NA,NA,NA,NA,NA,NA,NA,NA,NA,NA,NA,NA,NA,NA,18,30,NA,NA,847,NA,NA,1313,626,NA,NA,NA,NA,NA,NA,NA,NA,NA,NA,NA,NA,NA,NA,NA,NA,NA,NA,NA,NA,NA,NA,NA,NA,NA,NA,NA,NA,NA,NA,NA,1040,NA,NA,NA,NA,NA,NA,NA,NA,NA,NA,NA,NA,NA,NA,NA,NA,NA,NA,59,NA,NA,NA,NA,765,953,NA,531,NA,NA,NA,NA,NA,NA,NA,NA,NA,NA,301,NA,NA,22,NA,NA,NA,845,NA,NA,NA,NA,NA,NA,NA,NA,NA,NA,NA,NA,NA,NA,NA,NA,NA,NA,NA,NA,NA,NA,NA,NA,NA,NA,NA,NA,NA,NA,NA,NA,NA,NA,NA,NA,NA,NA,NA,NA,NA,NA,NA,NA,NA,NA,NA,NA,NA,NA,NA,NA,NA,NA,NA,NA,NA,NA,NA,NA,NA,NA,NA,NA,NA,NA,NA,NA,NA,NA,NA,NA,NA,NA,NA,NA,NA,NA
0.0101078167115903,0.202176224489137,0.532814778804084,ACTGACCATGTTAGATATCTGGAGAGATATTTCTACAACAAGGAGGAGTTTGTTTACTTTGACAGTGATGTTGGTAAATTCATAGCAAAGACAGAGTTTGGGAGACCTGATGCTGACTACTGGAACAGTAATAAGGACATCATAGAGAGGAAAAAGGCTGCGGTGGAAACATACTGTAAATACAACTATGGTATATGGGAGACA,c074a25b72fc404f6ad41ae79c404820,204,5988,14,Bom_MHCIIex2_030,NA,NA,NA,NA,NA,NA,NA,NA,NA,NA,NA,NA,NA,NA,NA,NA,NA,NA,NA,NA,NA,NA,NA,NA,NA,NA,NA,NA,NA,NA,NA,NA,NA,NA,NA,NA,NA,NA,NA,NA,NA,NA,NA,NA,NA,NA,NA,NA,NA,NA,NA,NA,NA,NA,NA,NA,NA,NA,NA,NA,NA,NA,NA,NA,NA,NA,NA,NA,NA,NA,NA,NA,NA,171,NA,NA,232,15,NA,12,NA,NA,NA,NA,NA,NA,NA,223,NA,NA,NA,NA,NA,NA,NA,NA,NA,NA,NA,NA,NA,NA,NA,NA,NA,NA,NA,NA,NA,NA,NA,NA,NA,NA,NA,NA,NA,NA,NA,NA,NA,1023,1476,NA,NA,NA,NA,NA,NA,NA,NA,NA,NA,NA,NA,NA,NA,NA,NA,NA,NA,NA,NA,NA,NA,NA,NA,NA,NA,NA,NA,NA,NA,NA,NA,NA,NA,137,NA,90,NA,NA,NA,NA,NA,1080,NA,NA,NA,NA,226,NA,NA,NA,NA,NA,NA,NA,NA,NA,NA,NA,NA,NA,NA,NA,NA,NA,NA,NA,NA,1096,NA,NA,NA,NA,NA,NA,NA,NA,NA,NA,NA,NA,NA,NA,NA,NA,NA,NA,NA,NA,NA,NA,NA,NA,NA,NA,NA,NA,NA,NA,NA,NA,NA,NA,NA,NA,NA,NA,NA,NA,NA,NA,NA,NA,NA,NA,NA,NA,NA,NA,NA,NA,NA,NA,NA,NA,NA,NA,NA,NA,NA,NA,NA,NA,201,NA,NA,NA,NA,NA,NA,NA,NA,NA
0.011686143572621,0.108446647576544,0.261635220125786,ACTGAGCGTGTGAGGTTTCTGGAGAGATGGTTCTACAACAAGGAGGAGGTTGTTTACTTTGATAGTGATGTCGGTAAATTCATAGCAAAGACAGAGCTTGGGAGACCTGATGCTGACTACTGGAACAGTAATAAGGACTTCATAGAGCAGAAAAAGGCTGAGGTGGAAACATTCTGTAAAAACAACTATGATGTAATACACAGT,a5fb7d57cf46439b9172fb4b78e7e3aa,204,1831,14,Bom_MHCIIex2_031,NA,NA,NA,NA,NA,NA,NA,NA,NA,NA,NA,NA,NA,NA,NA,NA,NA,NA,NA,NA,NA,NA,NA,NA,NA,NA,NA,NA,NA,NA,NA,NA,NA,NA,NA,NA,NA,NA,NA,NA,NA,NA,NA,NA,NA,NA,NA,NA,NA,NA,NA,NA,NA,NA,NA,NA,NA,NA,NA,NA,NA,NA,NA,NA,NA,NA,NA,NA,NA,NA,NA,NA,NA,NA,NA,NA,NA,NA,NA,NA,NA,NA,NA,NA,NA,NA,NA,NA,NA,NA,NA,NA,NA,NA,NA,NA,NA,291,NA,NA,NA,116,NA,NA,NA,NA,NA,NA,NA,NA,NA,425,NA,174,34,NA,NA,NA,NA,NA,NA,NA,NA,NA,NA,NA,NA,NA,NA,NA,NA,NA,NA,NA,NA,NA,NA,NA,NA,183,NA,NA,NA,NA,NA,NA,NA,NA,NA,NA,NA,NA,NA,NA,NA,NA,NA,NA,NA,208,NA,NA,NA,214,NA,NA,NA,NA,NA,NA,NA,121,NA,21,NA,NA,NA,NA,NA,NA,NA,NA,NA,NA,NA,NA,NA,NA,NA,NA,NA,NA,NA,NA,NA,NA,NA,NA,NA,NA,NA,NA,NA,NA,NA,NA,NA,NA,NA,NA,NA,NA,NA,NA,NA,NA,NA,NA,NA,NA,NA,NA,NA,NA,NA,NA,NA,NA,NA,NA,NA,NA,NA,NA,NA,NA,NA,NA,NA,NA,NA,NA,NA,NA,NA,NA,NA,NA,NA,NA,NA,NA,NA,NA,NA,NA,NA,NA,NA,NA,NA,NA,NA,NA,NA,NA
0.0512129380053908,0.138153842685307,0.265858208955224,ACTGAGCGTGTGAGGTTTCTGGACAGATATTTCTACAACAAGGAGGAGTTTGTTTACTTTGACAGTGATGTCGGTAAATTCATAGCAAAGACAGAGTTTGGGAGACCTAGTGCTGACTACTGGAACAGTAATAAGGACATCATAGAGAGGAAAAAGGCTGCGGTGGAAACATACTGTAAACACAACTATGGTATATGGGAGACA,af1e2bc5e47021651003df6a93fbfbbb,204,3588,12,Bom_MHCIIex2_032,NA,NA,NA,NA,NA,NA,NA,NA,NA,NA,NA,NA,NA,NA,NA,NA,NA,NA,NA,NA,NA,NA,NA,NA,NA,NA,NA,NA,NA,NA,NA,NA,NA,NA,NA,NA,NA,NA,NA,NA,NA,NA,NA,NA,NA,NA,NA,NA,NA,NA,NA,NA,NA,NA,NA,NA,NA,NA,NA,NA,NA,NA,NA,NA,NA,NA,NA,NA,NA,NA,NA,NA,NA,NA,NA,NA,NA,NA,NA,NA,NA,NA,NA,NA,NA,NA,NA,NA,NA,NA,NA,NA,NA,NA,NA,NA,NA,NA,855,NA,NA,NA,NA,NA,NA,NA,NA,NA,NA,NA,299,NA,NA,NA,NA,NA,NA,NA,NA,NA,NA,NA,NA,NA,NA,NA,NA,NA,NA,NA,NA,NA,NA,NA,NA,NA,NA,NA,NA,NA,NA,459,NA,380,NA,NA,NA,NA,NA,NA,NA,206,NA,NA,54,NA,57,NA,NA,NA,NA,NA,225,NA,NA,NA,304,NA,NA,NA,187,NA,NA,NA,NA,NA,NA,NA,NA,NA,NA,NA,NA,NA,560,NA,NA,NA,NA,NA,NA,NA,NA,NA,NA,NA,NA,NA,NA,NA,NA,NA,NA,NA,NA,NA,NA,NA,NA,NA,NA,NA,NA,NA,NA,NA,NA,NA,NA,NA,NA,NA,NA,NA,NA,NA,NA,NA,NA,NA,NA,NA,NA,NA,NA,NA,NA,NA,NA,NA,NA,NA,NA,NA,NA,NA,NA,NA,NA,NA,NA,NA,NA,NA,NA,NA,NA,NA,NA,NA,NA,NA,NA,NA,NA,NA
0.0138674884437596,0.132210787586267,0.232089552238806,ACTGAGCGTGTGAGGTTTCTGCAGAGATATTTCTACAACAAGGAGGAGGATGTTTACTTTGACAGTGATGTCGGTAAATTCATAGCAAAGACAGAGAATGGGAGACCTGATGCTGACAGCTGGAACAGTAATAAGGACTTCATAGAGCAGATGAAGGCTGCGGTGGAAACATTTTGTAAACACAACTACGATATAATACACAGT,01738bb7b6bce24b67539ee5e8c87646,204,2489,11,Bom_MHCIIex2_033,NA,NA,NA,NA,NA,NA,NA,NA,NA,NA,NA,72,72,NA,NA,NA,NA,NA,NA,9,122,NA,NA,NA,NA,NA,NA,NA,NA,NA,55,NA,NA,NA,NA,NA,NA,NA,NA,NA,NA,NA,NA,NA,NA,NA,NA,NA,NA,NA,NA,NA,NA,NA,NA,NA,NA,NA,NA,NA,NA,NA,NA,NA,NA,NA,NA,NA,NA,NA,NA,NA,NA,NA,NA,NA,NA,NA,NA,NA,NA,NA,NA,NA,NA,NA,NA,NA,NA,NA,NA,NA,NA,NA,NA,NA,NA,NA,NA,NA,NA,NA,NA,NA,NA,NA,NA,NA,NA,NA,NA,NA,NA,NA,NA,NA,NA,NA,554,NA,NA,NA,NA,NA,NA,NA,NA,NA,NA,NA,NA,NA,NA,NA,NA,NA,NA,NA,309,NA,NA,NA,NA,NA,NA,NA,NA,NA,NA,NA,NA,NA,NA,NA,NA,NA,107,NA,NA,NA,NA,NA,NA,NA,NA,NA,NA,NA,NA,NA,NA,NA,NA,NA,NA,NA,NA,NA,NA,NA,NA,NA,NA,NA,NA,NA,436,NA,NA,NA,NA,NA,NA,NA,NA,NA,NA,NA,NA,NA,NA,NA,442,NA,NA,311,NA,NA,NA,NA,NA,NA,NA,NA,NA,NA,NA,NA,NA,NA,NA,NA,NA,NA,NA,NA,NA,NA,NA,NA,NA,NA,NA,NA,NA,NA,NA,NA,NA,NA,NA,NA,NA,NA,NA,NA,NA,NA,NA,NA,NA,NA,NA,NA,NA,NA,NA,NA,NA,NA,NA,NA,NA,NA,NA,NA
0.0124275062137531,0.0815722761502777,0.219865676917639,ACTGAGCGTGTGAGGTATCTGGAGAGATGGTTCTACAACAAGGAGGAGGTTGTTTACTTTGACAGTGATGTTGGTAAATACATAGCGAAGACAGAGCTTTGGAGACCTGATGCTGACTACTGGAACAGTAATAAGGACCTCATAGAGGATCAAAAGTCTTCGGTGGAAACATTCTGTAAATACAACTATGATGTAATACACAGT,e8c89420ea6f06415a74a84538f60870,204,2310,11,Bom_MHCIIex2_034,NA,NA,NA,NA,NA,NA,NA,NA,NA,NA,NA,NA,NA,NA,NA,NA,NA,NA,NA,NA,NA,NA,NA,NA,NA,NA,NA,NA,NA,NA,NA,NA,NA,NA,NA,NA,NA,NA,NA,NA,NA,NA,NA,NA,NA,NA,NA,NA,NA,NA,NA,NA,NA,NA,NA,NA,NA,NA,NA,NA,NA,NA,NA,NA,NA,NA,NA,NA,NA,NA,NA,NA,NA,NA,NA,NA,NA,NA,NA,NA,NA,NA,NA,NA,NA,NA,NA,NA,NA,NA,NA,NA,NA,NA,NA,NA,NA,NA,NA,NA,NA,NA,NA,NA,NA,NA,105,NA,NA,194,98,NA,NA,NA,NA,NA,NA,NA,NA,NA,NA,NA,NA,NA,NA,NA,NA,NA,NA,NA,NA,NA,NA,NA,NA,NA,NA,NA,NA,NA,NA,NA,190,NA,NA,NA,NA,NA,NA,NA,NA,NA,NA,NA,NA,NA,NA,NA,NA,NA,NA,15,NA,NA,NA,NA,622,376,NA,255,NA,NA,NA,NA,NA,NA,NA,NA,NA,NA,144,NA,NA,NA,NA,NA,NA,304,NA,NA,NA,NA,NA,NA,NA,NA,NA,NA,NA,NA,NA,NA,NA,NA,NA,NA,NA,NA,NA,NA,NA,NA,NA,NA,NA,NA,NA,NA,NA,NA,NA,NA,NA,NA,NA,NA,NA,NA,NA,NA,NA,NA,NA,NA,NA,NA,NA,NA,NA,NA,NA,NA,NA,NA,NA,NA,NA,NA,NA,NA,NA,NA,NA,NA,NA,NA,NA,NA,NA,NA,NA,NA,NA,NA,NA,NA
0.0112233445566779,0.285037346447037,0.540966921119593,ACTGAGCGTGTGAGGTTTCTGCAGAGATATTTCTACAACAAGGAGGAGGATGTTTACTTTGACAGTGATGTTGGTAAATTCATAGCAAAGACAGAGTTTGGGAGACCTGAGGCTGACAGCTGGAACAGTAATAAGGACATCATAGAGCAGATGAAGGCTCAGGTGGAAACATTCTGTAAACACAACTATGGTGTAATACACAGT,4afdd1ae5421411fe89fcac7a718ffeb,204,3377,9,Bom_MHCIIex2_035,NA,NA,NA,NA,NA,NA,NA,NA,NA,NA,NA,NA,NA,NA,NA,NA,NA,NA,NA,NA,NA,NA,NA,NA,NA,NA,NA,NA,NA,NA,NA,NA,NA,NA,NA,NA,NA,NA,NA,NA,NA,NA,NA,NA,NA,NA,NA,NA,NA,NA,NA,NA,NA,NA,NA,NA,NA,NA,NA,12,410,NA,NA,NA,NA,NA,NA,10,NA,NA,NA,144,NA,NA,NA,NA,NA,NA,NA,NA,NA,NA,542,16,NA,NA,NA,NA,509,NA,NA,NA,NA,NA,NA,NA,NA,NA,NA,NA,NA,NA,NA,NA,NA,NA,NA,NA,NA,NA,NA,NA,NA,NA,NA,NA,NA,NA,NA,NA,NA,NA,NA,NA,NA,NA,NA,NA,NA,NA,NA,NA,NA,NA,NA,NA,NA,NA,NA,NA,NA,NA,NA,NA,NA,NA,NA,NA,NA,NA,NA,NA,NA,NA,NA,NA,NA,NA,NA,NA,NA,NA,NA,NA,NA,NA,NA,NA,NA,NA,NA,NA,NA,NA,NA,NA,NA,NA,NA,NA,NA,NA,NA,NA,NA,NA,NA,NA,NA,NA,NA,NA,NA,NA,NA,NA,NA,NA,NA,NA,NA,NA,NA,NA,NA,NA,NA,NA,NA,NA,NA,NA,NA,NA,NA,NA,NA,NA,NA,NA,1063,NA,NA,NA,671,NA,NA,NA,NA,NA,NA,NA,NA,NA,NA,NA,NA,NA,NA,NA,NA,NA,NA,NA,NA,NA,NA,NA,NA,NA,NA,NA,NA,NA,NA,NA,NA,NA,NA,NA,NA,NA,NA,NA,NA,NA
0.0101580135440181,0.11002595548455,0.407692307692308,ACTGAGCGTGTGAGGTTTCTGGACAGATATTTCTACAACAAGGAGGAGTTTGTTTACTTTGACAGTGATGTCGGTAAATTCATAGCAAAGACAGAGTTTGGGAGACCTAGTGCTGACTACTGGAACAGTAATAAGGACATCATAGAGAGGAAAAAGGCTGCGGTGGAAACATACTGTAAATACAACTATGGTATATGGGAGACA,6439e9790de29e340569609716aca825,204,1004,8,Bom_MHCIIex2_036,NA,8,636,NA,NA,NA,8,NA,133,NA,18,NA,NA,NA,NA,NA,190,NA,NA,NA,NA,NA,NA,9,NA,NA,NA,NA,NA,NA,NA,NA,NA,NA,NA,NA,NA,NA,NA,NA,NA,NA,NA,NA,NA,NA,NA,NA,NA,NA,NA,NA,NA,NA,NA,NA,NA,NA,NA,NA,NA,NA,NA,NA,NA,NA,NA,NA,NA,NA,NA,NA,NA,NA,NA,NA,NA,NA,NA,NA,NA,NA,NA,NA,NA,NA,NA,NA,NA,NA,NA,NA,NA,NA,NA,NA,NA,NA,NA,NA,NA,NA,NA,NA,NA,NA,NA,NA,NA,NA,NA,NA,NA,NA,NA,NA,NA,NA,NA,NA,NA,NA,NA,NA,NA,NA,NA,NA,NA,NA,NA,NA,NA,NA,NA,NA,NA,NA,NA,NA,NA,NA,NA,NA,NA,NA,NA,NA,NA,NA,NA,NA,NA,NA,NA,NA,NA,NA,NA,NA,NA,NA,NA,NA,NA,NA,NA,NA,NA,NA,NA,NA,NA,NA,NA,NA,NA,NA,NA,NA,NA,NA,NA,NA,NA,NA,NA,NA,NA,NA,NA,NA,NA,NA,NA,NA,NA,NA,NA,NA,NA,NA,NA,NA,NA,NA,NA,NA,NA,NA,NA,NA,NA,NA,NA,NA,NA,NA,NA,NA,NA,NA,NA,NA,NA,NA,NA,NA,NA,NA,NA,NA,NA,NA,NA,NA,NA,NA,NA,NA,NA,NA,NA,NA,NA,NA,NA,NA,NA,NA,NA,NA,NA,NA,NA,NA,NA,NA,NA,NA,NA,NA,NA,NA,NA,NA
0.295698924731183,0.405994317256152,0.60864040660737,ACTGAGCGTGTGAGGTTTCTGCAGAGATATTTCTACAACAAGGAGGAGGTTGTTTACTTTGACAGTGATGTCGGTAAATTCATAGCAAAGACAGAGTTTGGGAGACCTGAGGCTGACAGCTGGAACAGTAATAAGGACATCATAGAGCAGATGAAGGCTCAGGTGGAAACATTCTGTAAAATCAACTATGATGTATTCCACAGT,bdef0a32566a415e1946e9654cb2532c,204,1703,7,Bom_MHCIIex2_010,NA,NA,NA,NA,NA,NA,NA,NA,NA,NA,NA,NA,NA,NA,NA,NA,NA,NA,NA,NA,NA,NA,NA,NA,NA,NA,NA,NA,NA,NA,NA,NA,NA,NA,NA,NA,NA,NA,NA,NA,NA,NA,222,449,NA,330,NA,NA,NA,NA,NA,NA,NA,NA,NA,NA,NA,NA,NA,NA,NA,NA,NA,NA,NA,NA,NA,NA,NA,NA,NA,NA,NA,NA,NA,NA,NA,NA,NA,NA,NA,NA,NA,NA,NA,NA,NA,NA,NA,NA,NA,NA,NA,NA,NA,NA,NA,NA,NA,NA,NA,NA,NA,NA,NA,NA,NA,NA,NA,NA,NA,NA,NA,NA,NA,NA,NA,NA,NA,NA,NA,NA,NA,NA,NA,NA,NA,NA,NA,NA,NA,NA,NA,NA,NA,NA,NA,NA,NA,NA,NA,NA,NA,NA,NA,NA,NA,NA,NA,NA,NA,NA,NA,NA,NA,NA,NA,NA,NA,NA,NA,NA,NA,NA,NA,NA,NA,NA,NA,NA,NA,NA,NA,NA,NA,NA,NA,NA,NA,NA,NA,NA,215,NA,NA,NA,NA,NA,NA,NA,NA,NA,NA,NA,NA,NA,NA,NA,NA,NA,NA,NA,NA,NA,NA,NA,NA,NA,NA,NA,NA,NA,NA,NA,NA,NA,NA,NA,NA,NA,NA,NA,NA,NA,NA,NA,NA,NA,NA,NA,NA,NA,NA,NA,NA,NA,NA,NA,NA,NA,NA,NA,NA,NA,NA,NA,479,NA,NA,NA,NA,NA,NA,NA,NA,NA,NA,NA,NA,NA,NA,NA,NA,NA,NA,NA
0.0110957004160888,0.174369649944423,0.42512077294686,ACTGACCATGTTAGATATCTGGAGAGATGGTTCTACAACAAGGAGGAGTTTGTTTACTTTGACAGTGATGTTGGTAAATTCATAGCGAAGACAGAGTTTGGGAGACCTGATGCTGACTACTGGAACAGTAATAAGGACCTCATAGAGCAGAGAAAGGCTGAGGTGGAAACAGTCTGTAAACACAACTATGGTATATGGGAGACA,e3ffbc15468fea7f96f7b75ca7abe086,204,718,7,Bom_MHCIIex2_037,NA,NA,NA,NA,NA,NA,NA,NA,NA,NA,NA,NA,NA,NA,NA,NA,NA,NA,NA,NA,NA,NA,NA,NA,NA,NA,NA,NA,NA,NA,NA,NA,NA,NA,NA,NA,55,140,86,352,NA,8,8,NA,NA,NA,NA,NA,NA,NA,NA,NA,NA,NA,NA,NA,NA,NA,NA,NA,NA,NA,NA,NA,NA,NA,NA,NA,NA,NA,NA,NA,NA,NA,NA,NA,NA,NA,NA,NA,NA,NA,NA,NA,NA,NA,NA,NA,NA,NA,NA,NA,NA,NA,NA,NA,NA,NA,NA,NA,NA,NA,NA,NA,NA,NA,NA,NA,NA,NA,NA,NA,NA,NA,NA,NA,NA,NA,NA,NA,NA,NA,NA,NA,NA,NA,NA,NA,NA,NA,NA,NA,NA,NA,NA,NA,NA,NA,NA,NA,NA,NA,NA,NA,NA,NA,NA,NA,NA,NA,NA,NA,NA,NA,NA,NA,NA,NA,NA,NA,NA,NA,NA,NA,NA,NA,NA,NA,NA,NA,NA,NA,NA,NA,NA,NA,NA,NA,NA,NA,NA,NA,NA,NA,NA,NA,NA,NA,NA,NA,NA,NA,NA,NA,NA,NA,NA,NA,NA,NA,NA,NA,NA,NA,NA,NA,NA,NA,NA,NA,NA,NA,NA,NA,NA,NA,NA,NA,NA,NA,NA,NA,NA,NA,NA,NA,NA,NA,NA,NA,NA,NA,NA,NA,NA,NA,NA,NA,NA,NA,NA,NA,NA,NA,NA,NA,NA,NA,NA,NA,NA,NA,NA,NA,NA,NA,NA,NA,NA,NA,NA,NA,NA,NA,NA,NA
0.0116086235489221,0.125884776500542,0.201690821256039,ACTGAGCATGTGAGGCTTCTGGTGAGATATTTCTACAACAAGGAGGAGGATGTTTACTTTGACAGTGATGTTGGTAAATTCATAGCGAAGACAGAGAATGGGAGACCTGATGCTGACTACTGGAACAGTAATAAGGACATCATAGAGCGGGCAAAGGCTGCGGTGGAAACATACTGTAAACATGACTATGATGTATTCCACAGT,3dca8cee8290df092862d3f5a361e65e,204,468,7,Bom_MHCIIex2_038,NA,NA,NA,NA,NA,NA,NA,NA,NA,8,NA,NA,NA,NA,NA,NA,NA,NA,NA,NA,NA,NA,NA,NA,NA,NA,NA,NA,NA,NA,NA,NA,NA,NA,NA,NA,123,93,54,167,NA,NA,7,NA,NA,NA,NA,NA,NA,NA,NA,NA,NA,NA,NA,NA,NA,NA,NA,NA,NA,NA,NA,NA,NA,NA,NA,NA,NA,NA,NA,NA,NA,NA,NA,NA,NA,NA,NA,NA,NA,NA,NA,NA,NA,NA,NA,NA,NA,NA,NA,NA,NA,NA,NA,NA,NA,NA,NA,NA,NA,NA,NA,NA,NA,NA,NA,NA,NA,NA,NA,NA,NA,NA,NA,NA,NA,NA,NA,NA,NA,NA,NA,NA,NA,NA,NA,NA,NA,NA,NA,NA,NA,NA,NA,NA,NA,NA,NA,NA,NA,NA,NA,NA,NA,NA,NA,NA,NA,NA,NA,NA,NA,NA,NA,NA,NA,NA,NA,NA,NA,NA,NA,NA,NA,NA,NA,NA,NA,NA,NA,NA,NA,NA,NA,NA,NA,NA,NA,NA,NA,NA,NA,NA,NA,NA,NA,NA,NA,NA,NA,NA,NA,NA,NA,NA,NA,NA,NA,NA,NA,NA,NA,NA,NA,NA,NA,NA,NA,NA,NA,NA,NA,NA,NA,NA,NA,NA,NA,NA,NA,NA,NA,NA,NA,NA,NA,NA,NA,NA,NA,NA,NA,NA,NA,NA,NA,NA,NA,NA,NA,NA,NA,NA,NA,NA,NA,NA,NA,NA,NA,NA,NA,NA,NA,NA,NA,NA,NA,NA,NA,NA,NA,NA,NA,NA
0.139885222381636,0.304041249401864,0.450532724505327,ACTGAGCGTGTGAGGCTTCTGCAGAGATATTTCTACAACAAGGAGGAGGATGTTTACTTTGACAGTGATGTCGGTAAATTCATAGCAAAGACAGAGTTTGGGAGACCTGAGGCTGACAGCTGGAACAGTAATAAGGACATCATAGAGCAGATGAAGGCTCAGGTGGAAACAGTCTGTAAACACAACTATGGTGTAATACACAGT,d46a38410a5a5e543a75c05fd49f62e3,204,2091,6,Bom_MHCIIex2_039,NA,NA,NA,NA,NA,NA,NA,NA,NA,NA,NA,NA,NA,NA,NA,NA,NA,NA,NA,NA,NA,NA,NA,NA,NA,NA,NA,NA,NA,NA,NA,NA,NA,NA,NA,NA,NA,NA,NA,NA,NA,NA,NA,NA,NA,NA,NA,NA,NA,NA,NA,NA,NA,NA,NA,NA,NA,NA,NA,NA,NA,NA,NA,NA,NA,NA,NA,NA,NA,NA,NA,NA,NA,NA,NA,NA,NA,NA,NA,NA,NA,NA,NA,296,NA,NA,256,NA,NA,NA,NA,NA,NA,NA,NA,NA,NA,NA,NA,NA,NA,NA,NA,NA,NA,NA,NA,NA,NA,NA,NA,NA,NA,NA,NA,NA,NA,NA,NA,NA,NA,NA,NA,NA,NA,NA,NA,NA,NA,NA,NA,NA,NA,NA,NA,NA,NA,NA,NA,NA,NA,NA,NA,NA,NA,NA,NA,NA,NA,NA,NA,NA,NA,NA,NA,NA,NA,NA,NA,NA,NA,NA,NA,NA,NA,NA,NA,NA,NA,NA,NA,NA,NA,NA,NA,NA,NA,NA,NA,NA,NA,NA,NA,NA,NA,NA,NA,NA,NA,NA,NA,NA,NA,NA,NA,NA,NA,NA,NA,195,NA,NA,NA,NA,NA,NA,NA,NA,NA,NA,NA,NA,NA,NA,NA,NA,NA,NA,NA,NA,NA,NA,NA,NA,NA,NA,NA,NA,NA,NA,483,NA,NA,NA,300,NA,NA,NA,561,NA,NA,NA,NA,NA,NA,NA,NA,NA,NA,NA,NA,NA,NA,NA,NA,NA,NA,NA,NA,NA,NA,NA,NA,NA,NA,NA
0.0234134319162046,0.105656680410404,0.331816803154383,ACTGAGCGTGTGAGGCTTCTGCAGAGATATTTCTACAACAAGGAGGAGGATGTTTACTTTGACAGTGATGTCGGTAAATTCATAGCAAAGACAGAGTTTGGGAGACCTGAGGCTGACAGCTGGAACAGTAATAAGGACATCATAGAGCAGATGAAGGCTCAGGTGGAAACATTCTGTAAAATCAACTATGATGTATTCCACAGT,af4b4815d5612fae91dae492366b0818,204,1847,6,Bom_MHCIIex2_008,NA,NA,NA,NA,NA,NA,NA,NA,NA,NA,NA,NA,NA,NA,NA,NA,NA,NA,NA,NA,NA,NA,NA,NA,NA,NA,NA,NA,NA,NA,NA,NA,NA,NA,NA,NA,NA,NA,NA,NA,NA,45,NA,NA,NA,NA,NA,NA,NA,NA,NA,NA,NA,NA,NA,NA,NA,NA,NA,NA,NA,NA,NA,NA,NA,NA,NA,NA,NA,NA,NA,NA,NA,NA,NA,NA,NA,NA,NA,NA,NA,NA,NA,NA,NA,NA,NA,NA,NA,NA,NA,NA,NA,NA,NA,NA,NA,NA,NA,NA,NA,NA,NA,NA,NA,1094,NA,NA,NA,NA,NA,NA,NA,NA,NA,NA,NA,NA,NA,NA,NA,NA,NA,NA,NA,562,NA,NA,NA,NA,NA,NA,NA,NA,NA,NA,NA,NA,NA,NA,NA,NA,NA,NA,NA,NA,NA,NA,NA,NA,NA,NA,NA,NA,NA,NA,NA,NA,NA,NA,NA,NA,NA,NA,NA,NA,NA,NA,NA,NA,NA,NA,NA,NA,NA,NA,NA,NA,NA,NA,NA,NA,NA,NA,NA,NA,NA,NA,NA,NA,NA,NA,NA,NA,NA,NA,NA,NA,NA,NA,NA,NA,NA,NA,NA,NA,NA,NA,NA,NA,NA,NA,NA,NA,NA,NA,NA,NA,NA,NA,NA,NA,NA,NA,NA,NA,NA,NA,NA,NA,NA,NA,NA,NA,NA,NA,NA,NA,NA,NA,NA,NA,38,NA,NA,NA,NA,NA,NA,NA,NA,NA,NA,67,NA,41,NA,NA,NA,NA,NA,NA,NA,NA,NA,NA
0.210182473530074,0.342479924347133,0.483085250338295,ACTGAGCGTGTGAGGCTTCTGCAGAGATATTTCTACAACAAGGAGGAGATTGTTTACTTTGACAGTGATGTTGGTAAATTCATAGCAAAGACAGAGCTTGGGAGACCTGATGCTGACAGCTGGAACAGTAATAAGGACTTCATAGAGCAGATGAAGGCTGCGGTGGAAACATTCTGTAAACACAACTATGGTATATTACACAGT,41b798bf9834a22e7b5beb8da5d3725e,204,4249,5,Bom_MHCIIex2_040,NA,NA,NA,NA,NA,NA,NA,NA,NA,NA,NA,NA,NA,NA,NA,NA,NA,NA,NA,NA,NA,NA,NA,NA,NA,NA,NA,NA,NA,NA,NA,NA,NA,NA,NA,NA,NA,NA,NA,NA,NA,NA,NA,NA,NA,NA,NA,NA,NA,NA,NA,NA,NA,NA,NA,NA,NA,NA,NA,NA,NA,NA,NA,NA,NA,NA,NA,NA,NA,NA,NA,NA,NA,NA,NA,NA,NA,NA,NA,NA,NA,NA,NA,NA,NA,NA,NA,NA,NA,NA,NA,NA,NA,NA,NA,NA,NA,NA,NA,NA,NA,NA,NA,NA,NA,NA,NA,NA,NA,NA,NA,NA,NA,NA,NA,NA,NA,NA,NA,NA,NA,NA,1006,1785,933,NA,NA,NA,NA,NA,NA,NA,NA,NA,NA,NA,NA,NA,NA,NA,NA,NA,NA,NA,NA,NA,NA,NA,NA,NA,NA,NA,NA,NA,NA,NA,NA,NA,NA,NA,NA,522,NA,NA,NA,NA,NA,NA,NA,NA,NA,NA,NA,NA,NA,NA,NA,NA,NA,NA,NA,NA,NA,NA,NA,NA,NA,NA,NA,NA,NA,NA,NA,NA,NA,NA,NA,NA,NA,NA,NA,NA,NA,NA,NA,NA,NA,NA,NA,NA,NA,NA,NA,NA,NA,NA,NA,NA,NA,NA,NA,NA,NA,NA,NA,NA,NA,NA,NA,NA,NA,NA,NA,NA,NA,NA,NA,NA,NA,NA,NA,NA,NA,NA,NA,NA,NA,NA,NA,NA,NA,NA,NA,NA,NA,NA,NA,NA,NA,NA,NA,NA,NA,NA,NA,NA
0.120627802690583,0.228863561134253,0.420200095283468,ACTGAGCGTGTGAGGCTTCTGGAGAGATGGTTCTACAACAAGGAGGAGACTGTTTACTTTGACAGGGATGTTGGTAAATACATAGCGAAGACAGAGCTTTGGAGACCTGATGCTGACTACTGGAACAGTAATAAGGACCTCATAGAGCAGAGAAAGGCTCAGGTGGAAACATTCTGTAAAAACAACTATGATATAATACACAGT,a229cda0d5f325064f650b2386b637e2,204,3539,5,Bom_MHCIIex2_041,NA,NA,NA,NA,NA,NA,NA,NA,NA,NA,NA,NA,NA,NA,NA,NA,NA,NA,NA,NA,NA,NA,NA,NA,NA,NA,NA,NA,NA,NA,NA,NA,NA,NA,NA,NA,NA,NA,NA,NA,NA,NA,NA,NA,NA,NA,NA,NA,NA,NA,NA,NA,NA,NA,NA,NA,NA,NA,NA,NA,NA,NA,NA,NA,NA,NA,NA,NA,NA,NA,NA,NA,NA,NA,NA,NA,NA,NA,NA,NA,NA,NA,NA,NA,NA,NA,NA,NA,NA,NA,NA,NA,NA,NA,394,269,NA,NA,NA,NA,NA,NA,NA,NA,NA,NA,NA,NA,NA,NA,NA,NA,NA,NA,NA,NA,NA,NA,NA,NA,NA,NA,NA,NA,NA,NA,NA,1222,772,NA,882,NA,NA,NA,NA,NA,NA,NA,NA,NA,NA,NA,NA,NA,NA,NA,NA,NA,NA,NA,NA,NA,NA,NA,NA,NA,NA,NA,NA,NA,NA,NA,NA,NA,NA,NA,NA,NA,NA,NA,NA,NA,NA,NA,NA,NA,NA,NA,NA,NA,NA,NA,NA,NA,NA,NA,NA,NA,NA,NA,NA,NA,NA,NA,NA,NA,NA,NA,NA,NA,NA,NA,NA,NA,NA,NA,NA,NA,NA,NA,NA,NA,NA,NA,NA,NA,NA,NA,NA,NA,NA,NA,NA,NA,NA,NA,NA,NA,NA,NA,NA,NA,NA,NA,NA,NA,NA,NA,NA,NA,NA,NA,NA,NA,NA,NA,NA,NA,NA,NA,NA,NA,NA,NA,NA,NA,NA,NA,NA,NA,NA,NA,NA,NA,NA,NA
0.12379421221865,0.219791771501461,0.295238095238095,ACTGAGCATGTGAGGTATCTGCAGAGATGTTTCTACAACAAGGAGGAGGTTCTTTACTTTGACAGTGATGTCGGTAAATTCATAGCAAAGACAGAGCTTGGGAGACCTGAGGCTGACAGCTGGAACAGTAATAAGGAATACATAAAGCAGAAAAAGGCTGAGGTGGAAACAGGCTGTAAACATGACTATGATGTATTACACAGT,b6e999d47cc749a980a63891e1fa80d2,204,542,5,Bom_MHCIIex2_042,NA,NA,NA,NA,NA,NA,NA,NA,NA,NA,NA,NA,NA,NA,NA,NA,NA,NA,NA,NA,NA,NA,NA,NA,NA,NA,NA,NA,NA,NA,NA,NA,NA,NA,NA,NA,77,120,93,214,NA,NA,NA,NA,NA,NA,NA,NA,NA,NA,NA,NA,NA,NA,NA,NA,NA,NA,NA,NA,NA,NA,NA,NA,NA,NA,NA,NA,NA,NA,NA,NA,NA,NA,NA,NA,NA,NA,NA,NA,NA,NA,NA,NA,NA,NA,NA,NA,NA,NA,NA,NA,NA,NA,NA,NA,NA,NA,NA,NA,NA,NA,NA,NA,NA,NA,NA,NA,NA,NA,NA,NA,NA,NA,NA,NA,NA,NA,NA,NA,NA,NA,NA,NA,NA,NA,NA,NA,NA,NA,NA,NA,NA,NA,NA,NA,NA,NA,NA,NA,NA,NA,NA,NA,NA,NA,NA,NA,NA,NA,NA,NA,NA,NA,NA,NA,NA,NA,NA,NA,NA,NA,NA,NA,NA,NA,NA,NA,NA,NA,NA,NA,NA,NA,NA,NA,NA,NA,NA,NA,NA,NA,NA,NA,NA,NA,NA,NA,NA,NA,NA,NA,NA,NA,NA,NA,NA,NA,NA,NA,NA,NA,NA,NA,NA,NA,NA,NA,NA,NA,NA,NA,NA,NA,NA,NA,NA,NA,NA,NA,NA,NA,NA,NA,NA,NA,NA,NA,NA,NA,NA,NA,NA,NA,NA,NA,NA,NA,NA,NA,NA,NA,NA,NA,NA,NA,NA,NA,NA,NA,NA,NA,NA,NA,NA,NA,NA,NA,NA,NA,NA,NA,NA,NA,NA,NA
0.273857257417803,0.584766093650346,0.916548797736917,ACTGAGCATGTGAGGCTTCTGGACAGATGGTTCTACAACAAGGAGGAGTTTGTTTACTTTGACAGTGATGTCGGTAAATTCATAGCGAAGACAGAGTTTGGGAGACCTGATGCTGACTACTGGAACAGTGATAAGGACTTCATAGAGCAGAGAAAGGCTGCGGTGGAAACATTCTGTAAACACAACTATGGTATATTGGAGACA,f7247921db8dfb8003fef2df4a7535c4,204,4917,4,Bom_MHCIIex2_043,NA,NA,NA,NA,NA,NA,NA,NA,NA,NA,NA,NA,NA,NA,NA,NA,NA,NA,NA,NA,NA,NA,NA,NA,NA,NA,NA,NA,NA,NA,NA,NA,NA,NA,NA,NA,NA,NA,NA,NA,NA,NA,NA,NA,NA,NA,NA,NA,NA,NA,NA,NA,NA,NA,NA,NA,NA,NA,NA,NA,NA,NA,NA,NA,NA,NA,NA,NA,NA,NA,NA,NA,NA,NA,NA,NA,NA,NA,NA,NA,NA,NA,NA,NA,NA,NA,NA,NA,NA,NA,NA,NA,NA,NA,NA,NA,NA,NA,NA,NA,NA,NA,NA,NA,NA,NA,NA,NA,NA,NA,NA,NA,NA,NA,NA,NA,NA,NA,NA,NA,NA,NA,NA,NA,NA,NA,NA,NA,NA,NA,NA,NA,NA,NA,NA,NA,NA,NA,NA,NA,NA,NA,NA,NA,NA,NA,NA,NA,NA,NA,NA,NA,NA,NA,NA,NA,NA,NA,NA,NA,NA,NA,NA,NA,NA,NA,NA,NA,NA,NA,NA,NA,NA,NA,NA,NA,NA,NA,NA,NA,NA,NA,NA,NA,NA,NA,NA,NA,NA,NA,NA,NA,NA,1543,1944,683,NA,747,NA,NA,NA,NA,NA,NA,NA,NA,NA,NA,NA,NA,NA,NA,NA,NA,NA,NA,NA,NA,NA,NA,NA,NA,NA,NA,NA,NA,NA,NA,NA,NA,NA,NA,NA,NA,NA,NA,NA,NA,NA,NA,NA,NA,NA,NA,NA,NA,NA,NA,NA,NA,NA,NA,NA,NA,NA,NA,NA,NA,NA,NA,NA,NA,NA,NA,NA,NA
0.159617097061443,0.16343368660171,0.165745856353591,ACTGACCATGTTAGATATCTGGAGAGATATTTCTACAACAAGGAGGAGTTTGTTTACTTTGACAGTGATGTTGGTAAATTCATAGCAAAGACAGAGTTTGGGAGACCTGATGCTGACTACTGGAACAGTAATAAGGACATCATAGAGTGGGCAAAGGCTGCGGTGGAAACATACTGTAAATACAACTATGGTATATGGGAGACA,a468cbdfef32c155587a9b3aee9ffcff,204,1752,4,Bom_MHCIIex2_044,NA,NA,NA,NA,NA,NA,NA,NA,NA,NA,NA,NA,NA,NA,NA,NA,NA,NA,NA,NA,NA,NA,NA,NA,NA,NA,NA,NA,NA,NA,NA,NA,NA,NA,NA,NA,NA,NA,NA,NA,NA,NA,NA,NA,NA,NA,NA,NA,NA,NA,NA,NA,NA,NA,NA,NA,NA,NA,NA,NA,NA,NA,NA,NA,NA,NA,NA,NA,NA,NA,NA,NA,NA,NA,NA,NA,NA,NA,NA,NA,NA,NA,NA,NA,NA,NA,NA,NA,NA,NA,NA,NA,NA,NA,NA,NA,NA,NA,NA,NA,NA,NA,NA,NA,NA,NA,NA,NA,NA,NA,NA,NA,NA,NA,NA,NA,NA,NA,NA,NA,NA,NA,NA,NA,NA,NA,NA,NA,NA,NA,NA,NA,NA,540,717,NA,493,NA,NA,NA,NA,NA,NA,NA,NA,NA,NA,NA,NA,NA,NA,NA,NA,NA,NA,NA,NA,NA,NA,NA,NA,NA,NA,NA,NA,NA,NA,NA,NA,NA,NA,NA,NA,NA,NA,NA,NA,NA,NA,NA,NA,NA,NA,NA,NA,NA,NA,NA,NA,NA,NA,NA,NA,NA,NA,NA,NA,NA,NA,NA,NA,NA,NA,NA,NA,NA,NA,NA,NA,NA,NA,NA,NA,NA,NA,NA,NA,NA,NA,NA,NA,NA,NA,NA,NA,NA,NA,NA,NA,NA,NA,NA,NA,NA,NA,NA,NA,NA,NA,NA,NA,NA,NA,NA,NA,NA,NA,NA,NA,NA,NA,NA,NA,NA,NA,NA,NA,NA,NA,NA,NA,NA,NA,NA,NA,NA
0.020460358056266,0.134518532326799,0.228846153846154,ACTGAGCGTGTGAGGTACCTGGACAGATATTTCTACAACGAGGAGGAGTTTGTTTACTTTGACAGTGATGTTGGTAAATTCATAGCGAAAACAGAGCTTGGGAGACCTAGTGCTGACTACTGGAACAGTAATAAGGACATCATAGAGCAGAAAAAGGCTGAGGTGGAAACATACTGTAAACACAACTATGATGTATTATACAGT,d0561eda0d17a31543c79cecfc2e1484,204,769,4,Bom_MHCIIex2_045,NA,8,357,NA,NA,NA,NA,NA,NA,NA,NA,NA,NA,NA,NA,NA,219,NA,NA,NA,NA,NA,NA,NA,NA,NA,NA,NA,NA,185,NA,NA,NA,NA,NA,NA,NA,NA,NA,NA,NA,NA,NA,NA,NA,NA,NA,NA,NA,NA,NA,NA,NA,NA,NA,NA,NA,NA,NA,NA,NA,NA,NA,NA,NA,NA,NA,NA,NA,NA,NA,NA,NA,NA,NA,NA,NA,NA,NA,NA,NA,NA,NA,NA,NA,NA,NA,NA,NA,NA,NA,NA,NA,NA,NA,NA,NA,NA,NA,NA,NA,NA,NA,NA,NA,NA,NA,NA,NA,NA,NA,NA,NA,NA,NA,NA,NA,NA,NA,NA,NA,NA,NA,NA,NA,NA,NA,NA,NA,NA,NA,NA,NA,NA,NA,NA,NA,NA,NA,NA,NA,NA,NA,NA,NA,NA,NA,NA,NA,NA,NA,NA,NA,NA,NA,NA,NA,NA,NA,NA,NA,NA,NA,NA,NA,NA,NA,NA,NA,NA,NA,NA,NA,NA,NA,NA,NA,NA,NA,NA,NA,NA,NA,NA,NA,NA,NA,NA,NA,NA,NA,NA,NA,NA,NA,NA,NA,NA,NA,NA,NA,NA,NA,NA,NA,NA,NA,NA,NA,NA,NA,NA,NA,NA,NA,NA,NA,NA,NA,NA,NA,NA,NA,NA,NA,NA,NA,NA,NA,NA,NA,NA,NA,NA,NA,NA,NA,NA,NA,NA,NA,NA,NA,NA,NA,NA,NA,NA,NA,NA,NA,NA,NA,NA,NA,NA,NA,NA,NA,NA,NA,NA,NA,NA,NA,NA
0.0144694533762058,0.122872459501981,0.217223650385604,ACTGAGCGTGTGAGGTTTCTGGACAGATATTTCTACAACAAGGAGGAGTTTGTTTACTTTGACAGTGATGTTGGTAAATACATAGCGAAGACAGAGTTTGGGAGACCTAGTGCTGACTACTGGAACAGTAATAAGGACATCATAGAGCGGGCAAAGGCTGCGGTGGAAACATACTGTAAATACAACTATGGTATATGGGAGACA,69cb7aa01252f8b07f77162c44a6a701,204,695,4,Bom_MHCIIex2_046,NA,NA,NA,NA,NA,NA,NA,NA,105,NA,NA,NA,NA,NA,NA,NA,NA,NA,NA,NA,NA,NA,NA,NA,NA,NA,NA,NA,NA,NA,NA,338,NA,NA,NA,243,9,NA,NA,NA,NA,NA,NA,NA,NA,NA,NA,NA,NA,NA,NA,NA,NA,NA,NA,NA,NA,NA,NA,NA,NA,NA,NA,NA,NA,NA,NA,NA,NA,NA,NA,NA,NA,NA,NA,NA,NA,NA,NA,NA,NA,NA,NA,NA,NA,NA,NA,NA,NA,NA,NA,NA,NA,NA,NA,NA,NA,NA,NA,NA,NA,NA,NA,NA,NA,NA,NA,NA,NA,NA,NA,NA,NA,NA,NA,NA,NA,NA,NA,NA,NA,NA,NA,NA,NA,NA,NA,NA,NA,NA,NA,NA,NA,NA,NA,NA,NA,NA,NA,NA,NA,NA,NA,NA,NA,NA,NA,NA,NA,NA,NA,NA,NA,NA,NA,NA,NA,NA,NA,NA,NA,NA,NA,NA,NA,NA,NA,NA,NA,NA,NA,NA,NA,NA,NA,NA,NA,NA,NA,NA,NA,NA,NA,NA,NA,NA,NA,NA,NA,NA,NA,NA,NA,NA,NA,NA,NA,NA,NA,NA,NA,NA,NA,NA,NA,NA,NA,NA,NA,NA,NA,NA,NA,NA,NA,NA,NA,NA,NA,NA,NA,NA,NA,NA,NA,NA,NA,NA,NA,NA,NA,NA,NA,NA,NA,NA,NA,NA,NA,NA,NA,NA,NA,NA,NA,NA,NA,NA,NA,NA,NA,NA,NA,NA,NA,NA,NA,NA,NA,NA,NA,NA,NA,NA,NA,NA
0.0540915395284327,0.11704357889003,0.168032786885246,ACTGAGCGTGTGAGGTTTCTGCAGAGATATTTCTACAACAAGGAGGAGGATGTTTACTTTGACAGTGATGTCGGTAAATTCATAGCAAAGACAGAGTTTGGGAGACCTGAGGCTGACAGCTGGAACAGTAATAAGGACATCATAGAGCAGATGAAGGCTCAGGTGGAAACATTCTGTAAAATCAACTATGATGTATTCCACAGT,1602fe9b8ebfc8e6929e4de62f179170,204,490,4,Bom_MHCIIex2_020,NA,NA,NA,NA,NA,NA,NA,NA,NA,NA,NA,NA,NA,NA,NA,NA,NA,NA,NA,NA,NA,NA,NA,NA,NA,NA,NA,NA,NA,NA,NA,NA,NA,NA,NA,NA,NA,NA,NA,NA,NA,39,NA,NA,NA,NA,NA,NA,NA,NA,NA,NA,NA,NA,NA,NA,NA,NA,NA,NA,NA,NA,NA,NA,NA,NA,NA,NA,NA,161,NA,NA,NA,NA,NA,NA,NA,NA,NA,NA,NA,NA,NA,NA,NA,NA,NA,NA,NA,NA,NA,NA,NA,NA,NA,NA,NA,NA,NA,NA,NA,NA,NA,NA,NA,NA,NA,NA,NA,NA,NA,NA,NA,NA,NA,NA,NA,NA,NA,NA,NA,NA,NA,NA,NA,NA,NA,NA,NA,NA,NA,NA,NA,NA,NA,NA,NA,NA,NA,NA,NA,NA,NA,NA,NA,NA,NA,NA,NA,NA,NA,NA,NA,NA,NA,NA,NA,NA,NA,NA,NA,NA,NA,NA,NA,NA,NA,NA,NA,NA,NA,NA,NA,NA,NA,NA,NA,NA,NA,NA,NA,NA,NA,NA,NA,NA,NA,NA,NA,NA,NA,NA,NA,NA,NA,NA,NA,NA,NA,NA,NA,NA,NA,NA,287,NA,NA,NA,NA,NA,NA,NA,NA,NA,NA,NA,NA,NA,NA,NA,NA,NA,NA,NA,NA,NA,NA,NA,NA,NA,NA,NA,NA,NA,NA,NA,NA,NA,NA,NA,NA,NA,NA,NA,NA,NA,NA,NA,NA,NA,NA,NA,NA,NA,NA,NA,NA,NA,NA,NA,NA,NA,NA,NA,NA,NA
0.0162074554294976,0.125630121588903,0.332394366197183,ACTGAGCGTGTGAGGTATCTGGAGAGATGGTTCTACAACAAGGAGGAGGTTGTTTACTTTGACAGTGATGTTGGTAAATACATAGCGAAGACAGAGTTTGGGAGACCTGATGCTGACTACTGGAACAGTGATAAGGACCTCATAGAGGATCAAAAGTCTTCGGTGGAAACATTCTGTAAATACAACTATGTGTAATACACAGT,16e44dea8e9e523935e03b9638112ef1,203,1024,3,Bom_MHCIIex2_047,NA,NA,NA,NA,NA,NA,NA,NA,NA,NA,NA,NA,NA,NA,NA,NA,NA,NA,NA,NA,NA,NA,NA,NA,NA,NA,NA,NA,NA,NA,NA,NA,NA,NA,NA,NA,NA,NA,NA,NA,NA,NA,NA,NA,NA,NA,NA,NA,NA,NA,NA,NA,NA,NA,NA,NA,NA,NA,NA,NA,NA,NA,NA,NA,NA,NA,NA,NA,NA,NA,NA,NA,NA,NA,NA,NA,NA,NA,NA,NA,NA,NA,NA,NA,NA,NA,NA,NA,NA,NA,NA,NA,NA,NA,NA,NA,NA,NA,NA,NA,NA,NA,NA,NA,NA,NA,NA,NA,NA,NA,NA,NA,NA,NA,NA,NA,NA,NA,NA,NA,NA,NA,NA,NA,NA,NA,NA,NA,NA,NA,NA,NA,NA,NA,NA,NA,NA,NA,NA,NA,NA,NA,NA,NA,NA,NA,NA,NA,NA,NA,NA,NA,NA,NA,NA,NA,NA,NA,NA,NA,NA,NA,NA,NA,NA,NA,NA,NA,NA,NA,NA,NA,NA,NA,NA,NA,NA,NA,NA,NA,NA,NA,NA,NA,NA,NA,NA,NA,NA,NA,NA,NA,NA,944,60,NA,NA,20,NA,NA,NA,NA,NA,NA,NA,NA,NA,NA,NA,NA,NA,NA,NA,NA,NA,NA,NA,NA,NA,NA,NA,NA,NA,NA,NA,NA,NA,NA,NA,NA,NA,NA,NA,NA,NA,NA,NA,NA,NA,NA,NA,NA,NA,NA,NA,NA,NA,NA,NA,NA,NA,NA,NA,NA,NA,NA,NA,NA,NA,NA,NA,NA,NA,NA,NA,NA
0.290296712109062,0.378722600469774,0.467148488830486,ACTGAGCGTGTGAGGTACCTGGTGAGATATTTCTACAACAAGGAGGAGTTTGTTTACTTTGACAGTGATGTCGGTAAATTCATAGCGAAGACAGAGTTTGGGAGACCTGATGCTGACTACTGGAACAGTAATAAGGACATCATAGAGAGGCAAAAGGCTGAGGTGGAAACAGTCTGTAAAAACAACTATGGTATATGGGAGACA,723466387ebf41199822830c758f78ea,204,1435,2,Bom_MHCIIex2_048,NA,NA,NA,NA,NA,NA,NA,NA,NA,NA,NA,NA,NA,NA,NA,NA,NA,NA,NA,NA,NA,NA,NA,NA,NA,NA,NA,NA,NA,NA,NA,NA,NA,NA,NA,NA,NA,NA,NA,NA,NA,NA,NA,NA,NA,NA,NA,NA,NA,NA,NA,NA,NA,NA,NA,NA,NA,NA,NA,NA,NA,NA,NA,NA,NA,NA,NA,NA,NA,NA,NA,NA,NA,NA,NA,NA,NA,NA,NA,NA,NA,NA,NA,NA,NA,NA,NA,NA,NA,NA,NA,NA,NA,NA,NA,NA,NA,NA,NA,NA,NA,NA,NA,NA,NA,NA,NA,NA,NA,NA,NA,NA,NA,NA,NA,NA,NA,NA,NA,NA,NA,NA,NA,NA,NA,NA,NA,NA,NA,NA,NA,NA,NA,NA,NA,NA,NA,NA,NA,NA,NA,NA,NA,NA,NA,NA,NA,NA,NA,NA,NA,NA,NA,NA,NA,NA,NA,NA,NA,NA,NA,NA,NA,NA,NA,NA,NA,NA,NA,NA,NA,NA,NA,NA,NA,NA,NA,NA,NA,NA,NA,NA,NA,NA,NA,NA,NA,NA,NA,NA,NA,NA,NA,NA,NA,724,711,NA,NA,NA,NA,NA,NA,NA,NA,NA,NA,NA,NA,NA,NA,NA,NA,NA,NA,NA,NA,NA,NA,NA,NA,NA,NA,NA,NA,NA,NA,NA,NA,NA,NA,NA,NA,NA,NA,NA,NA,NA,NA,NA,NA,NA,NA,NA,NA,NA,NA,NA,NA,NA,NA,NA,NA,NA,NA,NA,NA,NA,NA,NA,NA,NA,NA,NA,NA,NA
0.395333765392093,0.395333765392093,0.395333765392093,ACTGAGCGTGTGAGGCTTCTGCAGAGATATTTCTACAACAAGGAGGAGGATGTTTACTTTGACAGTGATGTTGGTAAATTCATAGCAAAGACAGAGCTTGGGAGACCTGATGCTGACAGCTGGAACAGTAATAAGGACTTCATAGAGCAGATGAAGGCTGCGGTGGAAACATTCTGTAAACACAACTATGGTATATTACACAGT,33da2b0cd7cbf81d8f307f1c4c98980d,204,613,2,Bom_MHCIIex2_049,NA,NA,NA,NA,NA,NA,NA,NA,NA,NA,NA,NA,NA,NA,NA,NA,NA,NA,NA,NA,NA,NA,NA,NA,NA,NA,NA,NA,NA,NA,NA,NA,NA,NA,NA,NA,NA,NA,NA,NA,NA,NA,NA,NA,NA,NA,NA,NA,NA,NA,NA,NA,NA,NA,NA,NA,NA,NA,NA,NA,NA,NA,NA,NA,NA,NA,NA,NA,NA,NA,NA,NA,NA,NA,NA,NA,NA,NA,NA,NA,NA,NA,NA,NA,NA,NA,NA,NA,NA,NA,NA,NA,NA,NA,NA,NA,NA,NA,NA,NA,NA,NA,NA,NA,NA,NA,NA,NA,NA,NA,NA,NA,NA,NA,NA,NA,NA,NA,NA,NA,NA,NA,NA,NA,NA,NA,NA,NA,NA,NA,NA,NA,NA,NA,NA,NA,NA,NA,NA,NA,NA,NA,NA,NA,NA,NA,NA,610,NA,NA,NA,NA,NA,NA,NA,NA,NA,NA,NA,NA,NA,NA,NA,NA,NA,NA,NA,NA,NA,NA,NA,NA,NA,NA,NA,NA,NA,NA,NA,NA,NA,NA,NA,NA,NA,NA,NA,NA,NA,NA,NA,NA,NA,NA,NA,NA,NA,NA,NA,NA,NA,NA,NA,NA,NA,NA,NA,NA,NA,NA,NA,NA,NA,NA,NA,NA,NA,NA,NA,NA,NA,NA,NA,NA,NA,NA,NA,NA,NA,NA,NA,NA,NA,NA,NA,NA,NA,NA,NA,NA,NA,NA,NA,NA,NA,NA,NA,NA,NA,NA,NA,NA,NA,NA,NA,NA,NA,NA,NA,NA,NA,NA,NA,NA,NA,NA
0.124117053481332,0.124117053481332,0.124117053481332,ACTGAGCGTGTGAGGCTTCTGCAGAGATATTTCTACAACAAGGAGGAGGATGTTTACTTTGACAGTGATGTCGGTAAATTCATAGCAAAGACAGAGTTTGGGAGACCTGAGGCTGACAGCTGGAACAGTAATAAGGACATCATAGAGCAGATGAAGGCTCAGGTGGAAACAGTCTGTAAAATCAACTATGATGTATTCCACAGT,e612184fff37b9ea23d09d7202fe41b7,204,125,2,Bom_MHCIIex2_050,NA,NA,NA,NA,NA,NA,NA,NA,NA,NA,NA,NA,NA,NA,NA,NA,NA,NA,NA,NA,NA,NA,NA,NA,NA,NA,NA,NA,NA,NA,NA,NA,NA,NA,NA,NA,NA,NA,NA,NA,NA,NA,NA,NA,NA,NA,NA,NA,NA,NA,NA,NA,NA,NA,NA,NA,NA,NA,NA,123,NA,NA,NA,NA,NA,NA,NA,NA,NA,NA,NA,NA,NA,NA,NA,NA,NA,NA,NA,NA,NA,NA,NA,NA,NA,NA,NA,NA,NA,NA,NA,NA,NA,NA,NA,NA,NA,NA,NA,NA,NA,NA,NA,NA,NA,NA,NA,NA,NA,NA,NA,NA,NA,NA,NA,NA,NA,NA,NA,NA,NA,NA,NA,NA,NA,NA,NA,NA,NA,NA,NA,NA,NA,NA,NA,NA,NA,NA,NA,NA,NA,NA,NA,NA,NA,NA,NA,NA,NA,NA,NA,NA,NA,NA,NA,NA,NA,NA,NA,NA,NA,NA,NA,NA,NA,NA,NA,NA,NA,NA,NA,NA,NA,NA,NA,NA,NA,NA,NA,NA,NA,NA,NA,NA,NA,NA,NA,NA,NA,NA,NA,NA,NA,NA,NA,NA,NA,NA,NA,NA,NA,NA,NA,NA,NA,NA,NA,NA,NA,NA,NA,NA,NA,NA,NA,NA,NA,NA,NA,NA,NA,NA,NA,NA,NA,NA,NA,NA,NA,NA,NA,NA,NA,NA,NA,NA,NA,NA,NA,NA,NA,NA,NA,NA,NA,NA,NA,NA,NA,NA,NA,NA,NA,NA,NA,NA,NA,NA,NA,NA,NA,NA,NA,NA,NA,NA
0.0656799259944496,0.0656799259944496,0.0656799259944496,ACTGAGCGTGTGAGGCTTCTGCAGAGATATTTCTACAACAAGGAGGAGGATGTTTACTTTGACAGTGATGTCGGTAAATTCATAGCAAAGACAGAGTTTGGGAGACCTGAGGCTGACAGCTGGAACAGTAATAAGGACATCATAGAGCAGATGAAGGCTCAGGTGGAAACAGTCTGTAAACACAACTATGATGTATTCCACAGT,49dcf4a07c825bc0223b2874232ec665,204,73,2,Bom_MHCIIex2_051,NA,NA,NA,NA,NA,NA,NA,NA,NA,NA,NA,NA,NA,NA,NA,NA,NA,NA,NA,NA,NA,NA,NA,NA,NA,NA,NA,NA,NA,NA,NA,NA,NA,NA,NA,NA,NA,NA,NA,NA,NA,NA,NA,NA,NA,NA,NA,NA,71,NA,NA,NA,NA,NA,NA,NA,NA,NA,NA,NA,NA,NA,NA,NA,NA,NA,NA,NA,NA,NA,NA,NA,NA,NA,NA,NA,NA,NA,NA,NA,NA,NA,NA,NA,NA,NA,NA,NA,NA,NA,NA,NA,NA,NA,NA,NA,NA,NA,NA,NA,NA,NA,NA,NA,NA,NA,NA,NA,NA,NA,NA,NA,NA,NA,NA,NA,NA,NA,NA,NA,NA,NA,NA,NA,NA,NA,NA,NA,NA,NA,NA,NA,NA,NA,NA,NA,NA,NA,NA,NA,NA,NA,NA,NA,NA,NA,NA,NA,NA,NA,NA,NA,NA,NA,NA,NA,NA,NA,NA,NA,NA,NA,NA,NA,NA,NA,NA,NA,NA,NA,NA,NA,NA,NA,NA,NA,NA,NA,NA,NA,NA,NA,NA,NA,NA,NA,NA,NA,NA,NA,NA,NA,NA,NA,NA,NA,NA,NA,NA,NA,NA,NA,NA,NA,NA,NA,NA,NA,NA,NA,NA,NA,NA,NA,NA,NA,NA,NA,NA,NA,NA,NA,NA,NA,NA,NA,NA,NA,NA,NA,NA,NA,NA,NA,NA,NA,NA,NA,NA,NA,NA,NA,NA,NA,NA,NA,NA,NA,NA,NA,NA,NA,NA,NA,NA,NA,NA,NA,NA,NA,NA,NA,NA,NA,NA,NA
0.231756214915798,0.263709907720711,0.295663600525624,ACTGAGCATGTGAGGTACCTGGAGAGATATTTCTACAACAAGGAGGAGTTTGTTTACTTTGACAGTGATATCGGTAAATTCATAGCGAAGACAGAGTTTGGGAGACCTGATGCTGACTACTGGAACAGTAATAAGGACATCATAGAGCAGAAAAAGGCTGCGGTGGAAACATTCTGTAAATACAACTATGATATAGCTGAACAAATT,910d17f012b900c009b091787e9605f1,207,1028,2,Bom_MHCIIex2_052,NA,NA,NA,NA,NA,NA,NA,NA,NA,NA,NA,NA,NA,NA,NA,NA,NA,NA,NA,NA,NA,NA,NA,NA,NA,NA,NA,NA,NA,NA,NA,NA,NA,NA,NA,NA,NA,NA,NA,NA,NA,NA,NA,NA,NA,NA,NA,NA,NA,NA,NA,NA,NA,NA,NA,NA,NA,NA,NA,NA,NA,NA,NA,NA,NA,NA,NA,NA,NA,NA,NA,NA,NA,NA,NA,NA,NA,NA,NA,NA,NA,NA,NA,NA,NA,NA,NA,NA,NA,NA,NA,NA,NA,NA,NA,NA,NA,NA,NA,NA,NA,NA,NA,NA,NA,NA,NA,NA,NA,NA,NA,NA,NA,NA,NA,NA,NA,NA,NA,NA,NA,NA,NA,NA,NA,NA,NA,NA,NA,NA,NA,NA,NA,NA,NA,NA,NA,NA,NA,NA,NA,NA,NA,NA,NA,NA,NA,NA,NA,NA,NA,NA,NA,NA,NA,NA,NA,NA,NA,NA,NA,NA,NA,NA,NA,NA,NA,NA,NA,NA,NA,NA,NA,NA,NA,NA,NA,NA,NA,NA,NA,NA,NA,NA,NA,NA,NA,NA,NA,NA,NA,NA,NA,NA,NA,578,450,NA,NA,NA,NA,NA,NA,NA,NA,NA,NA,NA,NA,NA,NA,NA,NA,NA,NA,NA,NA,NA,NA,NA,NA,NA,NA,NA,NA,NA,NA,NA,NA,NA,NA,NA,NA,NA,NA,NA,NA,NA,NA,NA,NA,NA,NA,NA,NA,NA,NA,NA,NA,NA,NA,NA,NA,NA,NA,NA,NA,NA,NA,NA,NA,NA,NA,NA,NA,NA
0.0116375727348296,0.0116375727348296,0.0116375727348296,GTAGGGGGATCTGCGGTATGGAAAAGTCGAGGCTGGAAAGTGAGCGTTACACCCTTACCTACACGACTCTAAATACCAGCTGTAGCCCAAAACCAGCGTTAGGAGCCCCATACGCTGGTTGTGACGGCTAACGCAGAACTCTAAATCTAGGCGTATGTTAATAAATTCATTGTATCTTTGTTTTTGTTTCTCTCTAGAG,aa84c870df25bccba3a5b488c52f3f99,199,14,1,Bom_MHCIIex2_053,NA,NA,NA,NA,NA,NA,NA,NA,NA,NA,NA,NA,NA,NA,NA,NA,NA,NA,NA,NA,NA,NA,NA,NA,NA,NA,NA,NA,NA,NA,NA,NA,NA,NA,NA,NA,NA,NA,NA,NA,NA,NA,NA,NA,NA,NA,NA,NA,NA,NA,NA,NA,NA,NA,NA,NA,NA,NA,NA,NA,NA,NA,NA,NA,NA,NA,NA,NA,NA,NA,NA,NA,NA,NA,NA,NA,NA,NA,NA,NA,NA,NA,NA,NA,NA,NA,NA,NA,NA,NA,NA,NA,NA,NA,NA,NA,NA,NA,NA,NA,NA,NA,NA,NA,NA,NA,NA,NA,NA,NA,NA,NA,NA,NA,NA,NA,NA,NA,NA,NA,NA,NA,NA,NA,NA,NA,NA,NA,NA,NA,NA,NA,NA,NA,NA,NA,NA,NA,NA,NA,NA,NA,NA,NA,NA,NA,NA,NA,NA,NA,NA,NA,NA,NA,NA,NA,NA,NA,NA,NA,NA,NA,NA,NA,NA,NA,NA,NA,NA,NA,NA,NA,NA,NA,NA,NA,NA,NA,NA,NA,NA,NA,NA,NA,NA,NA,NA,NA,NA,NA,NA,NA,NA,NA,NA,NA,NA,NA,NA,NA,NA,NA,NA,NA,NA,NA,NA,NA,NA,NA,NA,NA,NA,14,NA,NA,NA,NA,NA,NA,NA,NA,NA,NA,NA,NA,NA,NA,NA,NA,NA,NA,NA,NA,NA,NA,NA,NA,NA,NA,NA,NA,NA,NA,NA,NA,NA,NA,NA,NA,NA,NA,NA,NA,NA,NA,NA,NA,NA,NA,NA,NA,NA,NA,NA,NA
0.591916558018253,0.591916558018253,0.591916558018253,ACTGAGCGTGTGAGGCTTCTGCAGAGATATTTCTACAACAAGGAGGAGGATGTTTACTTTGACAGTGATGTTGGTAAATTCATAGCAAAGACAGAGTTTGGGAGACCTGAGGCTGACAGCTGGAACAGTAATAAGGACATCATAGAGCAGATGAAGGCTCAGGTGGAAACATTCTGTAAACACAACTATGGTGTAATACACAGT,30bdf08681481919aa1b1468cb8ec032,204,454,1,Bom_MHCIIex2_054,NA,NA,NA,NA,NA,NA,NA,NA,NA,NA,NA,NA,NA,NA,NA,NA,NA,NA,NA,NA,NA,NA,NA,NA,NA,NA,NA,NA,NA,NA,NA,NA,NA,NA,NA,NA,NA,NA,NA,NA,NA,NA,NA,NA,NA,NA,NA,NA,NA,NA,NA,NA,NA,NA,NA,NA,NA,NA,NA,NA,NA,NA,NA,NA,NA,NA,NA,NA,NA,NA,NA,NA,NA,NA,NA,NA,NA,NA,NA,NA,NA,NA,NA,NA,NA,NA,NA,NA,NA,NA,NA,NA,NA,NA,NA,NA,NA,NA,NA,NA,NA,NA,NA,NA,NA,NA,NA,NA,NA,NA,NA,NA,NA,NA,NA,NA,NA,NA,NA,NA,NA,NA,NA,NA,NA,NA,NA,NA,NA,NA,NA,NA,NA,NA,NA,NA,NA,NA,NA,NA,NA,NA,NA,NA,NA,NA,NA,NA,NA,NA,NA,NA,NA,NA,NA,NA,NA,NA,NA,NA,NA,NA,NA,NA,NA,NA,NA,NA,NA,NA,NA,NA,NA,NA,NA,NA,NA,NA,NA,NA,NA,NA,NA,NA,NA,NA,NA,NA,NA,NA,NA,NA,NA,NA,NA,NA,NA,NA,NA,NA,NA,NA,NA,NA,NA,NA,NA,NA,NA,NA,NA,NA,NA,NA,NA,NA,NA,NA,NA,NA,NA,NA,NA,NA,NA,NA,NA,NA,NA,NA,NA,NA,NA,NA,NA,NA,NA,NA,NA,NA,NA,NA,NA,NA,NA,NA,NA,NA,NA,NA,NA,NA,NA,NA,NA,NA,NA,NA,NA,NA,NA,NA,454,NA,NA,NA
0.119331742243437,0.119331742243437,0.119331742243437,ACTGAGCGTGTGAGGTTTCTGGAGAGATGGTTCTACAACAAGGAGGAGGTTGTTTACTTTGATAGTGATGTCGGTAAATTCATAGCAAAGACAGAGCTTGGGAGACCTGATGCTGACTACTGGAACAGTAATAAGGACATCATAGAGAGGAAAAAGGCTGAGGTGGAAACATTCTGTAAAAACAACTATGATGTAATACACAGT,081d5b66bc829b4da0d4c885e652dfdf,204,400,1,Bom_MHCIIex2_055,NA,NA,NA,NA,NA,NA,NA,NA,NA,NA,NA,NA,NA,NA,NA,NA,NA,NA,NA,NA,NA,NA,NA,NA,NA,NA,NA,NA,NA,NA,NA,NA,NA,NA,NA,NA,NA,NA,NA,NA,NA,NA,NA,NA,NA,NA,NA,NA,NA,NA,NA,NA,NA,NA,NA,NA,NA,NA,NA,NA,NA,NA,NA,NA,NA,NA,NA,NA,NA,NA,NA,NA,NA,NA,NA,NA,NA,NA,NA,NA,NA,NA,NA,NA,NA,NA,NA,NA,NA,NA,NA,NA,NA,NA,NA,NA,NA,NA,NA,NA,NA,NA,NA,NA,NA,NA,NA,NA,NA,NA,NA,NA,NA,NA,NA,NA,NA,NA,NA,NA,NA,NA,NA,NA,NA,NA,NA,NA,NA,NA,NA,NA,NA,NA,NA,NA,NA,NA,NA,NA,NA,NA,NA,NA,NA,NA,NA,NA,NA,NA,NA,NA,NA,NA,NA,NA,NA,NA,NA,NA,NA,NA,NA,NA,NA,NA,NA,400,NA,NA,NA,NA,NA,NA,NA,NA,NA,NA,NA,NA,NA,NA,NA,NA,NA,NA,NA,NA,NA,NA,NA,NA,NA,NA,NA,NA,NA,NA,NA,NA,NA,NA,NA,NA,NA,NA,NA,NA,NA,NA,NA,NA,NA,NA,NA,NA,NA,NA,NA,NA,NA,NA,NA,NA,NA,NA,NA,NA,NA,NA,NA,NA,NA,NA,NA,NA,NA,NA,NA,NA,NA,NA,NA,NA,NA,NA,NA,NA,NA,NA,NA,NA,NA,NA,NA,NA,NA,NA,NA,NA,NA,NA,NA,NA,NA,NA
0.258300132802125,0.258300132802125,0.258300132802125,ACTGAGCGTGTGAGGTTTCTGGAGAGATGGTTCTACAACAAGGAGGAGGTTGTTTACTTTGATAGTGATGTCGGTAAATTCATAGCAAAGACAGAGCTTGGGAGACCTGATGCTGACTACTGGAACAGTAATAAGGACATCATAGAGGATGCAAAGGCTGAGGTGGAAACATTCTGTAAAAACAACTATGATGTAATACACAGT,b0332ed04af271dd05d5e73528af5b88,204,389,1,Bom_MHCIIex2_056,NA,NA,NA,NA,NA,NA,NA,NA,NA,NA,NA,NA,NA,NA,NA,NA,NA,NA,NA,NA,NA,NA,NA,NA,NA,NA,NA,NA,NA,NA,NA,NA,NA,NA,NA,NA,NA,NA,NA,NA,NA,NA,NA,NA,NA,NA,NA,NA,NA,NA,NA,NA,NA,NA,NA,NA,NA,NA,NA,NA,NA,NA,NA,NA,NA,NA,NA,NA,NA,NA,NA,NA,NA,NA,NA,NA,NA,NA,NA,NA,NA,NA,NA,NA,NA,NA,NA,NA,NA,NA,NA,NA,NA,NA,NA,NA,NA,NA,NA,NA,NA,NA,NA,NA,NA,NA,NA,NA,NA,NA,NA,NA,NA,NA,NA,NA,NA,NA,NA,NA,NA,NA,NA,NA,NA,NA,NA,NA,NA,NA,NA,NA,NA,NA,NA,NA,NA,NA,NA,NA,NA,NA,NA,NA,NA,NA,NA,NA,NA,NA,NA,NA,NA,NA,NA,NA,NA,NA,NA,NA,NA,NA,NA,NA,NA,NA,NA,NA,NA,NA,NA,NA,NA,NA,NA,NA,NA,NA,389,NA,NA,NA,NA,NA,NA,NA,NA,NA,NA,NA,NA,NA,NA,NA,NA,NA,NA,NA,NA,NA,NA,NA,NA,NA,NA,NA,NA,NA,NA,NA,NA,NA,NA,NA,NA,NA,NA,NA,NA,NA,NA,NA,NA,NA,NA,NA,NA,NA,NA,NA,NA,NA,NA,NA,NA,NA,NA,NA,NA,NA,NA,NA,NA,NA,NA,NA,NA,NA,NA,NA,NA,NA,NA,NA,NA,NA,NA,NA,NA,NA,NA,NA,NA,NA,NA,NA
0.221752265861027,0.221752265861027,0.221752265861027,ACTGAGCGTGTGAGGTTTCTGGACAGATGGTTCTACAACAAGGAGGAGGATGTTTACTTTGACAGTGATGTTGGTAAATACATAGCGAAGACAGAGAATGGGAGACCTGATGCTGACTACTGGAACAGTGATAAGGACATCATAGAGCAGAAAAAGGCTGCGGTGGAAACATTCTGTAAATACAACTATGGTATATTACACAGT,351225749bcdb2dcd6d8903477c0c12a,204,367,1,Bom_MHCIIex2_057,NA,NA,NA,NA,NA,NA,NA,NA,NA,NA,NA,NA,NA,NA,NA,NA,NA,NA,NA,NA,NA,NA,NA,NA,NA,NA,NA,NA,NA,NA,NA,NA,NA,NA,NA,NA,NA,NA,NA,NA,NA,NA,NA,NA,NA,NA,NA,NA,NA,NA,NA,NA,NA,NA,NA,NA,NA,NA,NA,NA,NA,NA,NA,NA,NA,NA,NA,NA,NA,NA,NA,NA,NA,NA,NA,NA,NA,NA,NA,NA,NA,NA,NA,NA,NA,NA,NA,NA,NA,NA,NA,NA,NA,NA,NA,NA,NA,367,NA,NA,NA,NA,NA,NA,NA,NA,NA,NA,NA,NA,NA,NA,NA,NA,NA,NA,NA,NA,NA,NA,NA,NA,NA,NA,NA,NA,NA,NA,NA,NA,NA,NA,NA,NA,NA,NA,NA,NA,NA,NA,NA,NA,NA,NA,NA,NA,NA,NA,NA,NA,NA,NA,NA,NA,NA,NA,NA,NA,NA,NA,NA,NA,NA,NA,NA,NA,NA,NA,NA,NA,NA,NA,NA,NA,NA,NA,NA,NA,NA,NA,NA,NA,NA,NA,NA,NA,NA,NA,NA,NA,NA,NA,NA,NA,NA,NA,NA,NA,NA,NA,NA,NA,NA,NA,NA,NA,NA,NA,NA,NA,NA,NA,NA,NA,NA,NA,NA,NA,NA,NA,NA,NA,NA,NA,NA,NA,NA,NA,NA,NA,NA,NA,NA,NA,NA,NA,NA,NA,NA,NA,NA,NA,NA,NA,NA,NA,NA,NA,NA,NA,NA,NA,NA,NA,NA,NA,NA,NA,NA,NA,NA,NA,NA,NA,NA,NA
0.109599117322545,0.109599117322545,0.109599117322545,ACTGAGCGTGTGAGGCTTCTGCAGAGATATTTCTACAACAAGGAGGAGGATGTTTACTTTGACAGTGATGTTGGTAAATTCATAGCAAAGACAGAGTTTGGGAGACCTGAGGCTGACAGCTGGAACAGTAATAAGGACATCATAGAGCAGATGAAGGCTCAGGTGGAAACAGTCTGTAAACACAACTATGGTGTAATACACAGT,5772582c2c1549533d89ec87346ec086,204,298,1,Bom_MHCIIex2_058,NA,NA,NA,NA,NA,NA,NA,NA,NA,NA,NA,NA,NA,NA,NA,NA,NA,NA,NA,NA,NA,NA,NA,NA,NA,NA,NA,NA,NA,NA,NA,NA,NA,NA,NA,NA,NA,NA,NA,NA,NA,NA,NA,NA,NA,NA,NA,NA,NA,NA,NA,NA,NA,NA,NA,NA,NA,NA,NA,NA,NA,NA,NA,NA,NA,NA,NA,NA,NA,NA,NA,NA,NA,NA,NA,NA,NA,NA,NA,NA,NA,NA,NA,NA,NA,NA,NA,NA,NA,NA,NA,NA,NA,NA,NA,NA,NA,NA,NA,NA,NA,NA,NA,NA,NA,NA,NA,NA,NA,NA,NA,NA,NA,NA,NA,NA,NA,NA,NA,NA,NA,NA,NA,NA,NA,NA,NA,NA,NA,NA,NA,NA,NA,NA,NA,NA,NA,NA,NA,NA,NA,NA,NA,NA,NA,NA,NA,NA,NA,NA,NA,NA,NA,NA,NA,NA,NA,NA,NA,NA,NA,NA,NA,NA,NA,NA,NA,NA,NA,NA,NA,NA,NA,NA,NA,NA,NA,NA,NA,NA,NA,NA,NA,NA,NA,NA,NA,NA,NA,NA,NA,NA,NA,NA,NA,NA,NA,NA,NA,NA,NA,NA,NA,NA,NA,NA,NA,NA,NA,NA,NA,298,NA,NA,NA,NA,NA,NA,NA,NA,NA,NA,NA,NA,NA,NA,NA,NA,NA,NA,NA,NA,NA,NA,NA,NA,NA,NA,NA,NA,NA,NA,NA,NA,NA,NA,NA,NA,NA,NA,NA,NA,NA,NA,NA,NA,NA,NA,NA,NA,NA,NA,NA,NA,NA,NA
0.324200913242009,0.324200913242009,0.324200913242009,ACTGAGCGTGTGAGGTACCTGCAGAGACATTTCTACAACAAGGAGGAGGTTGTTTACTTTGACAGTGATGTCGGTAAATTCATAGCAAAGACAGAGCTTGGGAGACCTGATGCTGACTACTGGAACAGTGATAAGGACTTCATAGAGCAGAAAAGGGCTGCGGTGGAAACATACTGTAAACACAACTATGGTGTAATACACAGT,26268f3ada9c11070ee597564ad71b87,204,213,1,Bom_MHCIIex2_059,NA,NA,NA,NA,NA,NA,NA,NA,NA,NA,NA,NA,NA,NA,NA,NA,NA,NA,NA,NA,NA,NA,NA,NA,NA,NA,NA,NA,NA,NA,NA,NA,NA,NA,NA,NA,NA,NA,NA,NA,NA,NA,NA,NA,NA,NA,NA,NA,NA,NA,NA,NA,NA,NA,NA,NA,NA,NA,NA,NA,NA,NA,NA,NA,NA,NA,NA,NA,NA,NA,NA,NA,NA,NA,NA,NA,NA,NA,NA,NA,NA,NA,NA,213,NA,NA,NA,NA,NA,NA,NA,NA,NA,NA,NA,NA,NA,NA,NA,NA,NA,NA,NA,NA,NA,NA,NA,NA,NA,NA,NA,NA,NA,NA,NA,NA,NA,NA,NA,NA,NA,NA,NA,NA,NA,NA,NA,NA,NA,NA,NA,NA,NA,NA,NA,NA,NA,NA,NA,NA,NA,NA,NA,NA,NA,NA,NA,NA,NA,NA,NA,NA,NA,NA,NA,NA,NA,NA,NA,NA,NA,NA,NA,NA,NA,NA,NA,NA,NA,NA,NA,NA,NA,NA,NA,NA,NA,NA,NA,NA,NA,NA,NA,NA,NA,NA,NA,NA,NA,NA,NA,NA,NA,NA,NA,NA,NA,NA,NA,NA,NA,NA,NA,NA,NA,NA,NA,NA,NA,NA,NA,NA,NA,NA,NA,NA,NA,NA,NA,NA,NA,NA,NA,NA,NA,NA,NA,NA,NA,NA,NA,NA,NA,NA,NA,NA,NA,NA,NA,NA,NA,NA,NA,NA,NA,NA,NA,NA,NA,NA,NA,NA,NA,NA,NA,NA,NA,NA,NA,NA,NA,NA,NA,NA,NA,NA
0.0991085474567383,0.0991085474567383,0.0991085474567383,ACTGAGCGTGTGAGGTTTCTGCAGAGATATTTCTACAACAAGGAGGAGGATGTTTACTTTGACAGTGATGTCGGTAAATTCATAGCAAAGACAGAGAATGGGAGACCTGATGCTGACAGCTGGAACAGTAATAAGGACTTCATAGAGCAGATGAAGGCTGCGGTGGAAACATTTTGTAAACACAACTATGATATAATACACAGT,46e30cc0916dd02b3249e3ecb418e87c,204,189,1,Bom_MHCIIex2_060,NA,NA,NA,NA,NA,NA,NA,NA,NA,NA,NA,NA,NA,NA,NA,NA,NA,NA,NA,NA,NA,NA,NA,NA,NA,NA,NA,NA,NA,NA,NA,NA,NA,NA,NA,NA,NA,NA,NA,NA,NA,NA,NA,NA,NA,NA,NA,NA,NA,NA,NA,NA,NA,NA,NA,NA,NA,NA,NA,NA,NA,NA,NA,NA,NA,NA,NA,NA,NA,NA,NA,NA,NA,NA,NA,NA,NA,NA,NA,NA,NA,NA,NA,NA,NA,NA,NA,NA,NA,NA,NA,NA,NA,NA,NA,NA,NA,NA,NA,NA,NA,NA,NA,NA,NA,NA,NA,NA,NA,NA,NA,NA,NA,NA,NA,NA,NA,NA,NA,NA,NA,NA,NA,NA,NA,NA,NA,NA,NA,NA,NA,NA,NA,NA,NA,NA,NA,NA,NA,NA,NA,NA,NA,NA,NA,NA,NA,NA,NA,NA,NA,NA,NA,NA,NA,NA,NA,NA,NA,NA,NA,NA,NA,NA,NA,NA,NA,NA,NA,NA,NA,NA,NA,NA,NA,NA,NA,NA,NA,NA,NA,NA,NA,NA,NA,189,NA,NA,NA,NA,NA,NA,NA,NA,NA,NA,NA,NA,NA,NA,NA,NA,NA,NA,NA,NA,NA,NA,NA,NA,NA,NA,NA,NA,NA,NA,NA,NA,NA,NA,NA,NA,NA,NA,NA,NA,NA,NA,NA,NA,NA,NA,NA,NA,NA,NA,NA,NA,NA,NA,NA,NA,NA,NA,NA,NA,NA,NA,NA,NA,NA,NA,NA,NA,NA,NA,NA,NA,NA,NA,NA,NA,NA,NA,NA,NA
0.342925659472422,0.342925659472422,0.342925659472422,ACTGACCATGTTAGATATCTGGAGAGATGGTTCTACAACAAGGAGGAGTTTGTTTACTTTGACAGTGATGTTGGTAAATTCATAGCAAAGACAGAGTTTGGGAGACCTGATGCTGACTACTGGAACAGTAATAAGGACATCATAGAGAGGAAAAAGGCTGCGGTGGAAACATACTGTAAATACAACTATGGTATATGGGAGACA,cc25a4d78ef94f723434b4e38de4baaa,204,143,1,Bom_MHCIIex2_061,NA,NA,NA,NA,NA,NA,NA,NA,NA,NA,NA,NA,NA,NA,NA,NA,NA,NA,NA,NA,NA,NA,NA,NA,143,NA,NA,NA,NA,NA,NA,NA,NA,NA,NA,NA,NA,NA,NA,NA,NA,NA,NA,NA,NA,NA,NA,NA,NA,NA,NA,NA,NA,NA,NA,NA,NA,NA,NA,NA,NA,NA,NA,NA,NA,NA,NA,NA,NA,NA,NA,NA,NA,NA,NA,NA,NA,NA,NA,NA,NA,NA,NA,NA,NA,NA,NA,NA,NA,NA,NA,NA,NA,NA,NA,NA,NA,NA,NA,NA,NA,NA,NA,NA,NA,NA,NA,NA,NA,NA,NA,NA,NA,NA,NA,NA,NA,NA,NA,NA,NA,NA,NA,NA,NA,NA,NA,NA,NA,NA,NA,NA,NA,NA,NA,NA,NA,NA,NA,NA,NA,NA,NA,NA,NA,NA,NA,NA,NA,NA,NA,NA,NA,NA,NA,NA,NA,NA,NA,NA,NA,NA,NA,NA,NA,NA,NA,NA,NA,NA,NA,NA,NA,NA,NA,NA,NA,NA,NA,NA,NA,NA,NA,NA,NA,NA,NA,NA,NA,NA,NA,NA,NA,NA,NA,NA,NA,NA,NA,NA,NA,NA,NA,NA,NA,NA,NA,NA,NA,NA,NA,NA,NA,NA,NA,NA,NA,NA,NA,NA,NA,NA,NA,NA,NA,NA,NA,NA,NA,NA,NA,NA,NA,NA,NA,NA,NA,NA,NA,NA,NA,NA,NA,NA,NA,NA,NA,NA,NA,NA,NA,NA,NA,NA,NA,NA,NA,NA,NA,NA,NA,NA,NA,NA,NA,NA
0.152733118971061,0.152733118971061,0.152733118971061,ACTGAGCGTGTGAGGTTTCTGGAGAGATATTTCTACAACGAGGAGGACTTTGTTTACTTTGACAGTGATGTTGGTAAATTCATAGCAAAGACAGAGTTTGGGAGACCTGATGCTGACTACTGGAACAGTGATAAGGACATCATAGAGCAGAGAAAGGCTAGGGTGGAAACATTCTGTAAATATAACTATGGTGGATTACACAGT,f1b92bfed14c3c16beae90cc0257a7ae,204,95,1,Bom_MHCIIex2_062,NA,NA,NA,NA,NA,NA,NA,NA,NA,NA,NA,NA,NA,NA,NA,NA,NA,NA,NA,NA,NA,NA,NA,NA,NA,NA,NA,NA,NA,NA,NA,NA,NA,NA,NA,NA,95,NA,NA,NA,NA,NA,NA,NA,NA,NA,NA,NA,NA,NA,NA,NA,NA,NA,NA,NA,NA,NA,NA,NA,NA,NA,NA,NA,NA,NA,NA,NA,NA,NA,NA,NA,NA,NA,NA,NA,NA,NA,NA,NA,NA,NA,NA,NA,NA,NA,NA,NA,NA,NA,NA,NA,NA,NA,NA,NA,NA,NA,NA,NA,NA,NA,NA,NA,NA,NA,NA,NA,NA,NA,NA,NA,NA,NA,NA,NA,NA,NA,NA,NA,NA,NA,NA,NA,NA,NA,NA,NA,NA,NA,NA,NA,NA,NA,NA,NA,NA,NA,NA,NA,NA,NA,NA,NA,NA,NA,NA,NA,NA,NA,NA,NA,NA,NA,NA,NA,NA,NA,NA,NA,NA,NA,NA,NA,NA,NA,NA,NA,NA,NA,NA,NA,NA,NA,NA,NA,NA,NA,NA,NA,NA,NA,NA,NA,NA,NA,NA,NA,NA,NA,NA,NA,NA,NA,NA,NA,NA,NA,NA,NA,NA,NA,NA,NA,NA,NA,NA,NA,NA,NA,NA,NA,NA,NA,NA,NA,NA,NA,NA,NA,NA,NA,NA,NA,NA,NA,NA,NA,NA,NA,NA,NA,NA,NA,NA,NA,NA,NA,NA,NA,NA,NA,NA,NA,NA,NA,NA,NA,NA,NA,NA,NA,NA,NA,NA,NA,NA,NA,NA,NA,NA,NA,NA,NA,NA,NA
0.057161629434954,0.057161629434954,0.057161629434954,ACTGAGCGTGTGAGGTTTCTGGAGAGACATTTCTACAACAAGGAGGAGTTTGTTTACTTTGACAGTGATGTCGGTAAATACACAGCGAAGACAGAGTTTGGGAGACCTGATGCTGACTACTGGAACAGTAATAAGGACCTCATAGAGCAGAAAAAGGCTAGGGTGGAAACATACTGTAAACACAACTATGATGTATTCCACAGT,3940bd78b0282efb07a75c01161ad332,204,87,1,Bom_MHCIIex2_063,NA,NA,NA,NA,NA,NA,NA,NA,NA,NA,NA,NA,NA,NA,NA,NA,NA,NA,NA,NA,NA,NA,NA,NA,NA,NA,NA,NA,NA,NA,NA,NA,NA,NA,NA,NA,NA,NA,NA,NA,NA,NA,NA,NA,NA,NA,NA,NA,NA,NA,NA,NA,NA,NA,NA,NA,NA,NA,NA,NA,NA,NA,NA,NA,NA,NA,NA,NA,NA,NA,NA,NA,NA,NA,NA,NA,NA,NA,NA,NA,NA,NA,NA,NA,NA,NA,NA,NA,NA,NA,NA,NA,NA,NA,NA,NA,NA,NA,NA,NA,NA,NA,NA,NA,NA,NA,NA,NA,NA,NA,NA,NA,NA,NA,NA,NA,NA,NA,NA,NA,NA,NA,NA,NA,NA,NA,NA,NA,NA,NA,NA,NA,NA,NA,NA,NA,NA,NA,NA,NA,NA,NA,NA,NA,NA,NA,NA,NA,NA,NA,NA,NA,NA,NA,NA,NA,NA,NA,NA,NA,NA,NA,NA,NA,NA,NA,NA,NA,NA,NA,NA,NA,NA,NA,NA,NA,NA,NA,NA,NA,NA,NA,NA,NA,NA,NA,NA,NA,NA,NA,NA,NA,NA,NA,NA,NA,87,NA,NA,NA,NA,NA,NA,NA,NA,NA,NA,NA,NA,NA,NA,NA,NA,NA,NA,NA,NA,NA,NA,NA,NA,NA,NA,NA,NA,NA,NA,NA,NA,NA,NA,NA,NA,NA,NA,NA,NA,NA,NA,NA,NA,NA,NA,NA,NA,NA,NA,NA,NA,NA,NA,NA,NA,NA,NA,NA,NA,NA,NA,NA,NA,NA,NA,NA,NA,NA
0.136678200692042,0.136678200692042,0.136678200692042,ACTGAGCGTGTGAGGTACCTGCAGAGACATTTCTACAACAAGGAGGAGGTTGTTTACTTTGACAGTGATGTCGGTAAATTCATAGCAAAGACAGAGCTTGGGAGACCTGATGCTGACTACTGGAACAGTAATAAGGACTTCATAGAGCAGAAAAGGGCTGCGGTGGAAACATTTTGTAAACACAACTATGGTGTAATACACAGT,919505465396ca578740d81839d2ec97,204,79,1,Bom_MHCIIex2_064,NA,NA,NA,NA,NA,NA,NA,NA,NA,NA,NA,NA,NA,NA,NA,79,NA,NA,NA,NA,NA,NA,NA,NA,NA,NA,NA,NA,NA,NA,NA,NA,NA,NA,NA,NA,NA,NA,NA,NA,NA,NA,NA,NA,NA,NA,NA,NA,NA,NA,NA,NA,NA,NA,NA,NA,NA,NA,NA,NA,NA,NA,NA,NA,NA,NA,NA,NA,NA,NA,NA,NA,NA,NA,NA,NA,NA,NA,NA,NA,NA,NA,NA,NA,NA,NA,NA,NA,NA,NA,NA,NA,NA,NA,NA,NA,NA,NA,NA,NA,NA,NA,NA,NA,NA,NA,NA,NA,NA,NA,NA,NA,NA,NA,NA,NA,NA,NA,NA,NA,NA,NA,NA,NA,NA,NA,NA,NA,NA,NA,NA,NA,NA,NA,NA,NA,NA,NA,NA,NA,NA,NA,NA,NA,NA,NA,NA,NA,NA,NA,NA,NA,NA,NA,NA,NA,NA,NA,NA,NA,NA,NA,NA,NA,NA,NA,NA,NA,NA,NA,NA,NA,NA,NA,NA,NA,NA,NA,NA,NA,NA,NA,NA,NA,NA,NA,NA,NA,NA,NA,NA,NA,NA,NA,NA,NA,NA,NA,NA,NA,NA,NA,NA,NA,NA,NA,NA,NA,NA,NA,NA,NA,NA,NA,NA,NA,NA,NA,NA,NA,NA,NA,NA,NA,NA,NA,NA,NA,NA,NA,NA,NA,NA,NA,NA,NA,NA,NA,NA,NA,NA,NA,NA,NA,NA,NA,NA,NA,NA,NA,NA,NA,NA,NA,NA,NA,NA,NA,NA,NA,NA,NA,NA,NA,NA,NA
0.0824324324324324,0.0824324324324324,0.0824324324324324,ACTGAGCATGTAAGGTACCTGGACAGATATTTCTACAACAAGGAGGAGTTTGTTTACTTTGACAGTGATGTTGGTAAATACATAGCAAAGACAGAGTTTGGGAGACCTAGTGCTGACTACTGGAACAGTAATAAGGACATCATAGAGGATCAAAAGGCTTCGGTGGAAACAGTCTGTAAACACAACTATGATGTATTCCACAGT,553894ee792aaf5528b12eac0074bfd4,204,61,1,Bom_MHCIIex2_065,NA,NA,NA,NA,NA,NA,NA,NA,NA,NA,NA,NA,NA,NA,NA,NA,NA,NA,NA,NA,NA,NA,NA,NA,NA,NA,NA,NA,NA,NA,NA,NA,NA,NA,NA,NA,NA,NA,NA,NA,NA,NA,NA,NA,NA,NA,NA,NA,NA,NA,NA,NA,NA,NA,NA,NA,NA,NA,NA,NA,NA,NA,NA,NA,NA,NA,NA,NA,NA,NA,NA,NA,NA,NA,NA,NA,NA,NA,NA,NA,NA,NA,NA,NA,NA,NA,NA,NA,NA,NA,NA,NA,NA,NA,NA,NA,NA,NA,NA,NA,NA,NA,NA,NA,NA,NA,NA,NA,NA,NA,NA,NA,NA,NA,NA,NA,NA,NA,NA,NA,NA,NA,NA,NA,NA,NA,NA,NA,NA,NA,NA,NA,NA,NA,NA,NA,NA,NA,NA,NA,NA,NA,NA,NA,NA,NA,NA,NA,NA,NA,NA,NA,NA,NA,61,NA,NA,NA,NA,NA,NA,NA,NA,NA,NA,NA,NA,NA,NA,NA,NA,NA,NA,NA,NA,NA,NA,NA,NA,NA,NA,NA,NA,NA,NA,NA,NA,NA,NA,NA,NA,NA,NA,NA,NA,NA,NA,NA,NA,NA,NA,NA,NA,NA,NA,NA,NA,NA,NA,NA,NA,NA,NA,NA,NA,NA,NA,NA,NA,NA,NA,NA,NA,NA,NA,NA,NA,NA,NA,NA,NA,NA,NA,NA,NA,NA,NA,NA,NA,NA,NA,NA,NA,NA,NA,NA,NA,NA,NA,NA,NA,NA,NA,NA,NA,NA,NA,NA,NA,NA,NA,NA,NA,NA,NA,NA
0.010958904109589,0.010958904109589,0.010958904109589,ACTGAGCGTGTGAGGTATCTGGAGAGATGGTTCTACAACAAGGAGGAGGTTCTTTACTTTGACAGTGATGTTGGTAAATACATAGCGAAGACAGAGCTTTGGAGACCTGATGCTGACTACTGGAACAGTAATAAGGACCTCATAGAGCAGAGAAAGGCTCAGGTGGAAACATTCTGTAAAAACAACTATGATATAATACACAGT,981f009116940bcb6ea63c320db376a4,204,36,1,Bom_MHCIIex2_066,NA,NA,NA,NA,NA,NA,NA,NA,NA,NA,NA,NA,NA,NA,NA,NA,NA,NA,NA,NA,NA,NA,NA,NA,NA,NA,NA,NA,NA,NA,NA,NA,NA,NA,NA,NA,NA,NA,NA,NA,NA,NA,NA,NA,NA,NA,NA,NA,NA,NA,NA,NA,NA,NA,NA,NA,NA,NA,NA,NA,NA,NA,NA,NA,NA,NA,NA,NA,NA,NA,NA,NA,NA,NA,NA,NA,NA,NA,NA,NA,NA,NA,NA,NA,NA,NA,NA,NA,NA,NA,NA,NA,NA,NA,NA,NA,NA,NA,NA,NA,NA,NA,NA,NA,NA,NA,NA,NA,NA,NA,NA,NA,NA,NA,NA,36,NA,NA,NA,NA,NA,NA,NA,NA,NA,NA,NA,NA,NA,NA,NA,NA,NA,NA,NA,NA,NA,NA,NA,NA,NA,NA,NA,NA,NA,NA,NA,NA,NA,NA,NA,NA,NA,NA,NA,NA,NA,NA,NA,NA,NA,NA,NA,NA,NA,NA,NA,NA,NA,NA,NA,NA,NA,NA,NA,NA,NA,NA,NA,NA,NA,NA,NA,NA,NA,NA,NA,NA,NA,NA,NA,NA,NA,NA,NA,NA,NA,NA,NA,NA,NA,NA,NA,NA,NA,NA,NA,NA,NA,NA,NA,NA,NA,NA,NA,NA,NA,NA,NA,NA,NA,NA,NA,NA,NA,NA,NA,NA,NA,NA,NA,NA,NA,NA,NA,NA,NA,NA,NA,NA,NA,NA,NA,NA,NA,NA,NA,NA,NA,NA,NA,NA,NA,NA,NA,NA,NA,NA,NA,NA,NA,NA,NA,NA,NA,NA
0.104761904761905,0.104761904761905,0.104761904761905,ACTGAGCGTGTGAGGCTTCTGCAGAGATATTTCTACAACAAGGAGGAGATTGTTTACTTTGACAGTGATGTTGGTAAATTCATAGCAAAGACAGAGCTTGGGAGACCTGATGCTGACAGCTGGAACAGTAATAAGGACTTCATAGAGCAGATGAAGGCTCAGGTGGAAACATTCTGTAAACACAACTATGGTATATTACACAGT,87554711ec86e9f7113b2dc4d57d5fbe,204,33,1,Bom_MHCIIex2_067,NA,NA,NA,NA,NA,NA,NA,NA,NA,NA,NA,NA,NA,NA,NA,NA,NA,NA,NA,NA,NA,NA,NA,NA,NA,NA,NA,NA,NA,NA,NA,NA,NA,NA,NA,NA,NA,NA,33,NA,NA,NA,NA,NA,NA,NA,NA,NA,NA,NA,NA,NA,NA,NA,NA,NA,NA,NA,NA,NA,NA,NA,NA,NA,NA,NA,NA,NA,NA,NA,NA,NA,NA,NA,NA,NA,NA,NA,NA,NA,NA,NA,NA,NA,NA,NA,NA,NA,NA,NA,NA,NA,NA,NA,NA,NA,NA,NA,NA,NA,NA,NA,NA,NA,NA,NA,NA,NA,NA,NA,NA,NA,NA,NA,NA,NA,NA,NA,NA,NA,NA,NA,NA,NA,NA,NA,NA,NA,NA,NA,NA,NA,NA,NA,NA,NA,NA,NA,NA,NA,NA,NA,NA,NA,NA,NA,NA,NA,NA,NA,NA,NA,NA,NA,NA,NA,NA,NA,NA,NA,NA,NA,NA,NA,NA,NA,NA,NA,NA,NA,NA,NA,NA,NA,NA,NA,NA,NA,NA,NA,NA,NA,NA,NA,NA,NA,NA,NA,NA,NA,NA,NA,NA,NA,NA,NA,NA,NA,NA,NA,NA,NA,NA,NA,NA,NA,NA,NA,NA,NA,NA,NA,NA,NA,NA,NA,NA,NA,NA,NA,NA,NA,NA,NA,NA,NA,NA,NA,NA,NA,NA,NA,NA,NA,NA,NA,NA,NA,NA,NA,NA,NA,NA,NA,NA,NA,NA,NA,NA,NA,NA,NA,NA,NA,NA,NA,NA,NA,NA,NA,NA,NA,NA,NA,NA,NA
0.0188679245283019,0.0188679245283019,0.0188679245283019,ACTGAGCGTGTGAGGCTTCTGCAGAGATATTTCTACAACAAGGAGGAGTTTGTTTACTTTGACAGTGATGTCGGTAAATTCATAGCAAAGACAGAGTTTGGGAGACCTGAGGCTGACAGCTGGAACAGTAATAAGGACATCATAGAGCAGATGAAGGCTCAGGTGGAAACAGTCTGTAAACACAACTATGGTGTAATACACAGT,464ab00ddff90275fb5eccb41ca0c227,204,28,1,Bom_MHCIIex2_068,NA,NA,NA,NA,NA,NA,NA,NA,NA,NA,NA,NA,NA,NA,NA,NA,NA,NA,NA,NA,NA,NA,NA,NA,NA,NA,NA,NA,NA,NA,NA,NA,NA,NA,NA,NA,NA,NA,NA,NA,NA,NA,NA,NA,NA,NA,NA,NA,NA,NA,NA,NA,NA,28,NA,NA,NA,NA,NA,NA,NA,NA,NA,NA,NA,NA,NA,NA,NA,NA,NA,NA,NA,NA,NA,NA,NA,NA,NA,NA,NA,NA,NA,NA,NA,NA,NA,NA,NA,NA,NA,NA,NA,NA,NA,NA,NA,NA,NA,NA,NA,NA,NA,NA,NA,NA,NA,NA,NA,NA,NA,NA,NA,NA,NA,NA,NA,NA,NA,NA,NA,NA,NA,NA,NA,NA,NA,NA,NA,NA,NA,NA,NA,NA,NA,NA,NA,NA,NA,NA,NA,NA,NA,NA,NA,NA,NA,NA,NA,NA,NA,NA,NA,NA,NA,NA,NA,NA,NA,NA,NA,NA,NA,NA,NA,NA,NA,NA,NA,NA,NA,NA,NA,NA,NA,NA,NA,NA,NA,NA,NA,NA,NA,NA,NA,NA,NA,NA,NA,NA,NA,NA,NA,NA,NA,NA,NA,NA,NA,NA,NA,NA,NA,NA,NA,NA,NA,NA,NA,NA,NA,NA,NA,NA,NA,NA,NA,NA,NA,NA,NA,NA,NA,NA,NA,NA,NA,NA,NA,NA,NA,NA,NA,NA,NA,NA,NA,NA,NA,NA,NA,NA,NA,NA,NA,NA,NA,NA,NA,NA,NA,NA,NA,NA,NA,NA,NA,NA,NA,NA,NA,NA,NA,NA,NA,NA
0.021656050955414,0.021656050955414,0.021656050955414,ACTGAGCGTGTGAGGTATCTGGAGAGATGGTTCTACAACAAGGAGGAGGTTCTTTACTTTGACAGTGATGTTGGTAAATACATAGCGAACATAGAGCTTTGGAGACCTGATGCTGACTACTGGAACAGTGATAAGGACTTCATAGAGCAGAAAAAGGCTGAGGTGGAAACATTCTGTAAACACAACTATGATATATTACACAGT,c559f72fb68b5684ad4ff6a457c50613,204,17,1,Bom_MHCIIex2_069,NA,NA,NA,NA,NA,NA,17,NA,NA,NA,NA,NA,NA,NA,NA,NA,NA,NA,NA,NA,NA,NA,NA,NA,NA,NA,NA,NA,NA,NA,NA,NA,NA,NA,NA,NA,NA,NA,NA,NA,NA,NA,NA,NA,NA,NA,NA,NA,NA,NA,NA,NA,NA,NA,NA,NA,NA,NA,NA,NA,NA,NA,NA,NA,NA,NA,NA,NA,NA,NA,NA,NA,NA,NA,NA,NA,NA,NA,NA,NA,NA,NA,NA,NA,NA,NA,NA,NA,NA,NA,NA,NA,NA,NA,NA,NA,NA,NA,NA,NA,NA,NA,NA,NA,NA,NA,NA,NA,NA,NA,NA,NA,NA,NA,NA,NA,NA,NA,NA,NA,NA,NA,NA,NA,NA,NA,NA,NA,NA,NA,NA,NA,NA,NA,NA,NA,NA,NA,NA,NA,NA,NA,NA,NA,NA,NA,NA,NA,NA,NA,NA,NA,NA,NA,NA,NA,NA,NA,NA,NA,NA,NA,NA,NA,NA,NA,NA,NA,NA,NA,NA,NA,NA,NA,NA,NA,NA,NA,NA,NA,NA,NA,NA,NA,NA,NA,NA,NA,NA,NA,NA,NA,NA,NA,NA,NA,NA,NA,NA,NA,NA,NA,NA,NA,NA,NA,NA,NA,NA,NA,NA,NA,NA,NA,NA,NA,NA,NA,NA,NA,NA,NA,NA,NA,NA,NA,NA,NA,NA,NA,NA,NA,NA,NA,NA,NA,NA,NA,NA,NA,NA,NA,NA,NA,NA,NA,NA,NA,NA,NA,NA,NA,NA,NA,NA,NA,NA,NA,NA,NA,NA,NA,NA,NA,NA,NA
