"MIN_FREQ","MEAN_FREQ","MAX_FREQ","SEQUENCE","MD5","LENGTH","DEPTH","SAMPLES","NAME","22177","22178","22181","22182","22183","22189","22190","22192","22193","22195","22196","22197","22198","22199","22203","22206","22209","22210","22211","22214","22218","22223","22225","22227","22228","22231","22233","22234","22235","22236","22238","22241","22243","22246","22248","22249","22254","22255","22258","22259","22260","22261","22262","22264","22266","22267","22268","22269","22270","22271","22272","22276","22279","22282","22284","22286","22287","22288","22289","22291","22292","22293","22296","22298","22301","22302","22303","22304","22306","22307","22309","22310","22313","22314","22317","22319","22322","22324","22326","22328","22330","22331","22332","22333","22195d","22269d","22325","22322d","22335","22336","22337","22345","22363","22367","22369","22370","22371","22372","22374","22379","22380","22382","22387","22390","22391","22392","22400","22401","22402","22404","22406","22415","22419","22422","22423","22424","22427","22428","22429","22431","22434","22435","22437","22438","22439","22442","22443","22446","22450","22451","22452","22453","22457","22458","22463","22470","22471","22472","22473","22475","22476","22477","22478","22479","22480","22481","22482","22483","22484","22486","22489","22490","22491","22492","22493","22494","22495","22496","22497","22498","22500","22502","22503","22505","22506","22507","22508","22509","22512","22516","22518","22523","22345d","22423d","22470d","22526","22527","22528","22529","22530","22531","22533","22534","22535","22536","22558","22568","22570","22581","22589","22592","22603","22623","22634","22639","22648","22650","22654","22673","22674","22675","22676","22677","22678","22679","22680","22681","22682","22683","22684","22685","22686","22691","22693","22695","22696","22697","22698","22699","22701","22702","22703","22704","22706","22707","22709","22710","22711","22712","22727","22728","22729","22730","22731","22732","22733","22734","22735","22736","22737","22738","22739","22740","22741","22742","22743","22745","22746","22747","22748","22749","22750","22741d","22740d","22753","22754","22755","22756","22757","22748d","22760","22762","22763","22764","22530d","22673d"
0.0116375727348296,0.0116375727348296,0.0116375727348296,"GTAGGGGGATCTGCGGTATGGAAAAGTCGAGGCTGGAAAGTGAGCGTTACACCCTTACCTACACGACTCTAAATACCAGCTGTAGCCCAAAACCAGCGTTAGGAGCCCCATACGCTGGTTGTGACGGCTAACGCAGAACTCTAAATCTAGGCGTATGTTAATAAATTCATTGTATCTTTGTTTTTGTTTCTCTCTAGAG","aa84c870df25bccba3a5b488c52f3f99",199,14,1,"MHCII-0000071-C",NA,NA,NA,NA,NA,NA,NA,NA,NA,NA,NA,NA,NA,NA,NA,NA,NA,NA,NA,NA,NA,NA,NA,NA,NA,NA,NA,NA,NA,NA,NA,NA,NA,NA,NA,NA,NA,NA,NA,NA,NA,NA,NA,NA,NA,NA,NA,NA,NA,NA,NA,NA,NA,NA,NA,NA,NA,NA,NA,NA,NA,NA,NA,NA,NA,NA,NA,NA,NA,NA,NA,NA,NA,NA,NA,NA,NA,NA,NA,NA,NA,NA,NA,NA,NA,NA,NA,NA,NA,NA,NA,NA,NA,NA,NA,NA,NA,NA,NA,NA,NA,NA,NA,NA,NA,NA,NA,NA,NA,NA,NA,NA,NA,NA,NA,NA,NA,NA,NA,NA,NA,NA,NA,NA,NA,NA,NA,NA,NA,NA,NA,NA,NA,NA,NA,NA,NA,NA,NA,NA,NA,NA,NA,NA,NA,NA,NA,NA,NA,NA,NA,NA,NA,NA,NA,NA,NA,NA,NA,NA,NA,NA,NA,NA,NA,NA,NA,NA,NA,NA,NA,NA,NA,NA,NA,NA,NA,NA,NA,NA,NA,NA,NA,NA,NA,NA,NA,NA,NA,NA,NA,NA,NA,NA,NA,NA,NA,NA,NA,NA,NA,NA,NA,NA,NA,NA,NA,NA,NA,NA,NA,NA,NA,0.0116375727348296,NA,NA,NA,NA,NA,NA,NA,NA,NA,NA,NA,NA,NA,NA,NA,NA,NA,NA,NA,NA,NA,NA,NA,NA,NA,NA,NA,NA,NA,NA,NA,NA,NA,NA,NA,NA,NA,NA,NA,NA,NA,NA,NA,NA,NA,NA,NA,NA,NA,NA,NA,NA
0.0135685210312076,0.0835552634679798,0.284253578732106,"ACTGAGCGTGTGAGGTATCTGGAGAGATGGTTCTACAACAAGGAGGAGGTTCTTTACTTTGACAGTGATGTTGGTAAATACATAGCGAACATAGAGCTTTGGAGACCTGATGCTGACTACTGGAACAGTGATAAGGACTTCATAGAGCAGAAAAAGGCTGAGGTGGAAACGTGTAAACACAACTATGATATATTACACAGT","b66ea27469b7176416ae036e2c0fba4c",201,1685,22,"MHCII-0000037-C",NA,NA,NA,NA,NA,NA,NA,NA,NA,NA,NA,NA,NA,NA,NA,NA,NA,NA,NA,NA,NA,NA,NA,NA,NA,NA,NA,NA,NA,NA,NA,NA,NA,NA,NA,NA,NA,0.211764705882353,NA,NA,NA,NA,0.124378109452736,0.0943396226415094,0.129545454545455,NA,NA,NA,NA,NA,NA,NA,NA,NA,NA,NA,NA,NA,NA,NA,0.0185589519650655,NA,NA,NA,NA,NA,NA,NA,NA,NA,0.0410958904109589,NA,NA,NA,NA,NA,NA,NA,NA,NA,NA,NA,NA,NA,NA,NA,NA,NA,NA,NA,0.0979653353428787,NA,NA,NA,NA,NA,NA,NA,NA,NA,NA,NA,NA,NA,NA,NA,NA,NA,NA,NA,NA,NA,NA,NA,NA,NA,NA,NA,NA,NA,NA,NA,NA,NA,NA,NA,NA,NA,0.0253356979984799,0.0760587726879862,0.0352548832777513,NA,NA,NA,NA,0.0135685210312076,NA,NA,NA,NA,NA,NA,NA,NA,NA,NA,NA,NA,NA,NA,NA,NA,NA,NA,NA,NA,NA,NA,NA,NA,NA,NA,NA,NA,NA,NA,NA,NA,NA,NA,NA,NA,NA,NA,0.0422094841063054,NA,NA,NA,NA,NA,NA,NA,NA,NA,NA,NA,NA,NA,NA,NA,NA,NA,NA,NA,NA,NA,NA,NA,NA,NA,0.284253578732106,NA,NA,NA,NA,NA,NA,NA,NA,NA,NA,NA,NA,NA,NA,NA,NA,NA,NA,NA,NA,NA,NA,0.19175911251981,NA,0.0947368421052632,NA,NA,NA,NA,NA,NA,NA,NA,NA,NA,NA,NA,NA,NA,NA,NA,NA,NA,0.0220883534136546,0.0217391304347826,NA,NA,NA,NA,NA,NA,0.0424710424710425,NA,NA,NA,NA,0.0671814671814672,NA,NA,NA,NA,0.091264667535854,0.0290909090909091,NA,NA
0.0162074554294976,0.125630121588903,0.332394366197183,"ACTGAGCGTGTGAGGTATCTGGAGAGATGGTTCTACAACAAGGAGGAGGTTGTTTACTTTGACAGTGATGTTGGTAAATACATAGCGAAGACAGAGTTTGGGAGACCTGATGCTGACTACTGGAACAGTGATAAGGACCTCATAGAGGATCAAAAGTCTTCGGTGGAAACATTCTGTAAATACAACTATGTGTAATACACAGT","16e44dea8e9e523935e03b9638112ef1",203,1024,3,"MHCII-0000040-C",NA,NA,NA,NA,NA,NA,NA,NA,NA,NA,NA,NA,NA,NA,NA,NA,NA,NA,NA,NA,NA,NA,NA,NA,NA,NA,NA,NA,NA,NA,NA,NA,NA,NA,NA,NA,NA,NA,NA,NA,NA,NA,NA,NA,NA,NA,NA,NA,NA,NA,NA,NA,NA,NA,NA,NA,NA,NA,NA,NA,NA,NA,NA,NA,NA,NA,NA,NA,NA,NA,NA,NA,NA,NA,NA,NA,NA,NA,NA,NA,NA,NA,NA,NA,NA,NA,NA,NA,NA,NA,NA,NA,NA,NA,NA,NA,NA,NA,NA,NA,NA,NA,NA,NA,NA,NA,NA,NA,NA,NA,NA,NA,NA,NA,NA,NA,NA,NA,NA,NA,NA,NA,NA,NA,NA,NA,NA,NA,NA,NA,NA,NA,NA,NA,NA,NA,NA,NA,NA,NA,NA,NA,NA,NA,NA,NA,NA,NA,NA,NA,NA,NA,NA,NA,NA,NA,NA,NA,NA,NA,NA,NA,NA,NA,NA,NA,NA,NA,NA,NA,NA,NA,NA,NA,NA,NA,NA,NA,NA,NA,NA,NA,NA,NA,NA,NA,NA,NA,NA,NA,NA,NA,NA,0.332394366197183,0.0282885431400283,NA,NA,0.0162074554294976,NA,NA,NA,NA,NA,NA,NA,NA,NA,NA,NA,NA,NA,NA,NA,NA,NA,NA,NA,NA,NA,NA,NA,NA,NA,NA,NA,NA,NA,NA,NA,NA,NA,NA,NA,NA,NA,NA,NA,NA,NA,NA,NA,NA,NA,NA,NA,NA,NA,NA,NA,NA,NA,NA,NA,NA,NA,NA,NA,NA,NA,NA,NA,NA,NA,NA,NA,NA
0.0102692834322227,0.225571900220858,0.744165946413137,"ACTGAGCGTGTGAGGCTTCTGGAGAGATGGTTCTACAACAAGGAGGAGACTGTTTACTTTGACAGTGATGTTGGTAAATACATAGCGAAGACAGAGCTTTGGAGACCTGATGCTGACTACTGGAACAGTAATAAGGACCTCATAGAGCAGAGAAAGGCTCAGGTGGAAACATTCTGTAAAAACAACTATGATATAATACACAGT","d65959ec082349259e088d24f2570106",204,66329,174,"MHCII-0000001-C",0.010840108401084,0.0230179028132992,NA,0.0224719101123595,0.246601941747573,0.298628428927681,0.277707006369427,0.160220994475138,0.25,0.177685950413223,0.293932230102443,0.0903522205206738,0.0965770171149144,0.369441277080958,0.0154888673765731,NA,0.011208967173739,0.0193321616871705,0.0508130081300813,0.582434514637905,0.362105263157895,0.0159198113207547,0.019690576652602,0.0270880361173815,0.026378896882494,0.239678899082569,0.278752436647173,0.236585365853659,0.30241935483871,0.291845493562232,0.396856581532416,0.334832904884319,0.261878453038674,0.392185238784371,0.411392405063291,0.269751693002257,0.107717041800643,NA,NA,NA,NA,0.0110957004160888,NA,0.0188679245283019,0.0238636363636364,0.021505376344086,0.279015240328253,NA,0.281221091581869,0.31988188976378,0.299562682215743,0.488063660477454,0.372093023255814,0.134097035040431,0.263698630136986,0.0106761565836299,0.0687936191425723,0.0389483933787731,NA,NA,NA,NA,NA,NA,NA,0.0123660346248969,0.0305343511450382,0.0123456790123457,NA,0.0136217948717949,NA,0.248062015503876,0.140988372093023,0.277041172365666,0.332695984703633,0.15365025466893,NA,0.0208894878706199,NA,0.334794040315513,0.0109489051094891,NA,0.0185356811862836,NA,0.231218088986141,0.0115151515151515,NA,NA,0.0168350168350168,0.011285771866183,0.0241145440844009,0.372667068031306,0.155269761606023,0.344721689059501,0.183936539414973,NA,0.210444271239283,0.445921450151057,0.226679104477612,0.395519172770358,0.310509080083358,0.357108892058963,0.0917992656058751,0.0507042253521127,0.0143769968051118,0.0212314225053079,0.197441601779755,0.369671919400672,0.264842300556586,0.29527152591369,0.198059822150364,0.343264248704663,0.388345717637857,0.225930680359435,0.56849570735349,0.551598173515982,NA,0.0102692834322227,0.0157629255989912,0.0160309563294638,0.0275109170305677,0.0170686456400742,NA,NA,NA,0.012464046021093,0.0158111327701971,0.234823447556097,0.202178870027869,0.744165946413137,NA,NA,0.318695511785599,0.281154082259055,0.273374888691006,0.26865671641791,0.28169956507193,0.0151104223169314,0.203467153284672,0.349306431273644,0.253229974160207,0.379252414951701,0.163867822318527,0.283234714003945,0.412887828162291,0.0381830151415405,0.0147651006711409,0.0136098509397278,0.0344361917623228,0.685408299866131,0.0284256559766764,0.21377245508982,0.363742010459035,0.306545690213869,0.402702702702703,0.411725955204216,0.336028751123091,0.462205700123916,0.538252848616386,0.493081761006289,0.195179306290417,0.315658657829329,0.362123256860099,0.217423133235725,0.0558659217877095,0.0216383307573416,0.0194414987628137,0.33054892601432,0.371134020618557,0.283051582141309,0.247798742138365,0.292699724517906,0.386169386169386,0.588759042849193,0.212610734757686,NA,NA,NA,NA,0.404927353126974,0.190007037297678,NA,NA,NA,0.247134342044934,0.245411641321447,0.453549517966696,0.177621861152142,NA,NA,NA,NA,NA,NA,NA,NA,NA,NA,NA,NA,NA,0.456836461126005,NA,0.365566932119833,NA,NA,NA,NA,NA,NA,NA,NA,NA,NA,NA,NA,NA,NA,NA,NA,NA,NA,NA,NA,NA,NA,NA,NA,NA,NA,NA,NA,0.373920552677029,NA,NA,NA,NA,NA,NA,NA,NA,NA,NA,NA,0.273092369477912,0.58695652173913,NA,NA,NA,NA,NA,NA,NA,NA,0.138472519628837,0.319754035357417,0.379735682819383,NA,NA,NA,NA,NA,NA,0.133636363636364,0.458970792767733,NA
0.010194624652456,0.174163586437137,0.469387755102041,"ACTGAGCGTGTGAGGTTTCTGGACAGATATTTCTACAACAAGGAGGAGGATGTTTACTTTGACAGTGATGTTGGTAAATACATAGCGAAGACAGAGAATGGGAGACCTGATGCTGACTACTGGAACAGTAATAAGGACCTCATAGAGCGGGCAAAGGCTGCGGTGGAAACAGTCTGTAAAAACAACTATGATGTATTCCACAGT","59f66f5e13fa1ffc8e175bbbbea2755d",204,36354,142,"MHCII-0000002-C",NA,0.0358056265984655,NA,NA,0.261488673139159,0.238778054862843,0.188535031847134,0.102209944751381,0.189252336448598,0.223140495867769,0.194641449960599,0.271056661562021,0.355745721271394,0.302166476624857,0.0135527589545015,NA,0.267413931144916,0.015817223198594,0.0426829268292683,0.0231124807395994,0.232631578947368,NA,0.0168776371308017,0.26410835214447,0.0359712230215827,0.232798165137615,0.165692007797271,0.268292682926829,0.173387096774194,0.194972409564684,0.202357563850688,0.205655526992288,0.239779005524862,0.327785817655572,0.189873417721519,0.16196388261851,0.0787781350482315,NA,NA,NA,NA,NA,NA,0.0109235352532274,0.0272727272727273,0.0197132616487455,NA,0.0106232294617564,0.207215541165587,0.239173228346457,0.196064139941691,0.220159151193634,0.174418604651163,0.254043126684636,0.242009132420091,0.0160142348754448,0.0279162512462612,0.0185004868549172,0.0144267274107821,0.0110998990918264,0.405021834061135,0.0149384885764499,0.0224159402241594,0.397473997028232,0.0154277699859748,0.343775762572135,0.444274809160305,0.0224466891133558,0.0276890308839191,0.0136217948717949,0.0316122233930453,0.0232558139534884,0.261627906976744,0.368457780879274,0.366156787762906,0.438879456706282,0.304665542439573,0.0215633423180593,0.0347826086956522,0.0333041191936897,0.0151199165797706,0.0135309278350515,0.010194624652456,0.0167427701674277,0.184536834427425,NA,NA,0.293634496919918,NA,NA,NA,NA,NA,NA,NA,NA,NA,NA,0.198383084577114,NA,0.221494492408455,0.303376129339039,0.0189718482252142,NA,NA,NA,0.243882091212458,NA,0.37639146567718,0.0163122031798472,0.151711129075721,0.297279792746114,0.30817364098553,0.262302096705178,0.0108249346771183,NA,NA,NA,NA,NA,NA,NA,NA,NA,NA,NA,NA,NA,NA,NA,0.0228680323963792,0.0199188491331612,0.239909589925735,0.265193370165746,0.250445235975067,0.312075983717775,0.225493476078956,NA,0.265967153284672,0.312105926860025,0.276916451335056,0.0197396052078958,NA,0.194477317554241,0.0167064439140811,0.0118499012508229,NA,NA,0.0168804861580014,NA,0.469387755102041,NA,NA,0.198963058976021,0.235135135135135,0.288537549407115,0.283018867924528,NA,0.0146500271296799,0.0176100628930818,NA,0.0173985086992543,NA,0.301610541727672,NA,NA,NA,NA,NA,0.0108365843086259,0.171069182389937,0.356749311294766,0.0170940170940171,0.0228158041179744,0.248566961959354,NA,NA,NA,NA,NA,NA,NA,NA,NA,NA,0.398007341373886,NA,NA,NA,NA,NA,NA,NA,NA,NA,NA,NA,NA,NA,NA,NA,NA,NA,NA,NA,NA,NA,NA,NA,NA,NA,0.42846634792203,NA,NA,NA,NA,NA,NA,NA,NA,NA,NA,NA,NA,NA,NA,0.191652754590985,NA,NA,NA,NA,NA,NA,NA,NA,NA,NA,NA,NA,NA,NA,0.222527472527473,0.248921749845964,0.23589001447178,0.232931726907631,0.230179028132992,NA,NA,NA,NA,NA,NA,0.32046332046332,0.213751868460389,0.181299072091363,0.212913143735588,0.215859030837004,0.244787644787645,NA,NA,NA,NA,NA,0.193636363636364,NA,NA
0.0103211009174312,0.20204957084982,0.707954545454546,"ACTGACCATGTTAGATATCTGGAGAGATATTTCTACAACAAGGAGGAGTTTGTTTACTTTGACAGTGATGTTGGTAAATTCATAGCAAAGACAGAGTTTGGGAGACCTGATGCTGACTACTGGAACAGTAATAAGGACATCATAGAGCGGGCAAAGGCTGCGGTGGAAACATACTGTAAATACAACTATGGTATATGGGAGACA","fb5233d813172ba1656702ace9dd6a44",204,21103,57,"MHCII-0000004-C",NA,NA,NA,NA,NA,NA,0.0178343949044586,0.0303867403314917,0.0116822429906542,0.260330578512397,0.343577620173365,0.26646248085758,0.272616136919315,0.023945267958951,NA,NA,NA,NA,NA,0.0154083204930663,NA,NA,NA,NA,0.0143884892086331,0.0103211009174312,0.220272904483431,NA,0.307795698924731,NA,NA,NA,NA,NA,NA,NA,NA,NA,NA,NA,NA,NA,NA,0.0258192651439921,0.707954545454546,0.025089605734767,0.343493552168816,0.368980169971671,NA,0.24507874015748,NA,NA,0.167441860465116,0.160377358490566,NA,0.0106761565836299,NA,NA,NA,NA,NA,NA,NA,NA,NA,NA,NA,NA,NA,0.016025641025641,NA,NA,0.14171511627907,NA,NA,0.0169779286926995,NA,NA,0.0121739130434783,NA,NA,NA,NA,0.0273972602739726,0.340627279358133,0.420606060606061,0.0223463687150838,NA,0.0176767676767677,NA,NA,NA,0.3133626097867,0.351247600767754,0.323252354982647,0.256053811659193,0.401792673421668,NA,NA,NA,NA,NA,NA,NA,NA,NA,NA,NA,NA,NA,NA,NA,NA,NA,NA,NA,NA,NA,NA,NA,NA,NA,NA,NA,NA,NA,NA,0.451904679074622,0.430200152014188,0.0125324114088159,0.371129109099571,0.383991147178163,0.284145947691314,0.157458563535912,0.16206589492431,0.254748982360923,0.156574105051857,NA,NA,NA,NA,NA,NA,NA,NA,NA,NA,NA,NA,NA,NA,NA,NA,NA,NA,NA,NA,NA,NA,NA,NA,NA,NA,NA,NA,NA,NA,NA,NA,NA,NA,NA,NA,NA,0.24960917144346,NA,NA,NA,NA,NA,NA,NA,NA,NA,NA,NA,NA,NA,NA,NA,NA,NA,NA,NA,NA,NA,NA,NA,NA,NA,NA,NA,NA,NA,NA,NA,NA,NA,NA,NA,NA,NA,NA,NA,NA,NA,NA,NA,NA,NA,NA,NA,NA,NA,NA,NA,NA,NA,NA,NA,NA,NA,NA,NA,NA,NA,NA,NA,NA,NA,NA,0.129120879120879,NA,NA,NA,NA,NA,NA,NA,NA,NA,NA,NA,NA,0.309778729478944,0.190622598001537,0.145374449339207,0.2,NA,NA,NA,NA,NA,0.308181818181818,NA,NA
0.010230179028133,0.26394340298853,0.854791868344627,"ACTGAGCGTGTGAGGTTTCTGGACAGATATTTCTACAACAAGGAGGAGTTTGTTTACTTTGACAGTGATGTTGGTAAATACATAGCGAAGACAGAGTTTGGGAGACCTAGTGCTGACTACTGGAACAGTAATAAGGACTTCATAGAGCAGAAAAAGGCTGCGGTGGAAACAGTCTGTAAATACAACTATGGTATATGGGAGACA","3e422b8168761b8a4f4f730ead8abc08",204,20470,48,"MHCII-0000005-C",NA,0.010230179028133,NA,0.466292134831461,NA,NA,NA,NA,NA,0.0165289256198347,NA,NA,NA,NA,0.854791868344627,0.0311418685121107,0.2257806244996,0.414762741652021,0.0121951219512195,0.0215716486902928,0.0168421052631579,NA,0.0154711673699015,0.0135440180586907,NA,NA,0.0155945419103314,NA,NA,NA,NA,NA,NA,NA,NA,NA,NA,NA,NA,NA,NA,NA,NA,NA,NA,NA,NA,NA,NA,NA,NA,NA,NA,NA,NA,0.688612099644128,NA,NA,NA,NA,NA,NA,NA,NA,NA,NA,NA,NA,NA,0.201923076923077,0.0126448893572181,NA,NA,NA,NA,NA,NA,NA,0.0104347826086957,NA,NA,NA,NA,NA,NA,NA,NA,NA,0.402356902356902,NA,NA,NA,NA,NA,NA,NA,NA,NA,NA,NA,NA,NA,NA,NA,NA,0.5122838944495,NA,NA,NA,NA,NA,NA,NA,NA,NA,NA,NA,0.392058420812414,0.0104035308953342,0.424359683066151,NA,NA,NA,NA,NA,NA,NA,NA,NA,NA,NA,NA,NA,NA,NA,NA,NA,NA,NA,NA,NA,NA,NA,NA,NA,NA,NA,NA,0.405806887238352,NA,NA,NA,NA,NA,NA,NA,NA,NA,NA,NA,NA,NA,0.187134502923977,0.0131771595900439,0.815642458100559,0.48531684698609,NA,NA,NA,NA,NA,NA,NA,NA,NA,NA,NA,NA,NA,NA,NA,0.207432057681642,NA,NA,NA,NA,NA,NA,NA,0.521697203471553,NA,NA,NA,NA,NA,NA,NA,NA,NA,NA,NA,NA,NA,NA,NA,NA,NA,NA,NA,0.501010101010101,NA,NA,NA,NA,0.490371066228276,NA,NA,NA,NA,NA,NA,0.455066921606119,0.591372549019608,0.0253565768621236,NA,0.0137651821862348,0.311519198664441,NA,0.013986013986014,NA,NA,0.0151898734177215,NA,NA,NA,NA,0.545380212591987,NA,NA,0.422349570200573,NA,0.0151098901098901,NA,NA,0.0180722891566265,NA,NA,NA,0.776515151515151,0.0124137931034483,NA,NA,NA,NA,NA,NA,NA,NA,NA,NA,NA,NA,NA,NA,NA,NA
0.0107816711590297,0.300191097716694,0.791724137931034,"ACTGAGCATGTAAGGTACCTGGACAGATATTTCTACAACAAGGAGGAGTTTGTTTACTTTGACAGTGATGTTGGTAAATACATAGCGAAGACAGAGTTTGGGAGACCTGATGCTGACTACTGGAACAGTAATAAGGACATCATAGAGGATCAAAAGGCTTCGGTGGAAACATACTGTAAACACAACTATGATGTATTCCACAGT","c88a530b18564b1d93a1177c17fbe3b3",204,19953,50,"MHCII-0000006-C",NA,NA,NA,NA,NA,NA,NA,NA,NA,NA,NA,NA,NA,NA,NA,NA,NA,NA,NA,NA,NA,NA,NA,NA,NA,NA,NA,NA,NA,NA,NA,NA,NA,NA,NA,NA,NA,NA,NA,NA,NA,NA,NA,NA,NA,0.307347670250896,0.011137162954279,0.320113314447592,0.0157261794634598,NA,NA,NA,NA,NA,NA,NA,NA,NA,NA,NA,NA,NA,NA,NA,NA,NA,NA,NA,NA,NA,NA,NA,NA,NA,NA,NA,NA,0.0107816711590297,0.499130434782609,0.246275197195443,NA,NA,NA,NA,NA,0.243636363636364,0.0156424581005587,NA,NA,NA,NA,NA,NA,NA,NA,NA,NA,NA,NA,NA,NA,NA,NA,0.0161971830985915,0.462460063897764,NA,NA,NA,NA,NA,NA,NA,NA,NA,NA,NA,NA,NA,0.0249054224464061,NA,NA,NA,NA,NA,NA,NA,NA,NA,NA,NA,NA,NA,NA,NA,NA,NA,NA,0.354901201084851,NA,0.0138713745271122,NA,NA,NA,NA,NA,0.661619486504279,0.012751677852349,0.342190537913156,NA,0.0140562248995984,0.386297376093294,0.355089820359281,0.0127832655432888,0.189889825016202,NA,NA,NA,NA,NA,NA,NA,NA,NA,NA,NA,NA,NA,NA,NA,NA,NA,NA,NA,NA,NA,NA,0.513020833333333,NA,NA,NA,0.236453201970443,0.293399889073766,NA,NA,NA,NA,NA,NA,NA,NA,NA,NA,NA,NA,NA,NA,NA,NA,0.636811832374692,NA,NA,NA,NA,NA,NA,NA,NA,NA,NA,NA,NA,NA,NA,NA,NA,NA,0.668238993710692,NA,0.598812273177169,0.452879581151832,NA,NA,NA,NA,NA,NA,NA,NA,0.0944055944055944,0.631786771964462,0.0136103151862464,0.0164556962025316,0.442141623488774,0.582014388489209,0.724157955865273,0.0166051660516605,NA,0.509065550906555,0.0129573170731707,NA,NA,NA,NA,NA,NA,NA,NA,NA,NA,0.791724137931034,NA,NA,0.0154440154440154,NA,NA,NA,NA,NA,NA,0.736392742796158,0.660633484162896,NA,0.0208604954367666,0.0136363636363636,NA,0.610478359908884
0.0106761565836299,0.272467763338024,0.713733075435203,"ACTGACCATGTTAGATATCTGGAGAGATATTTCTACAACAAGGAGGAGTTTGTTTACTTTGACAGTGATGTTGGTAAATTCATAGCAAAGACAGAGTTTGGGAGACCTGATGCTGACTACTGGAACAGTAATAAGGACTTCATAGAGCGGGCAAAGGCTGCGGTGGAAACATACTGTAAATACAACTATGGTATATGGGAGACA","75af3ea2616e3d4661c261ce2318ba90",204,16652,39,"MHCII-0000007-C",NA,NA,NA,NA,NA,NA,NA,NA,NA,NA,NA,NA,NA,NA,NA,NA,NA,NA,NA,NA,NA,NA,NA,NA,NA,NA,NA,NA,NA,NA,NA,NA,NA,NA,NA,NA,NA,NA,NA,NA,NA,NA,NA,0.0168818272095333,NA,NA,NA,NA,NA,NA,0.302478134110787,NA,0.179651162790698,NA,0.314497716894977,0.0106761565836299,NA,0.0360272638753651,0.430523917995444,NA,NA,NA,0.0261519302615193,NA,0.0126227208976157,0.0272052761747733,0.0106870229007634,0.327721661054994,0.255591054313099,0.0288461538461538,0.402528977871444,0.211517165005537,0.154796511627907,0.117934403349616,0.197896749521989,0.0263157894736842,0.127599775154581,0.555929919137466,0.0226086956521739,0.021034180543383,0.691345151199166,0.355025773195876,NA,0.0167427701674277,NA,NA,NA,0.134154688569473,NA,0.52801289802499,NA,NA,NA,NA,NA,NA,NA,NA,NA,NA,NA,NA,NA,NA,NA,NA,NA,NA,NA,NA,NA,NA,NA,NA,NA,NA,NA,NA,NA,NA,NA,NA,NA,NA,NA,NA,NA,NA,NA,NA,NA,NA,NA,NA,NA,NA,NA,NA,NA,NA,NA,NA,NA,NA,NA,NA,NA,NA,NA,NA,NA,NA,NA,NA,NA,NA,NA,NA,NA,NA,NA,NA,NA,NA,NA,NA,NA,NA,NA,NA,NA,NA,NA,NA,NA,NA,NA,NA,NA,NA,NA,NA,NA,NA,NA,NA,NA,NA,NA,NA,NA,NA,NA,NA,NA,NA,NA,NA,NA,NA,NA,NA,NA,NA,NA,0.664179104477612,NA,0.678849902534113,0.713733075435203,NA,NA,NA,0.652956298200514,NA,NA,NA,NA,0.523364485981308,NA,NA,NA,NA,NA,0.0190174326465927,0.457815565729235,NA,NA,NA,NA,NA,NA,0.59620253164557,NA,NA,NA,NA,NA,NA,NA,NA,NA,NA,NA,NA,NA,NA,NA,NA,NA,NA,NA,NA,NA,NA,NA,NA,NA,NA,0.504651162790698,NA,NA,NA,NA,NA,NA,NA
0.0106723585912487,0.274318225424382,0.633863965267728,"ACTGAGCATGTGAGGCTTCTGGAGAGATGGTTCTACAACAAGGAGGAGACTGTTTACTTTGACAGTGATGTTGGTAAATACATAGCGAAGACAGAGCTTTGGAGACCTGATGCTGACTACTGGAACAGTAATAAGGACCTCATAGAGCAGAGAAAGGCTCAGGTGGAAACATTCTGTAAAAACAACTATGATATAATACACAGT","e91d2c517b4d036c769812734f854409",204,11786,30,"MHCII-0000009-C",NA,NA,NA,NA,NA,NA,NA,0.162983425414365,NA,NA,NA,NA,NA,NA,NA,NA,NA,NA,NA,NA,NA,NA,NA,NA,NA,NA,NA,NA,NA,NA,NA,NA,NA,NA,NA,NA,NA,NA,NA,NA,NA,NA,NA,NA,NA,NA,NA,NA,NA,NA,NA,NA,NA,0.130053908355795,NA,NA,0.0159521435692921,NA,NA,NA,NA,NA,NA,NA,NA,NA,NA,NA,NA,NA,NA,NA,0.175872093023256,NA,NA,0.164685908319185,0.29229904440697,NA,NA,NA,NA,NA,NA,NA,NA,NA,NA,0.27378507871321,NA,NA,NA,NA,0.157151819322459,NA,NA,0.134529147982063,0.24551831644583,NA,NA,NA,NA,NA,NA,NA,NA,NA,NA,NA,NA,NA,NA,NA,NA,NA,NA,NA,NA,NA,NA,NA,NA,NA,NA,NA,NA,NA,NA,NA,NA,NA,NA,0.515308004426411,NA,NA,NA,NA,NA,NA,NA,NA,NA,NA,NA,NA,NA,NA,NA,NA,NA,NA,NA,NA,NA,NA,NA,NA,NA,NA,NA,NA,NA,NA,NA,NA,NA,NA,NA,NA,NA,NA,NA,NA,NA,NA,NA,NA,NA,NA,NA,NA,NA,NA,NA,NA,NA,NA,NA,NA,NA,NA,NA,NA,NA,NA,NA,NA,NA,NA,NA,NA,NA,NA,0.583462132921175,NA,NA,NA,0.510969285999202,NA,NA,NA,NA,NA,NA,NA,NA,NA,NA,NA,NA,NA,NA,NA,NA,0.01743264659271,NA,NA,0.240066777963272,NA,0.586247086247086,NA,NA,NA,NA,NA,NA,NA,NA,NA,NA,NA,NA,0.447802197802198,0.401109057301294,0.633863965267728,0.333333333333333,NA,NA,NA,NA,NA,NA,NA,0.519305019305019,0.323617339312407,0.182012847965739,NA,NA,0.400772200772201,0.0151162790697674,0.0106723585912487,0.0124434389140271,NA,NA,0.194545454545455,NA,NA
0.0100882723833544,0.0966933032564012,0.291099476439791,"ACTGAGCGTGTGAGGTTTCTGGACAGATATTTCTACAACGAGGAGGAGGTTCTTTACTTTGACAGTGATGTTGGTAAATTCATAGCAAAGACAGAGCTTGGGAGACCTGATGCTGACTACTGGAACAGTGATAAGGACTTCATAGAGAGGAAAAAGGCTGAGGTGGAAACAGTCTGTAAAAACAATTATGATGTATTACACAGT","5e0458d9ccf0b26b9b9fba5b54607c69",204,10234,66,"MHCII-0000010-C",NA,NA,NA,NA,NA,NA,NA,NA,NA,NA,NA,NA,NA,NA,NA,NA,NA,NA,NA,NA,NA,NA,NA,NA,NA,NA,NA,NA,NA,NA,NA,NA,NA,NA,NA,NA,NA,0.0302521008403361,NA,NA,0.100213219616205,0.0499306518723994,0.155887230514096,0.121151936444886,NA,0.0636200716845878,0.0726846424384525,0.0786118980169972,NA,NA,NA,NA,NA,NA,NA,NA,NA,NA,0.0744115413819286,0.0585267406659939,NA,NA,NA,NA,NA,NA,NA,0.204264870931538,0.133120340788072,0.142628205128205,0.191780821917808,0.104097452934662,NA,NA,NA,NA,NA,NA,NA,0.0271691498685364,NA,0.151417525773196,NA,0.0136986301369863,NA,0.0739393939393939,0.109497206703911,NA,NA,NA,NA,NA,NA,NA,NA,NA,NA,NA,NA,NA,0.0419767788032152,NA,NA,0.134507042253521,NA,NA,NA,NA,NA,NA,NA,NA,NA,NA,NA,NA,0.199162011173184,0.10109539023277,0.0100882723833544,0.139487746452921,NA,NA,0.091504854368932,NA,0.0892092813696779,0.0896452540747843,0.110028156811783,NA,NA,NA,NA,NA,NA,NA,NA,NA,NA,0.110034870205347,NA,NA,NA,NA,NA,NA,0.108830548926014,NA,0.0939597315436242,NA,NA,NA,NA,NA,NA,NA,NA,NA,NA,NA,NA,NA,NA,NA,NA,NA,NA,NA,NA,NA,NA,NA,NA,NA,NA,NA,NA,NA,NA,NA,0.104249667994688,NA,NA,0.117027176927343,0.102898550724638,NA,NA,NA,NA,NA,0.0340459224069675,NA,NA,0.103062712688381,NA,NA,NA,NA,NA,0.133711507293355,NA,NA,NA,0.064343163538874,NA,0.0830489192263936,NA,NA,NA,NA,NA,0.0642424242424242,NA,NA,NA,NA,NA,NA,0.0749475890985325,0.0508826583592939,0.0488287693830419,0.111069558713538,NA,NA,NA,NA,NA,NA,0.0210350584307179,0.291099476439791,NA,NA,0.0702005730659026,NA,NA,0.0489208633093525,NA,0.186346863468635,0.07113654946852,NA,NA,0.0859598853868195,NA,NA,NA,NA,NA,NA,NA,0.0464190981432361,NA,0.063448275862069,NA,0.150905432595573,NA,NA,NA,NA,NA,NA,0.136046511627907,0.080042689434365,0.0938914027149321,NA,0.0873533246414602,NA,NA,NA
0.010016694490818,0.334218256891911,0.771113831089351,"ACTGAGCGTGTGAGGTTTCTGGACAGATGGTTCTACAACAAGGAGGAGGATGTTTACTTTGACAGTGATGTTGGTAAATACATAGCGAAGACAGAGAATGGGAGACCTGATGCTGACTACTGGAACAGTAATAAGGACATCATAGAGGATGCAAAGGCTGCGGTGGAAACATTCTGTAAATACAACTATGGTATATTACACAGT","4c2a17504f6b1e17c9b4c637f90e4d3c",204,10058,20,"MHCII-0000011-C",NA,NA,0.209615384615385,NA,NA,NA,NA,NA,NA,NA,NA,NA,NA,NA,NA,NA,NA,NA,NA,NA,NA,NA,NA,NA,NA,NA,NA,NA,NA,NA,NA,NA,NA,NA,NA,NA,NA,NA,NA,NA,NA,NA,NA,NA,NA,NA,NA,NA,NA,NA,NA,NA,NA,NA,NA,NA,NA,NA,NA,NA,NA,NA,NA,NA,NA,NA,NA,NA,NA,NA,NA,NA,NA,NA,NA,NA,NA,NA,NA,NA,NA,NA,NA,NA,NA,NA,NA,NA,NA,NA,NA,NA,NA,NA,NA,NA,NA,NA,NA,NA,NA,NA,NA,NA,NA,NA,NA,NA,NA,0.14701631220318,NA,NA,NA,NA,0.0108249346771183,NA,NA,NA,NA,NA,NA,0.453061224489796,NA,NA,NA,NA,NA,NA,NA,NA,NA,NA,NA,NA,NA,NA,NA,NA,NA,NA,NA,NA,NA,NA,NA,NA,0.367114093959732,NA,NA,NA,NA,NA,NA,NA,NA,NA,NA,NA,NA,NA,0.295708406819518,0.0223695111847556,NA,NA,NA,NA,NA,NA,NA,NA,NA,NA,NA,0.010016694490818,NA,NA,NA,0.402327935222672,NA,NA,NA,NA,0.221739130434783,0.428439944776806,NA,NA,NA,0.203101920236337,NA,NA,0.771113831089351,NA,0.6996699669967,NA,NA,NA,NA,NA,NA,NA,NA,NA,NA,NA,NA,NA,NA,NA,NA,NA,0.528718703976436,NA,NA,NA,NA,NA,NA,NA,NA,NA,NA,NA,NA,NA,NA,NA,NA,NA,NA,NA,NA,NA,NA,NA,NA,NA,NA,0.345885634588563,NA,NA,NA,NA,NA,NA,NA,NA,NA,0.564986737400531,NA,NA,NA,NA,NA,NA,NA,NA,NA,NA,NA,NA,NA,NA,NA,NA,NA,NA
0.010062893081761,0.11392641751426,0.377464788732394,"ACTGAGCGTGTGAGGTTTCTGGAGAGATATTTCTACAACGAGGAGGACTTTGTTTACTTTGACAGTGATGTTGGTAAATACATAGCAAAGACAGAGTTTGGGAGACCTGATGCTGACTACTGGAACAGTGATAAGGACATCATAGAGCGGGCAAAGGCTAGGGTGGAAACATTCTGTAAATATAACTATGGTGGATTACACAGT","86ab2e6c245092bb4a13e243a6d5cd7e",204,9972,55,"MHCII-0000012-C",NA,0.283887468030691,NA,NA,NA,NA,NA,0.0386740331491713,0.0116822429906542,0.0309917355371901,NA,0.0168453292496172,NA,0.0638540478905359,NA,NA,NA,NA,NA,NA,0.0452631578947368,NA,NA,NA,0.129496402877698,0.0493119266055046,NA,NA,NA,0.0508890251379522,0.0825147347740668,0.0674807197943445,0.0574585635359116,0.0535455861070912,0.0632911392405063,NA,0.0128617363344051,NA,NA,NA,NA,NA,NA,NA,NA,NA,0.0463071512309496,NA,NA,NA,NA,NA,NA,NA,NA,NA,NA,NA,NA,NA,NA,NA,NA,NA,NA,NA,NA,NA,NA,NA,NA,NA,NA,NA,NA,NA,NA,NA,NA,NA,NA,NA,NA,NA,0.0335521517140773,NA,NA,NA,NA,NA,NA,NA,NA,NA,NA,NA,NA,NA,NA,NA,0.171479607025901,0.103185924869234,NA,0.377464788732394,NA,NA,0.0305895439377086,NA,0.0452226345083488,NA,NA,0.0858160621761658,0.119280406726633,NA,0.245240761478163,NA,0.122905027932961,NA,NA,NA,NA,NA,NA,NA,NA,NA,NA,NA,NA,NA,NA,NA,NA,NA,NA,NA,NA,NA,0.010492700729927,NA,0.0645994832041344,NA,NA,0.0500986193293886,0.172792362768496,0.011191573403555,0.277852348993289,NA,NA,0.165327978580991,0.010932944606414,NA,0.171411969785009,NA,NA,0.0474308300395257,NA,0.188971499380421,0.368421052631579,0.010062893081761,NA,NA,NA,NA,NA,NA,NA,NA,0.12933458294283,0.170784568703945,NA,0.117768595041322,NA,0.217584863661658,NA,NA,NA,NA,NA,NA,NA,NA,NA,0.342843994477681,NA,0.132669113791295,0.259421560035057,NA,NA,NA,NA,0.109382596013612,NA,NA,NA,NA,NA,NA,NA,NA,NA,NA,NA,NA,NA,NA,NA,NA,NA,NA,NA,NA,NA,NA,NA,NA,NA,NA,NA,NA,NA,NA,NA,NA,NA,NA,NA,NA,NA,NA,NA,NA,NA,NA,NA,NA,NA,NA,NA,NA,NA,NA,NA,NA,NA,NA,NA,NA,NA,NA,NA,NA,NA,NA,NA,NA,NA,NA,NA,NA,NA,NA,NA,NA,NA,NA
0.0103211009174312,0.208720453920992,0.880349344978166,"ACTGAGCGTGTGAGGTTTCTGGACAGATGGTTCTACAACAAGGAGGAGGATGTTTACTTTGACAGTGATGTTGGTAAATACATAGCGAAGACAGAGAATGGGAGACCTGATGCTGACTACTGGAACAGTAATAAGGACATCATAGAGCGGGCAAAGGCTGCGGTGGAAACATTCTGTAAATACAACTATGGTATATTACACAGT","153bc116b9cb0b38b37b4c5a304bc9f6",204,8989,25,"MHCII-0000013-C",0.0596205962059621,0.319693094629156,NA,NA,NA,0.0673316708229426,NA,NA,NA,NA,NA,NA,NA,NA,NA,NA,NA,NA,0.634146341463415,0.110939907550077,NA,0.076061320754717,0.0914205344585091,0.0699774266365688,NA,0.0103211009174312,NA,NA,NA,NA,NA,NA,NA,0.0463096960926194,NA,NA,NA,NA,NA,NA,NA,NA,NA,NA,NA,NA,NA,NA,NA,NA,NA,NA,NA,NA,NA,NA,NA,NA,NA,NA,NA,NA,NA,NA,NA,NA,NA,NA,NA,NA,NA,NA,NA,NA,NA,NA,NA,NA,NA,NA,NA,NA,NA,NA,NA,NA,NA,NA,NA,NA,NA,NA,NA,NA,NA,NA,NA,NA,NA,0.139164153382163,NA,NA,0.0697674418604651,NA,0.320287539936102,NA,NA,NA,NA,NA,NA,NA,NA,NA,NA,NA,NA,0.194659972615244,NA,NA,0.880349344978166,NA,NA,NA,0.0820004505519261,NA,0.482781026640676,NA,NA,NA,NA,NA,NA,NA,NA,NA,NA,NA,NA,NA,NA,NA,NA,NA,NA,NA,NA,NA,NA,NA,NA,NA,NA,NA,NA,NA,NA,NA,NA,NA,NA,NA,NA,NA,NA,NA,NA,NA,NA,NA,NA,NA,NA,NA,NA,NA,0.345703125,0.013663967611336,NA,NA,NA,NA,NA,NA,NA,NA,NA,NA,NA,NA,0.179314565483476,NA,0.245874587458746,NA,NA,NA,NA,NA,NA,NA,NA,NA,NA,NA,NA,NA,NA,NA,NA,NA,NA,NA,NA,NA,NA,NA,NA,NA,NA,NA,NA,NA,NA,NA,NA,NA,NA,NA,NA,NA,NA,NA,NA,NA,NA,NA,NA,NA,NA,NA,NA,NA,NA,NA,NA,NA,NA,NA,0.152462121212121,NA,NA,NA,NA,NA,NA,NA,NA,NA,NA,NA,NA,NA,NA,NA,NA,NA
0.0104166666666667,0.216418644009011,0.820672478206725,"ACTGAGCGTGTGAGGTACCTGCAGAGACATTTCTACAACAAGGAGGAGGTTGTTTACTTTGACAGTGATGTCGGTAAATTCATAGCAAAGACAGAGCTTGGGAGACCTGATGCTGACTACTGGAACAGTAATAAGGACTTCATAGAGCAGAAAAGGGCTGCGGTGGAAACATACTGTAAACACAACTATGGTGTAATACACAGT","3e5e7fec6dc006a7ec857eddc2747c03",204,8221,32,"MHCII-0000014-C",NA,NA,NA,NA,NA,NA,NA,NA,NA,NA,NA,NA,NA,NA,NA,NA,NA,NA,NA,NA,NA,NA,NA,NA,NA,NA,NA,NA,NA,NA,NA,NA,NA,NA,NA,NA,NA,NA,NA,NA,NA,NA,NA,NA,NA,NA,NA,NA,NA,NA,NA,NA,NA,NA,NA,0.150355871886121,NA,NA,NA,NA,NA,NA,0.820672478206725,NA,NA,0.16075845012366,0.0793893129770992,0.132435465768799,NA,0.0104166666666667,NA,NA,NA,NA,NA,NA,NA,NA,NA,NA,NA,NA,NA,NA,NA,NA,NA,NA,NA,0.298266827891979,NA,NA,NA,NA,NA,NA,NA,NA,NA,NA,NA,NA,NA,NA,NA,NA,NA,NA,NA,NA,NA,NA,NA,NA,NA,NA,NA,NA,NA,0.133038511147964,NA,NA,NA,NA,NA,NA,NA,NA,NA,NA,NA,NA,NA,NA,NA,NA,NA,NA,NA,NA,NA,0.141117177656447,NA,NA,NA,0.140223831468071,NA,NA,NA,NA,NA,NA,NA,NA,NA,NA,NA,NA,NA,NA,NA,NA,NA,NA,NA,NA,NA,NA,NA,NA,NA,NA,NA,NA,NA,0.322617680826636,NA,NA,NA,NA,NA,NA,NA,0.0262310170271514,NA,NA,NA,NA,NA,NA,NA,NA,NA,NA,NA,NA,NA,NA,0.262941659819228,0.116929698708752,0.578732106339468,0.271849865951743,0.128284389489954,NA,NA,NA,NA,NA,NA,NA,NA,NA,0.21636675235647,0.42975893599335,NA,0.302934179222839,0.050314465408805,NA,NA,NA,NA,NA,0.290980392156863,NA,NA,NA,0.0484140233722871,0.256544502617801,0.125874125874126,NA,NA,NA,NA,NA,NA,NA,0.135731807031889,NA,NA,NA,NA,NA,NA,NA,NA,NA,NA,0.210875331564987,NA,NA,NA,0.197183098591549,NA,NA,NA,NA,NA,NA,NA,NA,NA,NA,NA,NA,NA,0.236902050113895
0.0199004975124378,0.288980865318642,0.609756097560976,"ACTGAGCGTGTGAGGCTTCTGCACAGATGGTTCTACAACAAGGAGGAGTTTGTTTACTTTGACAGTGATGTCGGTAAATTCATAGCAAAGACAGAGTTTGGGAGACCTGATGCTGACTACTGGAACAGTAATAAGGACATCATAGAGAGGAAAAAGGCTGAGGTGGAAACATTCTGTAAACACAACTATGGTATATGGGAGACA","cdd625aa6488f16f0b79b5ddd6ccb041",204,7473,18,"MHCII-0000015-C",NA,NA,NA,NA,NA,NA,NA,NA,NA,NA,NA,NA,NA,NA,NA,NA,NA,NA,NA,NA,NA,NA,NA,NA,NA,NA,NA,NA,NA,NA,NA,NA,NA,NA,NA,NA,NA,NA,NA,NA,NA,0.520110957004161,0.0199004975124378,NA,NA,NA,NA,NA,0.249768732654949,NA,NA,NA,NA,0.139487870619946,NA,NA,NA,NA,NA,0.313824419778002,NA,NA,NA,NA,NA,NA,NA,NA,NA,0.16025641025641,NA,NA,NA,NA,NA,NA,NA,NA,NA,NA,NA,NA,NA,NA,NA,NA,NA,NA,NA,NA,NA,NA,NA,NA,NA,NA,NA,NA,NA,NA,NA,NA,NA,NA,NA,NA,NA,NA,NA,NA,NA,NA,NA,NA,NA,NA,NA,NA,NA,NA,NA,NA,NA,NA,0.333858977247128,0.409635666347076,NA,NA,NA,NA,NA,NA,NA,NA,NA,NA,NA,NA,NA,NA,NA,NA,NA,NA,NA,NA,NA,0.140635126377187,NA,NA,NA,NA,NA,NA,NA,NA,NA,NA,NA,NA,NA,NA,NA,NA,NA,NA,NA,NA,NA,NA,NA,NA,NA,NA,NA,NA,NA,NA,NA,NA,NA,NA,NA,NA,NA,NA,NA,NA,NA,NA,NA,NA,NA,NA,NA,NA,NA,NA,NA,0.609756097560976,NA,NA,NA,NA,0.554449648711944,NA,NA,NA,NA,NA,NA,NA,NA,NA,NA,NA,NA,NA,NA,NA,NA,NA,NA,NA,NA,NA,NA,NA,NA,NA,NA,NA,NA,NA,NA,NA,NA,NA,NA,NA,NA,NA,0.176216882316697,NA,NA,NA,NA,NA,NA,NA,NA,NA,NA,0.254110612855007,NA,0.163720215219062,NA,NA,NA,NA,NA,NA,NA,NA,NA,NA
0.0102272727272727,0.133900756014936,0.461759082217973,"ACTGAGCGTGTGAGGTTTCTGCAGAGATATTTCTACAACAAGGAGGAGGATGTTTACTTTGACAGTGATGTTGGTAAATTCATAGCAAAGACAGAGTTTGGGAGACCTGAGGCTGACAGCTGGAACAGTAATAAGGACATCATAGAGCAGATGAAGGCTCAGGTGGAAACAGTCTGTAAACACAACTATGGTGTAATACACAGT","37d5273961803ae5e1b38e9edf9cf3ce",204,7361,43,"MHCII-0000016-C",NA,NA,NA,NA,NA,NA,NA,NA,NA,NA,NA,NA,NA,NA,NA,NA,NA,NA,NA,NA,NA,NA,NA,NA,NA,NA,NA,NA,NA,NA,NA,NA,NA,NA,NA,NA,NA,NA,NA,NA,0.223880597014925,NA,NA,NA,0.0102272727272727,NA,NA,NA,0.0453283996299722,0.0866141732283465,0.0502915451895044,0.096816976127321,NA,NA,0.0319634703196347,0.0142348754448399,0.285144566301097,0.291139240506329,NA,0.0151362260343088,NA,0.289982425307557,NA,0.210252600297177,0.0238429172510519,NA,0.305343511450382,NA,NA,NA,NA,NA,NA,NA,0.0105162523900574,0.0789473684210526,NA,NA,0.011304347826087,NA,0.186652763295099,NA,NA,NA,NA,NA,NA,NA,NA,NA,NA,NA,0.199811794228356,0.106333973128599,0.118492811105602,0.196412556053812,NA,NA,NA,NA,NA,NA,NA,NA,NA,NA,NA,NA,NA,NA,NA,NA,NA,NA,NA,NA,NA,NA,NA,NA,NA,NA,NA,NA,NA,NA,NA,NA,NA,NA,NA,NA,NA,NA,NA,NA,NA,NA,NA,NA,NA,NA,NA,NA,NA,NA,NA,NA,NA,NA,NA,NA,NA,NA,NA,NA,NA,NA,NA,NA,NA,NA,NA,NA,NA,NA,NA,NA,NA,NA,NA,NA,NA,NA,NA,NA,NA,NA,NA,NA,NA,NA,NA,NA,NA,NA,NA,NA,NA,NA,NA,NA,NA,NA,NA,NA,NA,NA,NA,NA,NA,NA,NA,0.0921501706484642,0.140515222482436,NA,NA,NA,0.195357833655706,NA,NA,NA,NA,0.446384039900249,NA,NA,NA,NA,NA,NA,NA,0.461759082217973,NA,NA,NA,NA,NA,NA,NA,0.264560710760118,NA,0.232911392405063,0.0535405872193437,0.062589928057554,NA,NA,NA,0.0111576011157601,NA,NA,NA,0.0549450549450549,0.0375847196549599,NA,NA,0.0741687979539642,NA,NA,NA,NA,NA,NA,NA,0.0440956651718984,0.0278372591006424,NA,NA,NA,NA,NA,NA,NA,NA,NA,NA,NA
0.0101242521859181,0.181302328857338,0.312038404726736,"ACTGAGCATGTGAGGCTTCTGGACAGATGGTTCTACAACAAGGAGGAGTTTGTTTACTTTGACAGTGATGTCGGTAAATTCATAGCGAAGACAGAGTTTGGGAGACCTGATGCTGACTACTGGAACAGTGATAAGGACTTCATAGAGCAGAGAAAGGCTGCGGTGGAAACATTCTGTAAACACAACTATGGTATATGGGAGACA","5a885f11783d1f2a4b185c8f4a813d91",204,7356,14,"MHCII-0000017-C",NA,NA,NA,NA,NA,NA,NA,NA,NA,NA,NA,NA,NA,NA,NA,NA,NA,NA,NA,NA,NA,NA,NA,NA,NA,NA,NA,NA,NA,NA,NA,NA,NA,NA,NA,NA,NA,NA,NA,NA,NA,NA,NA,NA,NA,NA,NA,NA,NA,NA,NA,NA,NA,NA,NA,NA,NA,NA,NA,NA,NA,NA,NA,NA,NA,NA,NA,NA,NA,NA,NA,NA,NA,NA,NA,NA,NA,NA,NA,NA,NA,NA,NA,NA,NA,NA,NA,NA,NA,NA,NA,NA,NA,NA,NA,NA,NA,NA,NA,NA,NA,NA,0.011015911872705,0.0211267605633803,NA,NA,0.235539488320356,NA,NA,0.271112946520752,0.168687685260038,NA,NA,NA,NA,NA,NA,NA,NA,NA,NA,NA,NA,NA,NA,NA,NA,NA,NA,NA,NA,NA,NA,NA,NA,NA,NA,NA,NA,NA,NA,NA,0.28169014084507,NA,NA,NA,NA,NA,NA,NA,NA,NA,NA,NA,NA,NA,NA,NA,NA,NA,NA,0.0488815244407622,NA,NA,NA,NA,0.270413573700954,0.284307875894988,NA,0.230169050715215,NA,NA,NA,NA,NA,NA,NA,NA,NA,NA,0.211822660098522,NA,NA,0.0101242521859181,NA,NA,NA,0.312038404726736,NA,NA,NA,NA,NA,NA,NA,NA,NA,NA,NA,NA,NA,NA,NA,NA,NA,NA,NA,NA,NA,NA,NA,NA,NA,NA,NA,NA,NA,NA,NA,NA,NA,NA,NA,NA,NA,NA,NA,NA,NA,NA,NA,NA,NA,NA,NA,NA,NA,NA,NA,NA,NA,NA,NA,NA,NA,NA,NA,NA,NA,NA,NA,NA,NA,NA,NA,NA,NA,NA,NA,NA,NA,NA,NA,NA,NA,NA
0.0101078167115903,0.202176224489137,0.532814778804084,"ACTGACCATGTTAGATATCTGGAGAGATATTTCTACAACAAGGAGGAGTTTGTTTACTTTGACAGTGATGTTGGTAAATTCATAGCAAAGACAGAGTTTGGGAGACCTGATGCTGACTACTGGAACAGTAATAAGGACATCATAGAGAGGAAAAAGGCTGCGGTGGAAACATACTGTAAATACAACTATGGTATATGGGAGACA","c074a25b72fc404f6ad41ae79c404820",204,5988,14,"MHCII-0000018-C",NA,NA,NA,NA,NA,NA,NA,NA,NA,NA,NA,NA,NA,NA,NA,NA,NA,NA,NA,NA,NA,NA,NA,NA,NA,NA,NA,NA,NA,NA,NA,NA,NA,NA,NA,NA,NA,NA,NA,NA,NA,NA,NA,NA,NA,NA,NA,NA,NA,NA,NA,NA,NA,NA,NA,NA,NA,NA,NA,NA,NA,NA,NA,NA,NA,NA,NA,NA,NA,NA,NA,NA,NA,0.119330076762038,NA,NA,0.130410342889264,0.0101078167115903,NA,0.0105170902716915,NA,NA,NA,NA,NA,NA,NA,0.152635181382615,NA,NA,NA,NA,NA,NA,NA,NA,NA,NA,NA,NA,NA,NA,NA,NA,NA,NA,NA,NA,NA,NA,NA,NA,NA,NA,NA,NA,NA,NA,NA,NA,NA,0.379591836734694,0.358252427184466,NA,NA,NA,NA,NA,NA,NA,NA,NA,NA,NA,NA,NA,NA,NA,NA,NA,NA,NA,NA,NA,NA,NA,NA,NA,NA,NA,NA,NA,NA,NA,NA,NA,NA,0.0848822800495663,NA,0.113207547169811,NA,NA,NA,NA,NA,0.417310664605873,NA,NA,NA,NA,0.142138364779874,NA,NA,NA,NA,NA,NA,NA,NA,NA,NA,NA,NA,NA,NA,NA,NA,NA,NA,NA,NA,0.532814778804084,NA,NA,NA,NA,NA,NA,NA,NA,NA,NA,NA,NA,NA,NA,NA,NA,NA,NA,NA,NA,NA,NA,NA,NA,NA,NA,NA,NA,NA,NA,NA,NA,NA,NA,NA,NA,NA,NA,NA,NA,NA,NA,NA,NA,NA,NA,NA,NA,NA,NA,NA,NA,NA,NA,NA,NA,NA,NA,NA,NA,NA,NA,NA,NA,0.177092511013216,NA,NA,NA,NA,NA,NA,NA,NA,NA
0.011686143572621,0.20764532624518,0.504018369690011,"ACTGAGCATGTAAGGTACCTGGACAGATATTTCTACAACAAGGAGGAGTTTGTTTACTTTGACAGTGATGTTGGTAAATACATAGCAAAGACAGAGTTTGGGAGACCTAGTGCTGACTACTGGAACAGTAATAAGGACATCATAGAGGATCAAAAGGCTTCGGTGGAAACATACTGTAAACACAACTATGATGTATTCCACAGT","c412e22b03cd573f911afcab735a5b1c",204,5246,16,"MHCII-0000019-C",NA,NA,NA,NA,NA,NA,NA,NA,NA,NA,NA,NA,NA,NA,NA,NA,NA,NA,NA,NA,NA,NA,NA,NA,NA,NA,NA,NA,NA,NA,NA,NA,NA,NA,NA,NA,NA,NA,NA,NA,NA,NA,NA,NA,NA,NA,NA,NA,NA,NA,NA,NA,NA,NA,NA,NA,NA,NA,NA,NA,NA,NA,NA,NA,NA,NA,NA,NA,NA,NA,NA,NA,NA,NA,NA,NA,NA,NA,NA,NA,NA,NA,NA,NA,NA,NA,NA,NA,NA,NA,NA,0.31848284166165,NA,NA,NA,NA,NA,NA,NA,NA,NA,NA,0.0789473684210526,NA,NA,NA,NA,0.338413846551279,NA,NA,NA,NA,NA,NA,NA,NA,NA,NA,NA,NA,NA,NA,NA,NA,NA,NA,NA,NA,NA,NA,NA,NA,NA,NA,NA,NA,NA,NA,NA,NA,NA,NA,0.281419284940412,NA,NA,NA,NA,NA,NA,NA,NA,NA,0.361417780360256,0.194426441996111,NA,NA,NA,NA,NA,NA,NA,0.0173985086992543,NA,0.217423133235725,NA,NA,NA,NA,NA,NA,NA,NA,0.303807303807304,0.011686143572621,NA,0.504018369690011,NA,NA,NA,NA,NA,NA,0.0130434782608696,0.0589047399907961,NA,NA,NA,NA,NA,NA,NA,NA,NA,NA,NA,NA,NA,NA,NA,NA,NA,NA,NA,NA,NA,NA,NA,NA,NA,NA,NA,NA,NA,NA,NA,NA,NA,NA,NA,NA,NA,NA,NA,NA,NA,NA,NA,NA,NA,NA,NA,NA,NA,NA,NA,NA,NA,NA,NA,NA,NA,NA,NA,NA,NA,NA,NA,NA,NA,NA,NA,NA,NA,NA,NA,NA,NA,NA,NA,NA,NA,NA,NA,NA,NA,NA
0.273857257417803,0.584766093650346,0.916548797736917,"ACTGAGCATGTGAGGCTTCTGGACAGATGGTTCTACAACAAGGAGGAGTTTGTTTACTTTGACAGTGATGTCGGTAAATTCATAGCGAAGACAGAGTTTGGGAGACCTGATGCTGACTACTGGAACAGTGATAAGGACTTCATAGAGCAGAGAAAGGCTGCGGTGGAAACATTCTGTAAACACAACTATGGTATATTGGAGACA","f7247921db8dfb8003fef2df4a7535c4",204,4917,4,"MHCII-0000020-C",NA,NA,NA,NA,NA,NA,NA,NA,NA,NA,NA,NA,NA,NA,NA,NA,NA,NA,NA,NA,NA,NA,NA,NA,NA,NA,NA,NA,NA,NA,NA,NA,NA,NA,NA,NA,NA,NA,NA,NA,NA,NA,NA,NA,NA,NA,NA,NA,NA,NA,NA,NA,NA,NA,NA,NA,NA,NA,NA,NA,NA,NA,NA,NA,NA,NA,NA,NA,NA,NA,NA,NA,NA,NA,NA,NA,NA,NA,NA,NA,NA,NA,NA,NA,NA,NA,NA,NA,NA,NA,NA,NA,NA,NA,NA,NA,NA,NA,NA,NA,NA,NA,NA,NA,NA,NA,NA,NA,NA,NA,NA,NA,NA,NA,NA,NA,NA,NA,NA,NA,NA,NA,NA,NA,NA,NA,NA,NA,NA,NA,NA,NA,NA,NA,NA,NA,NA,NA,NA,NA,NA,NA,NA,NA,NA,NA,NA,NA,NA,NA,NA,NA,NA,NA,NA,NA,NA,NA,NA,NA,NA,NA,NA,NA,NA,NA,NA,NA,NA,NA,NA,NA,NA,NA,NA,NA,NA,NA,NA,NA,NA,NA,NA,NA,NA,NA,NA,NA,NA,NA,NA,NA,NA,0.54330985915493,0.916548797736917,0.273857257417803,NA,0.605348460291734,NA,NA,NA,NA,NA,NA,NA,NA,NA,NA,NA,NA,NA,NA,NA,NA,NA,NA,NA,NA,NA,NA,NA,NA,NA,NA,NA,NA,NA,NA,NA,NA,NA,NA,NA,NA,NA,NA,NA,NA,NA,NA,NA,NA,NA,NA,NA,NA,NA,NA,NA,NA,NA,NA,NA,NA,NA,NA,NA,NA,NA,NA,NA,NA,NA,NA,NA,NA
0.0164581961816985,0.18366217682329,0.37037037037037,"ACTGAGCATGTGAGGTACCTGGAGAGATGGTTCTACAACAAGGAGGAGTTTGTTTACTTTGACAGTGATGTTGGTAAATTCATAGCGAAGACAGAGTTTGGGAGACCTGATGCTGACTACTGGAACAGTAATAAGGACATCATAGAGCAGAAAAAGGCTGAGGTGGAAACAGTCTGTAAACACAACTATGATGGAATACACAGT","32832e85bf8a8fd7c9306df9c08cbdb4",204,4505,17,"MHCII-0000021-C",NA,NA,NA,NA,NA,NA,NA,NA,NA,NA,NA,NA,NA,NA,NA,NA,NA,NA,NA,NA,NA,NA,NA,NA,NA,NA,NA,NA,NA,NA,NA,NA,NA,NA,NA,NA,NA,NA,NA,NA,NA,NA,NA,NA,NA,NA,NA,NA,NA,NA,NA,NA,NA,NA,NA,NA,NA,NA,NA,NA,NA,NA,NA,NA,NA,NA,NA,NA,NA,NA,NA,NA,NA,NA,NA,NA,NA,NA,NA,NA,NA,NA,NA,NA,NA,NA,NA,NA,NA,NA,NA,0.155328115593016,NA,NA,NA,NA,NA,NA,NA,NA,NA,NA,NA,NA,NA,NA,NA,0.119349005424955,0.0929962894248609,NA,NA,NA,NA,0.246897732135216,NA,NA,NA,NA,NA,NA,NA,NA,NA,NA,NA,NA,NA,NA,NA,NA,NA,NA,NA,NA,NA,NA,NA,NA,0.187043795620438,NA,0.239018087855297,NA,NA,NA,NA,0.0164581961816985,NA,NA,NA,NA,NA,NA,NA,NA,NA,0.193017127799736,NA,NA,NA,NA,0.37037037037037,NA,NA,NA,NA,NA,NA,NA,0.275538894095595,NA,NA,NA,0.146076146076146,NA,NA,NA,NA,NA,NA,NA,NA,NA,NA,NA,0.161852361302155,NA,NA,NA,NA,NA,NA,NA,NA,NA,NA,NA,NA,NA,NA,NA,NA,NA,NA,NA,NA,NA,NA,NA,NA,NA,NA,NA,NA,NA,NA,NA,NA,NA,NA,NA,NA,NA,NA,NA,NA,NA,NA,NA,NA,NA,NA,NA,NA,NA,NA,NA,NA,NA,NA,NA,NA,NA,NA,NA,NA,NA,NA,NA,NA,NA,NA,NA,NA,NA,NA,NA,NA,NA,NA,NA,NA,NA,NA,NA,NA,NA
0.210182473530074,0.342479924347133,0.483085250338295,"ACTGAGCGTGTGAGGCTTCTGCAGAGATATTTCTACAACAAGGAGGAGATTGTTTACTTTGACAGTGATGTTGGTAAATTCATAGCAAAGACAGAGCTTGGGAGACCTGATGCTGACAGCTGGAACAGTAATAAGGACTTCATAGAGCAGATGAAGGCTGCGGTGGAAACATTCTGTAAACACAACTATGGTATATTACACAGT","41b798bf9834a22e7b5beb8da5d3725e",204,4249,5,"MHCII-0000022-C",NA,NA,NA,NA,NA,NA,NA,NA,NA,NA,NA,NA,NA,NA,NA,NA,NA,NA,NA,NA,NA,NA,NA,NA,NA,NA,NA,NA,NA,NA,NA,NA,NA,NA,NA,NA,NA,NA,NA,NA,NA,NA,NA,NA,NA,NA,NA,NA,NA,NA,NA,NA,NA,NA,NA,NA,NA,NA,NA,NA,NA,NA,NA,NA,NA,NA,NA,NA,NA,NA,NA,NA,NA,NA,NA,NA,NA,NA,NA,NA,NA,NA,NA,NA,NA,NA,NA,NA,NA,NA,NA,NA,NA,NA,NA,NA,NA,NA,NA,NA,NA,NA,NA,NA,NA,NA,NA,NA,NA,NA,NA,NA,NA,NA,NA,NA,NA,NA,NA,NA,NA,NA,0.244174757281553,0.483085250338295,0.210182473530074,NA,NA,NA,NA,NA,NA,NA,NA,NA,NA,NA,NA,NA,NA,NA,NA,NA,NA,NA,NA,NA,NA,NA,NA,NA,NA,NA,NA,NA,NA,NA,NA,NA,NA,NA,NA,0.432477216238608,NA,NA,NA,NA,NA,NA,NA,NA,NA,NA,NA,NA,NA,NA,NA,NA,NA,NA,NA,NA,NA,NA,NA,NA,NA,NA,NA,NA,NA,NA,NA,NA,NA,NA,NA,NA,NA,NA,NA,NA,NA,NA,NA,NA,NA,NA,NA,NA,NA,NA,NA,NA,NA,NA,NA,NA,NA,NA,NA,NA,NA,NA,NA,NA,NA,NA,NA,NA,NA,NA,NA,NA,NA,NA,NA,NA,NA,NA,NA,NA,NA,NA,NA,NA,NA,NA,NA,NA,NA,NA,NA,NA,NA,NA,NA,NA,NA,NA,NA,NA,NA,NA,NA,NA
0.0131195335276968,0.121345411186475,0.295864262990456,"ACTGAGCGTGTGAGGTACCTGGACAGATATTTCTACAACGAGGAGGAGTTTGTTTACTTTGACAGTGATGTTGGTAAATTCATAGCGAAAACAGAGCTTGGGAGACCTAGTGCTGACTACTGGAACAGTAATAAGGACATCATAGAGCAGAGAAAGGCTGAGGTGGAAACATACTGTAAACACAACTATGATGTATTATACAGT","7fa7d6220dd19dcd8c4333fa4b7be4b3",204,3907,17,"MHCII-0000023-C",NA,NA,NA,NA,NA,NA,NA,NA,NA,NA,NA,NA,NA,NA,NA,NA,NA,NA,NA,NA,NA,NA,NA,NA,NA,NA,NA,NA,NA,NA,NA,NA,NA,NA,NA,NA,NA,NA,NA,NA,NA,NA,NA,NA,NA,NA,NA,NA,NA,NA,NA,NA,NA,NA,NA,NA,NA,NA,NA,NA,NA,NA,NA,NA,NA,NA,NA,NA,NA,NA,NA,NA,NA,NA,NA,NA,NA,NA,NA,NA,NA,NA,NA,NA,NA,NA,NA,NA,NA,NA,NA,NA,NA,NA,NA,NA,NA,NA,0.148942786069652,NA,NA,NA,NA,NA,NA,NA,NA,NA,NA,NA,0.0916195095661547,NA,NA,NA,NA,NA,NA,NA,NA,NA,NA,NA,NA,NA,NA,NA,NA,NA,NA,NA,NA,NA,NA,NA,NA,NA,NA,NA,NA,0.0157629255989912,NA,0.0961780764384712,NA,0.141222879684418,NA,NA,NA,NA,NA,NA,0.0131195335276968,0.178443113772455,NA,NA,0.116216216216216,NA,0.157232704402516,0.181536555142503,NA,NA,NA,NA,0.177687809266757,NA,0.0186219739292365,NA,0.295864262990456,NA,NA,NA,0.105660377358491,NA,NA,NA,NA,NA,NA,NA,NA,NA,NA,NA,NA,NA,0.0820724438331041,NA,NA,NA,NA,NA,NA,NA,NA,NA,NA,NA,NA,NA,NA,NA,NA,NA,NA,NA,NA,NA,NA,NA,NA,NA,NA,NA,NA,NA,NA,NA,NA,NA,NA,NA,NA,NA,NA,NA,NA,NA,NA,NA,NA,NA,NA,NA,NA,NA,NA,NA,NA,NA,NA,NA,NA,NA,NA,NA,NA,NA,NA,NA,NA,NA,NA,NA,NA,NA,NA,NA,NA,NA,NA,NA,NA,NA,NA,NA,NA,NA
0.0512129380053908,0.138153842685307,0.265858208955224,"ACTGAGCGTGTGAGGTTTCTGGACAGATATTTCTACAACAAGGAGGAGTTTGTTTACTTTGACAGTGATGTCGGTAAATTCATAGCAAAGACAGAGTTTGGGAGACCTAGTGCTGACTACTGGAACAGTAATAAGGACATCATAGAGAGGAAAAAGGCTGCGGTGGAAACATACTGTAAACACAACTATGGTATATGGGAGACA","af1e2bc5e47021651003df6a93fbfbbb",204,3588,12,"MHCII-0000024-C",NA,NA,NA,NA,NA,NA,NA,NA,NA,NA,NA,NA,NA,NA,NA,NA,NA,NA,NA,NA,NA,NA,NA,NA,NA,NA,NA,NA,NA,NA,NA,NA,NA,NA,NA,NA,NA,NA,NA,NA,NA,NA,NA,NA,NA,NA,NA,NA,NA,NA,NA,NA,NA,NA,NA,NA,NA,NA,NA,NA,NA,NA,NA,NA,NA,NA,NA,NA,NA,NA,NA,NA,NA,NA,NA,NA,NA,NA,NA,NA,NA,NA,NA,NA,NA,NA,NA,NA,NA,NA,NA,NA,NA,NA,NA,NA,NA,NA,0.265858208955224,NA,NA,NA,NA,NA,NA,NA,NA,NA,NA,NA,0.0805712745890595,NA,NA,NA,NA,NA,NA,NA,NA,NA,NA,NA,NA,NA,NA,NA,NA,NA,NA,NA,NA,NA,NA,NA,NA,NA,NA,NA,NA,NA,NA,0.19277614447711,NA,0.149901380670611,NA,NA,NA,NA,NA,NA,NA,0.123353293413174,NA,NA,0.072972972972973,NA,0.0512129380053908,NA,NA,NA,NA,NA,0.101214574898785,NA,NA,NA,0.107458465889007,NA,NA,NA,0.117610062893082,NA,NA,NA,NA,NA,NA,NA,NA,NA,NA,NA,NA,NA,0.256762952773957,NA,NA,NA,NA,NA,NA,NA,NA,NA,NA,NA,NA,NA,NA,NA,NA,NA,NA,NA,NA,NA,NA,NA,NA,NA,NA,NA,NA,NA,NA,NA,NA,NA,NA,NA,NA,NA,NA,NA,NA,NA,NA,NA,NA,NA,NA,NA,NA,NA,NA,NA,NA,NA,NA,NA,NA,NA,NA,NA,NA,NA,NA,NA,NA,NA,NA,NA,NA,NA,NA,NA,NA,NA,NA,NA,NA,NA,NA,NA,NA,NA
0.120627802690583,0.228863561134253,0.420200095283468,"ACTGAGCGTGTGAGGCTTCTGGAGAGATGGTTCTACAACAAGGAGGAGACTGTTTACTTTGACAGGGATGTTGGTAAATACATAGCGAAGACAGAGCTTTGGAGACCTGATGCTGACTACTGGAACAGTAATAAGGACCTCATAGAGCAGAGAAAGGCTCAGGTGGAAACATTCTGTAAAAACAACTATGATATAATACACAGT","a229cda0d5f325064f650b2386b637e2",204,3539,5,"MHCII-0000025-C",NA,NA,NA,NA,NA,NA,NA,NA,NA,NA,NA,NA,NA,NA,NA,NA,NA,NA,NA,NA,NA,NA,NA,NA,NA,NA,NA,NA,NA,NA,NA,NA,NA,NA,NA,NA,NA,NA,NA,NA,NA,NA,NA,NA,NA,NA,NA,NA,NA,NA,NA,NA,NA,NA,NA,NA,NA,NA,NA,NA,NA,NA,NA,NA,NA,NA,NA,NA,NA,NA,NA,NA,NA,NA,NA,NA,NA,NA,NA,NA,NA,NA,NA,NA,NA,NA,NA,NA,NA,NA,NA,NA,NA,NA,0.19533961328706,0.120627802690583,NA,NA,NA,NA,NA,NA,NA,NA,NA,NA,NA,NA,NA,NA,NA,NA,NA,NA,NA,NA,NA,NA,NA,NA,NA,NA,NA,NA,NA,NA,NA,0.212558705861889,0.195591588548265,NA,0.420200095283468,NA,NA,NA,NA,NA,NA,NA,NA,NA,NA,NA,NA,NA,NA,NA,NA,NA,NA,NA,NA,NA,NA,NA,NA,NA,NA,NA,NA,NA,NA,NA,NA,NA,NA,NA,NA,NA,NA,NA,NA,NA,NA,NA,NA,NA,NA,NA,NA,NA,NA,NA,NA,NA,NA,NA,NA,NA,NA,NA,NA,NA,NA,NA,NA,NA,NA,NA,NA,NA,NA,NA,NA,NA,NA,NA,NA,NA,NA,NA,NA,NA,NA,NA,NA,NA,NA,NA,NA,NA,NA,NA,NA,NA,NA,NA,NA,NA,NA,NA,NA,NA,NA,NA,NA,NA,NA,NA,NA,NA,NA,NA,NA,NA,NA,NA,NA,NA,NA,NA,NA,NA,NA,NA,NA,NA,NA,NA,NA,NA,NA,NA,NA,NA,NA,NA
0.0107858243451464,0.145226758779028,0.428184281842818,"ACTGACCATGTTAGATATCTGGAGAGATGGTTCTACAACAAGGAGGAGTTTGTTTACTTTGACAGTGATGTTGGTAAATTCATAGCAAAGACAGAGTTTGGGAGACCTGATGCTGACTACTGGAACAGTAATAAGGACATCATAGAGAGGAAAAAGGCTGAGGTGGAAACAGTCTGTAAAAACAACTATGGTATATGGGAGACA","de8e641876fefe4ee9657fecb62aee2b",204,3469,24,"MHCII-0000026-C",0.428184281842818,NA,NA,NA,NA,NA,NA,NA,NA,NA,NA,NA,NA,0.0114025085518814,0.0232333010648596,0.320069204152249,NA,0.195079086115993,NA,0.0107858243451464,0.0210526315789474,0.401533018867925,0.336146272855134,0.257336343115124,0.0383693045563549,0.0126146788990826,NA,0.0146341463414634,0.0309139784946237,0.182096873083998,0.0196463654223969,NA,0.165745856353591,NA,NA,0.145598194130926,0.0305466237942122,NA,NA,NA,NA,NA,0.021558872305141,NA,NA,NA,NA,NA,NA,NA,NA,NA,NA,NA,NA,NA,NA,NA,NA,NA,NA,NA,NA,NA,NA,NA,NA,NA,NA,NA,NA,NA,NA,NA,NA,NA,NA,NA,NA,NA,NA,NA,NA,NA,NA,NA,NA,NA,NA,NA,NA,NA,NA,NA,NA,NA,NA,NA,NA,NA,NA,NA,NA,NA,NA,NA,NA,NA,NA,NA,NA,NA,NA,NA,NA,NA,NA,NA,NA,NA,NA,NA,NA,NA,NA,NA,NA,NA,NA,NA,NA,NA,NA,NA,NA,NA,NA,NA,NA,NA,NA,NA,NA,NA,NA,NA,NA,NA,NA,NA,NA,NA,NA,NA,NA,NA,NA,NA,NA,NA,NA,NA,NA,NA,NA,NA,NA,NA,NA,NA,NA,NA,NA,NA,NA,NA,NA,NA,NA,NA,NA,NA,NA,NA,NA,NA,NA,NA,0.383214568487728,NA,NA,NA,NA,NA,NA,NA,NA,NA,NA,NA,NA,NA,NA,NA,NA,NA,NA,NA,NA,NA,NA,NA,NA,NA,NA,NA,NA,NA,NA,NA,NA,NA,NA,NA,NA,NA,NA,NA,NA,NA,NA,NA,NA,NA,NA,NA,NA,NA,NA,NA,NA,NA,NA,NA,NA,NA,NA,NA,NA,NA,NA,NA,NA,NA,NA,NA,NA,NA,NA,NA,NA,NA,NA,NA,NA,NA
0.0112233445566779,0.285037346447037,0.540966921119593,"ACTGAGCGTGTGAGGTTTCTGCAGAGATATTTCTACAACAAGGAGGAGGATGTTTACTTTGACAGTGATGTTGGTAAATTCATAGCAAAGACAGAGTTTGGGAGACCTGAGGCTGACAGCTGGAACAGTAATAAGGACATCATAGAGCAGATGAAGGCTCAGGTGGAAACATTCTGTAAACACAACTATGGTGTAATACACAGT","4afdd1ae5421411fe89fcac7a718ffeb",204,3377,9,"MHCII-0000027-C",NA,NA,NA,NA,NA,NA,NA,NA,NA,NA,NA,NA,NA,NA,NA,NA,NA,NA,NA,NA,NA,NA,NA,NA,NA,NA,NA,NA,NA,NA,NA,NA,NA,NA,NA,NA,NA,NA,NA,NA,NA,NA,NA,NA,NA,NA,NA,NA,NA,NA,NA,NA,NA,NA,NA,NA,NA,NA,NA,0.012108980827447,0.447598253275109,NA,NA,NA,NA,NA,NA,0.0112233445566779,NA,NA,NA,0.159468438538206,NA,NA,NA,NA,NA,NA,NA,NA,NA,NA,0.502316960148285,0.0243531202435312,NA,NA,NA,NA,0.428451178451178,NA,NA,NA,NA,NA,NA,NA,NA,NA,NA,NA,NA,NA,NA,NA,NA,NA,NA,NA,NA,NA,NA,NA,NA,NA,NA,NA,NA,NA,NA,NA,NA,NA,NA,NA,NA,NA,NA,NA,NA,NA,NA,NA,NA,NA,NA,NA,NA,NA,NA,NA,NA,NA,NA,NA,NA,NA,NA,NA,NA,NA,NA,NA,NA,NA,NA,NA,NA,NA,NA,NA,NA,NA,NA,NA,NA,NA,NA,NA,NA,NA,NA,NA,NA,NA,NA,NA,NA,NA,NA,NA,NA,NA,NA,NA,NA,NA,NA,NA,NA,NA,NA,NA,NA,NA,NA,NA,NA,NA,NA,NA,NA,NA,NA,NA,NA,NA,NA,NA,NA,NA,NA,NA,NA,NA,NA,NA,NA,NA,NA,NA,0.540966921119593,NA,NA,NA,0.438848920863309,NA,NA,NA,NA,NA,NA,NA,NA,NA,NA,NA,NA,NA,NA,NA,NA,NA,NA,NA,NA,NA,NA,NA,NA,NA,NA,NA,NA,NA,NA,NA,NA,NA,NA,NA,NA,NA,NA,NA,NA,NA
0.010230179028133,0.127690430529268,0.347980997624703,"ACTGAGCGTGTGAGGTATCTGGAGAGATGGTTCTACAACAAGGAGGAGGTTGTTTACTTTGACAGTGATGTTGGTAAATACATAGCGAAGACAGAGTTTGGGAGACCTGATGCTGACTACTGGAACAGTGATAAGGACCTCATAGAGGATCAAAAGTCTTCGGTGGAAACATTCTGTAAATACAACTATGATGTAATACACAGT","44312df4cfddd238fe5c6c05031e2cf4",204,2740,22,"MHCII-0000028-C",0.287262872628726,0.010230179028133,NA,NA,NA,NA,NA,0.0110497237569061,0.0747663551401869,0.012396694214876,NA,NA,NA,NA,0.010648596321394,0.342560553633218,0.0168134507606085,0.137082601054482,NA,NA,NA,0.344339622641509,0.345991561181435,0.181715575620767,0.179856115107914,NA,NA,0.0109756097560976,0.0228494623655914,NA,0.0196463654223969,NA,0.0740331491712707,NA,NA,0.102708803611738,0.0209003215434084,NA,NA,NA,NA,NA,NA,NA,NA,NA,NA,NA,NA,NA,NA,NA,NA,NA,NA,NA,NA,NA,NA,NA,NA,NA,NA,NA,NA,NA,NA,NA,NA,NA,NA,NA,NA,NA,NA,NA,NA,NA,NA,NA,NA,NA,NA,NA,NA,NA,NA,NA,NA,NA,NA,NA,NA,NA,NA,NA,NA,NA,NA,NA,NA,NA,NA,NA,NA,NA,NA,NA,NA,NA,NA,NA,NA,NA,NA,NA,NA,NA,NA,NA,NA,NA,NA,NA,NA,NA,NA,NA,NA,NA,NA,NA,NA,NA,NA,NA,NA,NA,NA,NA,NA,NA,NA,NA,NA,NA,NA,NA,NA,NA,NA,NA,NA,NA,NA,NA,NA,NA,NA,NA,NA,NA,NA,NA,NA,NA,NA,NA,NA,NA,NA,NA,NA,NA,NA,NA,NA,NA,NA,NA,NA,NA,NA,NA,NA,NA,NA,NA,0.347980997624703,NA,NA,NA,NA,NA,NA,NA,NA,NA,NA,NA,NA,NA,NA,NA,NA,NA,NA,NA,NA,NA,NA,NA,NA,NA,NA,NA,NA,NA,NA,NA,NA,NA,NA,NA,NA,NA,NA,NA,NA,NA,NA,NA,NA,NA,NA,NA,NA,NA,NA,NA,NA,NA,NA,NA,NA,NA,NA,NA,NA,NA,NA,NA,NA,NA,NA,NA,NA,NA,NA,NA,NA,NA,NA,NA,NA,NA
0.0138674884437596,0.132210787586267,0.232089552238806,"ACTGAGCGTGTGAGGTTTCTGCAGAGATATTTCTACAACAAGGAGGAGGATGTTTACTTTGACAGTGATGTCGGTAAATTCATAGCAAAGACAGAGAATGGGAGACCTGATGCTGACAGCTGGAACAGTAATAAGGACTTCATAGAGCAGATGAAGGCTGCGGTGGAAACATTTTGTAAACACAACTACGATATAATACACAGT","01738bb7b6bce24b67539ee5e8c87646",204,2489,11,"MHCII-0000029-C",NA,NA,NA,NA,NA,NA,NA,NA,NA,NA,NA,0.110260336906585,0.0880195599022005,NA,NA,NA,NA,NA,NA,0.0138674884437596,0.128421052631579,NA,NA,NA,NA,NA,NA,NA,NA,NA,0.108055009823183,NA,NA,NA,NA,NA,NA,NA,NA,NA,NA,NA,NA,NA,NA,NA,NA,NA,NA,NA,NA,NA,NA,NA,NA,NA,NA,NA,NA,NA,NA,NA,NA,NA,NA,NA,NA,NA,NA,NA,NA,NA,NA,NA,NA,NA,NA,NA,NA,NA,NA,NA,NA,NA,NA,NA,NA,NA,NA,NA,NA,NA,NA,NA,NA,NA,NA,NA,NA,NA,NA,NA,NA,NA,NA,NA,NA,NA,NA,NA,NA,NA,NA,NA,NA,NA,NA,NA,0.174653215636822,NA,NA,NA,NA,NA,NA,NA,NA,NA,NA,NA,NA,NA,NA,NA,NA,NA,NA,NA,0.140967153284672,NA,NA,NA,NA,NA,NA,NA,NA,NA,NA,NA,NA,NA,NA,NA,NA,NA,0.096136567834681,NA,NA,NA,NA,NA,NA,NA,NA,NA,NA,NA,NA,NA,NA,NA,NA,NA,NA,NA,NA,NA,NA,NA,NA,NA,NA,NA,NA,NA,0.191060473269062,NA,NA,NA,NA,NA,NA,NA,NA,NA,NA,NA,NA,NA,NA,NA,0.170788253477589,NA,NA,0.232089552238806,NA,NA,NA,NA,NA,NA,NA,NA,NA,NA,NA,NA,NA,NA,NA,NA,NA,NA,NA,NA,NA,NA,NA,NA,NA,NA,NA,NA,NA,NA,NA,NA,NA,NA,NA,NA,NA,NA,NA,NA,NA,NA,NA,NA,NA,NA,NA,NA,NA,NA,NA,NA,NA,NA,NA,NA,NA,NA,NA,NA
0.0124275062137531,0.0815722761502777,0.219865676917639,"ACTGAGCGTGTGAGGTATCTGGAGAGATGGTTCTACAACAAGGAGGAGGTTGTTTACTTTGACAGTGATGTTGGTAAATACATAGCGAAGACAGAGCTTTGGAGACCTGATGCTGACTACTGGAACAGTAATAAGGACCTCATAGAGGATCAAAAGTCTTCGGTGGAAACATTCTGTAAATACAACTATGATGTAATACACAGT","e8c89420ea6f06415a74a84538f60870",204,2310,11,"MHCII-0000030-C",NA,NA,NA,NA,NA,NA,NA,NA,NA,NA,NA,NA,NA,NA,NA,NA,NA,NA,NA,NA,NA,NA,NA,NA,NA,NA,NA,NA,NA,NA,NA,NA,NA,NA,NA,NA,NA,NA,NA,NA,NA,NA,NA,NA,NA,NA,NA,NA,NA,NA,NA,NA,NA,NA,NA,NA,NA,NA,NA,NA,NA,NA,NA,NA,NA,NA,NA,NA,NA,NA,NA,NA,NA,NA,NA,NA,NA,NA,NA,NA,NA,NA,NA,NA,NA,NA,NA,NA,NA,NA,NA,NA,NA,NA,NA,NA,NA,NA,NA,NA,NA,NA,NA,NA,NA,NA,0.0291991101223582,NA,NA,0.0400578154036754,0.0264079762867152,NA,NA,NA,NA,NA,NA,NA,NA,NA,NA,NA,NA,NA,NA,NA,NA,NA,NA,NA,NA,NA,NA,NA,NA,NA,NA,NA,NA,NA,NA,NA,0.0514626218851571,NA,NA,NA,NA,NA,NA,NA,NA,NA,NA,NA,NA,NA,NA,NA,NA,NA,NA,0.0124275062137531,NA,NA,NA,NA,0.219865676917639,0.112171837708831,NA,0.110533159947984,NA,NA,NA,NA,NA,NA,NA,NA,NA,NA,0.101337086558761,NA,NA,NA,NA,NA,NA,0.112259970457903,NA,NA,NA,NA,NA,NA,NA,NA,NA,NA,NA,NA,NA,NA,NA,NA,NA,NA,NA,NA,NA,NA,NA,NA,NA,NA,NA,NA,NA,NA,NA,NA,NA,NA,NA,NA,NA,NA,NA,NA,NA,NA,NA,NA,NA,NA,NA,NA,NA,NA,NA,NA,NA,NA,NA,NA,NA,NA,NA,NA,NA,NA,NA,NA,NA,NA,NA,NA,NA,NA,NA,NA,NA,NA,NA,NA,NA,NA
0.139885222381636,0.304041249401864,0.450532724505327,"ACTGAGCGTGTGAGGCTTCTGCAGAGATATTTCTACAACAAGGAGGAGGATGTTTACTTTGACAGTGATGTCGGTAAATTCATAGCAAAGACAGAGTTTGGGAGACCTGAGGCTGACAGCTGGAACAGTAATAAGGACATCATAGAGCAGATGAAGGCTCAGGTGGAAACAGTCTGTAAACACAACTATGGTGTAATACACAGT","d46a38410a5a5e543a75c05fd49f62e3",204,2091,6,"MHCII-0000031-C",NA,NA,NA,NA,NA,NA,NA,NA,NA,NA,NA,NA,NA,NA,NA,NA,NA,NA,NA,NA,NA,NA,NA,NA,NA,NA,NA,NA,NA,NA,NA,NA,NA,NA,NA,NA,NA,NA,NA,NA,NA,NA,NA,NA,NA,NA,NA,NA,NA,NA,NA,NA,NA,NA,NA,NA,NA,NA,NA,NA,NA,NA,NA,NA,NA,NA,NA,NA,NA,NA,NA,NA,NA,NA,NA,NA,NA,NA,NA,NA,NA,NA,NA,0.450532724505327,NA,NA,0.286033519553073,NA,NA,NA,NA,NA,NA,NA,NA,NA,NA,NA,NA,NA,NA,NA,NA,NA,NA,NA,NA,NA,NA,NA,NA,NA,NA,NA,NA,NA,NA,NA,NA,NA,NA,NA,NA,NA,NA,NA,NA,NA,NA,NA,NA,NA,NA,NA,NA,NA,NA,NA,NA,NA,NA,NA,NA,NA,NA,NA,NA,NA,NA,NA,NA,NA,NA,NA,NA,NA,NA,NA,NA,NA,NA,NA,NA,NA,NA,NA,NA,NA,NA,NA,NA,NA,NA,NA,NA,NA,NA,NA,NA,NA,NA,NA,NA,NA,NA,NA,NA,NA,NA,NA,NA,NA,NA,NA,NA,NA,NA,NA,NA,0.139885222381636,NA,NA,NA,NA,NA,NA,NA,NA,NA,NA,NA,NA,NA,NA,NA,NA,NA,NA,NA,NA,NA,NA,NA,NA,NA,NA,NA,NA,NA,NA,0.345988538681948,NA,NA,NA,0.174216027874564,NA,NA,NA,0.427591463414634,NA,NA,NA,NA,NA,NA,NA,NA,NA,NA,NA,NA,NA,NA,NA,NA,NA,NA,NA,NA,NA,NA,NA,NA,NA,NA,NA
0.0234134319162046,0.105656680410404,0.331816803154383,"ACTGAGCGTGTGAGGCTTCTGCAGAGATATTTCTACAACAAGGAGGAGGATGTTTACTTTGACAGTGATGTCGGTAAATTCATAGCAAAGACAGAGTTTGGGAGACCTGAGGCTGACAGCTGGAACAGTAATAAGGACATCATAGAGCAGATGAAGGCTCAGGTGGAAACATTCTGTAAAATCAACTATGATGTATTCCACAGT","af4b4815d5612fae91dae492366b0818",204,1847,6,"MHCII-0000032-C",NA,NA,NA,NA,NA,NA,NA,NA,NA,NA,NA,NA,NA,NA,NA,NA,NA,NA,NA,NA,NA,NA,NA,NA,NA,NA,NA,NA,NA,NA,NA,NA,NA,NA,NA,NA,NA,NA,NA,NA,NA,0.0624133148404993,NA,NA,NA,NA,NA,NA,NA,NA,NA,NA,NA,NA,NA,NA,NA,NA,NA,NA,NA,NA,NA,NA,NA,NA,NA,NA,NA,NA,NA,NA,NA,NA,NA,NA,NA,NA,NA,NA,NA,NA,NA,NA,NA,NA,NA,NA,NA,NA,NA,NA,NA,NA,NA,NA,NA,NA,NA,NA,NA,NA,NA,NA,NA,0.331816803154383,NA,NA,NA,NA,NA,NA,NA,NA,NA,NA,NA,NA,NA,NA,NA,NA,NA,NA,NA,0.13470757430489,NA,NA,NA,NA,NA,NA,NA,NA,NA,NA,NA,NA,NA,NA,NA,NA,NA,NA,NA,NA,NA,NA,NA,NA,NA,NA,NA,NA,NA,NA,NA,NA,NA,NA,NA,NA,NA,NA,NA,NA,NA,NA,NA,NA,NA,NA,NA,NA,NA,NA,NA,NA,NA,NA,NA,NA,NA,NA,NA,NA,NA,NA,NA,NA,NA,NA,NA,NA,NA,NA,NA,NA,NA,NA,NA,NA,NA,NA,NA,NA,NA,NA,NA,NA,NA,NA,NA,NA,NA,NA,NA,NA,NA,NA,NA,NA,NA,NA,NA,NA,NA,NA,NA,NA,NA,NA,NA,NA,NA,NA,NA,NA,NA,NA,NA,NA,0.0234134319162046,NA,NA,NA,NA,NA,NA,NA,NA,NA,NA,0.0500747384155456,NA,0.0315142198308993,NA,NA,NA,NA,NA,NA,NA,NA,NA,NA
0.011686143572621,0.108446647576544,0.261635220125786,"ACTGAGCGTGTGAGGTTTCTGGAGAGATGGTTCTACAACAAGGAGGAGGTTGTTTACTTTGATAGTGATGTCGGTAAATTCATAGCAAAGACAGAGCTTGGGAGACCTGATGCTGACTACTGGAACAGTAATAAGGACTTCATAGAGCAGAAAAAGGCTGAGGTGGAAACATTCTGTAAAAACAACTATGATGTAATACACAGT","a5fb7d57cf46439b9172fb4b78e7e3aa",204,1831,14,"MHCII-0000033-C",NA,NA,NA,NA,NA,NA,NA,NA,NA,NA,NA,NA,NA,NA,NA,NA,NA,NA,NA,NA,NA,NA,NA,NA,NA,NA,NA,NA,NA,NA,NA,NA,NA,NA,NA,NA,NA,NA,NA,NA,NA,NA,NA,NA,NA,NA,NA,NA,NA,NA,NA,NA,NA,NA,NA,NA,NA,NA,NA,NA,NA,NA,NA,NA,NA,NA,NA,NA,NA,NA,NA,NA,NA,NA,NA,NA,NA,NA,NA,NA,NA,NA,NA,NA,NA,NA,NA,NA,NA,NA,NA,NA,NA,NA,NA,NA,NA,0.17583081570997,NA,NA,NA,0.0551592962434617,NA,NA,NA,NA,NA,NA,NA,NA,NA,0.137629533678756,NA,0.0744544287548139,0.0126913027248974,NA,NA,NA,NA,NA,NA,NA,NA,NA,NA,NA,NA,NA,NA,NA,NA,NA,NA,NA,NA,NA,NA,NA,NA,0.115384615384615,NA,NA,NA,NA,NA,NA,NA,NA,NA,NA,NA,NA,NA,NA,NA,NA,NA,NA,NA,0.261635220125786,NA,NA,NA,0.156661786237189,NA,NA,NA,NA,NA,NA,NA,0.0833333333333333,NA,0.011686143572621,NA,NA,NA,NA,NA,NA,NA,NA,NA,NA,NA,NA,NA,NA,NA,NA,NA,NA,NA,NA,NA,NA,NA,NA,NA,NA,NA,NA,NA,NA,NA,NA,NA,NA,NA,NA,NA,NA,NA,NA,NA,NA,NA,NA,NA,NA,NA,NA,NA,NA,NA,NA,NA,NA,NA,NA,NA,NA,NA,NA,NA,NA,NA,NA,NA,NA,NA,NA,NA,NA,NA,NA,NA,NA,NA,NA,NA,NA,NA,NA,NA,NA,NA,NA,NA,NA,NA,NA,NA,NA,NA,NA
0.0102622576966933,0.156330658265303,0.322097378277154,"ACTGACCATGTTAGATATCTGGAGAGATATTTCTACAACAAGGAGGAGTTTGTTTACTTTGACAGTGATGTCGGTAAATACATAGCGAAGACAGAGTTTGGGAGACCTGATGCTGACTACTGGAACAGTAATAAGGACATCATAGAGCAGAAAAAGGCTGAGGTGGAAACAGTCTGTAAAAACAACTATGGTATATGGGAGACA","b5fc0b44e667d12e9431c5f1b76ef69b",204,1831,16,"MHCII-0000034-C",NA,NA,NA,0.322097378277154,0.319741100323625,0.0124688279301746,0.250955414012739,0.276243093922652,NA,NA,NA,0.0352220520673813,0.0146699266503667,0.0102622576966933,NA,NA,NA,NA,NA,NA,0.0157894736842105,NA,NA,NA,NA,0.290137614678899,0.167641325536062,0.30609756097561,NA,NA,0.0117878192534381,NA,NA,NA,0.155515370705244,NA,NA,NA,NA,NA,NA,NA,NA,NA,NA,NA,NA,NA,NA,NA,NA,NA,NA,NA,NA,NA,NA,NA,NA,NA,NA,NA,NA,NA,NA,NA,NA,NA,NA,NA,NA,NA,NA,NA,NA,NA,NA,NA,NA,NA,NA,NA,NA,NA,NA,NA,NA,NA,NA,NA,NA,NA,NA,NA,NA,NA,NA,NA,NA,NA,NA,NA,NA,NA,NA,NA,NA,NA,NA,NA,NA,NA,NA,NA,NA,NA,NA,NA,NA,NA,NA,NA,NA,NA,NA,NA,NA,NA,NA,NA,NA,NA,NA,NA,NA,NA,NA,NA,NA,NA,NA,NA,NA,NA,NA,NA,NA,NA,NA,NA,NA,NA,NA,NA,NA,NA,NA,NA,NA,NA,NA,NA,NA,NA,NA,NA,NA,NA,NA,NA,NA,NA,NA,NA,NA,NA,NA,NA,NA,NA,NA,NA,NA,NA,NA,NA,NA,NA,NA,NA,NA,NA,NA,NA,NA,NA,NA,NA,NA,NA,NA,NA,NA,NA,NA,NA,NA,NA,NA,NA,NA,NA,NA,NA,NA,NA,NA,NA,NA,NA,NA,NA,NA,NA,NA,NA,NA,NA,NA,NA,NA,NA,NA,NA,NA,NA,NA,NA,NA,NA,NA,NA,NA,NA,NA,NA,NA,NA,NA,NA,NA,NA,NA,NA,NA,NA,NA,NA,NA,NA,NA,NA,NA,NA,NA,NA
0.159617097061443,0.16343368660171,0.165745856353591,"ACTGACCATGTTAGATATCTGGAGAGATATTTCTACAACAAGGAGGAGTTTGTTTACTTTGACAGTGATGTTGGTAAATTCATAGCAAAGACAGAGTTTGGGAGACCTGATGCTGACTACTGGAACAGTAATAAGGACATCATAGAGTGGGCAAAGGCTGCGGTGGAAACATACTGTAAATACAACTATGGTATATGGGAGACA","a468cbdfef32c155587a9b3aee9ffcff",204,1752,4,"MHCII-0000035-C",NA,NA,NA,NA,NA,NA,NA,NA,NA,NA,NA,NA,NA,NA,NA,NA,NA,NA,NA,NA,NA,NA,NA,NA,NA,NA,NA,NA,NA,NA,NA,NA,NA,NA,NA,NA,NA,NA,NA,NA,NA,NA,NA,NA,NA,NA,NA,NA,NA,NA,NA,NA,NA,NA,NA,NA,NA,NA,NA,NA,NA,NA,NA,NA,NA,NA,NA,NA,NA,NA,NA,NA,NA,NA,NA,NA,NA,NA,NA,NA,NA,NA,NA,NA,NA,NA,NA,NA,NA,NA,NA,NA,NA,NA,NA,NA,NA,NA,NA,NA,NA,NA,NA,NA,NA,NA,NA,NA,NA,NA,NA,NA,NA,NA,NA,NA,NA,NA,NA,NA,NA,NA,NA,NA,NA,NA,NA,NA,NA,NA,NA,NA,NA,0.165745856353591,0.159617097061443,NA,0.164938106390097,NA,NA,NA,NA,NA,NA,NA,NA,NA,NA,NA,NA,NA,NA,NA,NA,NA,NA,NA,NA,NA,NA,NA,NA,NA,NA,NA,NA,NA,NA,NA,NA,NA,NA,NA,NA,NA,NA,NA,NA,NA,NA,NA,NA,NA,NA,NA,NA,NA,NA,NA,NA,NA,NA,NA,NA,NA,NA,NA,NA,NA,NA,NA,NA,NA,NA,NA,NA,NA,NA,NA,NA,NA,NA,NA,NA,NA,NA,NA,NA,NA,NA,NA,NA,NA,NA,NA,NA,NA,NA,NA,NA,NA,NA,NA,NA,NA,NA,NA,NA,NA,NA,NA,NA,NA,NA,NA,NA,NA,NA,NA,NA,NA,NA,NA,NA,NA,NA,NA,NA,NA,NA,NA,NA,NA,NA,NA,NA,NA
0.295698924731183,0.405994317256152,0.60864040660737,"ACTGAGCGTGTGAGGTTTCTGCAGAGATATTTCTACAACAAGGAGGAGGTTGTTTACTTTGACAGTGATGTCGGTAAATTCATAGCAAAGACAGAGTTTGGGAGACCTGAGGCTGACAGCTGGAACAGTAATAAGGACATCATAGAGCAGATGAAGGCTCAGGTGGAAACATTCTGTAAAATCAACTATGATGTATTCCACAGT","bdef0a32566a415e1946e9654cb2532c",204,1703,7,"MHCII-0000036-C",NA,NA,NA,NA,NA,NA,NA,NA,NA,NA,NA,NA,NA,NA,NA,NA,NA,NA,NA,NA,NA,NA,NA,NA,NA,NA,NA,NA,NA,NA,NA,NA,NA,NA,NA,NA,NA,NA,NA,NA,NA,NA,0.368159203980099,0.445878848063555,NA,0.295698924731183,NA,NA,NA,NA,NA,NA,NA,NA,NA,NA,NA,NA,NA,NA,NA,NA,NA,NA,NA,NA,NA,NA,NA,NA,NA,NA,NA,NA,NA,NA,NA,NA,NA,NA,NA,NA,NA,NA,NA,NA,NA,NA,NA,NA,NA,NA,NA,NA,NA,NA,NA,NA,NA,NA,NA,NA,NA,NA,NA,NA,NA,NA,NA,NA,NA,NA,NA,NA,NA,NA,NA,NA,NA,NA,NA,NA,NA,NA,NA,NA,NA,NA,NA,NA,NA,NA,NA,NA,NA,NA,NA,NA,NA,NA,NA,NA,NA,NA,NA,NA,NA,NA,NA,NA,NA,NA,NA,NA,NA,NA,NA,NA,NA,NA,NA,NA,NA,NA,NA,NA,NA,NA,NA,NA,NA,NA,NA,NA,NA,NA,NA,NA,NA,NA,NA,NA,0.311594202898551,NA,NA,NA,NA,NA,NA,NA,NA,NA,NA,NA,NA,NA,NA,NA,NA,NA,NA,NA,NA,NA,NA,NA,NA,NA,NA,NA,NA,NA,NA,NA,NA,NA,NA,NA,NA,NA,NA,NA,NA,NA,NA,NA,NA,NA,NA,NA,NA,NA,NA,NA,NA,NA,NA,NA,NA,NA,NA,NA,NA,NA,NA,NA,0.60864040660737,NA,NA,NA,NA,NA,NA,NA,NA,NA,NA,NA,NA,NA,NA,NA,NA,NA,NA,NA
0.290296712109062,0.378722600469774,0.467148488830486,"ACTGAGCGTGTGAGGTACCTGGTGAGATATTTCTACAACAAGGAGGAGTTTGTTTACTTTGACAGTGATGTCGGTAAATTCATAGCGAAGACAGAGTTTGGGAGACCTGATGCTGACTACTGGAACAGTAATAAGGACATCATAGAGAGGCAAAAGGCTGAGGTGGAAACAGTCTGTAAAAACAACTATGGTATATGGGAGACA","723466387ebf41199822830c758f78ea",204,1435,2,"MHCII-0000038-C",NA,NA,NA,NA,NA,NA,NA,NA,NA,NA,NA,NA,NA,NA,NA,NA,NA,NA,NA,NA,NA,NA,NA,NA,NA,NA,NA,NA,NA,NA,NA,NA,NA,NA,NA,NA,NA,NA,NA,NA,NA,NA,NA,NA,NA,NA,NA,NA,NA,NA,NA,NA,NA,NA,NA,NA,NA,NA,NA,NA,NA,NA,NA,NA,NA,NA,NA,NA,NA,NA,NA,NA,NA,NA,NA,NA,NA,NA,NA,NA,NA,NA,NA,NA,NA,NA,NA,NA,NA,NA,NA,NA,NA,NA,NA,NA,NA,NA,NA,NA,NA,NA,NA,NA,NA,NA,NA,NA,NA,NA,NA,NA,NA,NA,NA,NA,NA,NA,NA,NA,NA,NA,NA,NA,NA,NA,NA,NA,NA,NA,NA,NA,NA,NA,NA,NA,NA,NA,NA,NA,NA,NA,NA,NA,NA,NA,NA,NA,NA,NA,NA,NA,NA,NA,NA,NA,NA,NA,NA,NA,NA,NA,NA,NA,NA,NA,NA,NA,NA,NA,NA,NA,NA,NA,NA,NA,NA,NA,NA,NA,NA,NA,NA,NA,NA,NA,NA,NA,NA,NA,NA,NA,NA,NA,NA,0.290296712109062,0.467148488830486,NA,NA,NA,NA,NA,NA,NA,NA,NA,NA,NA,NA,NA,NA,NA,NA,NA,NA,NA,NA,NA,NA,NA,NA,NA,NA,NA,NA,NA,NA,NA,NA,NA,NA,NA,NA,NA,NA,NA,NA,NA,NA,NA,NA,NA,NA,NA,NA,NA,NA,NA,NA,NA,NA,NA,NA,NA,NA,NA,NA,NA,NA,NA,NA,NA,NA,NA,NA,NA
0.0101580135440181,0.11002595548455,0.407692307692308,"ACTGAGCGTGTGAGGTTTCTGGACAGATATTTCTACAACAAGGAGGAGTTTGTTTACTTTGACAGTGATGTCGGTAAATTCATAGCAAAGACAGAGTTTGGGAGACCTAGTGCTGACTACTGGAACAGTAATAAGGACATCATAGAGAGGAAAAAGGCTGCGGTGGAAACATACTGTAAATACAACTATGGTATATGGGAGACA","6439e9790de29e340569609716aca825",204,1004,8,"MHCII-0000041-C",NA,0.020460358056266,0.407692307692308,NA,NA,NA,0.0101910828025478,NA,0.155373831775701,NA,0.0141843971631206,NA,NA,NA,NA,NA,0.152121697357886,NA,NA,NA,NA,NA,NA,0.0101580135440181,NA,NA,NA,NA,NA,NA,NA,NA,NA,NA,NA,NA,NA,NA,NA,NA,NA,NA,NA,NA,NA,NA,NA,NA,NA,NA,NA,NA,NA,NA,NA,NA,NA,NA,NA,NA,NA,NA,NA,NA,NA,NA,NA,NA,NA,NA,NA,NA,NA,NA,NA,NA,NA,NA,NA,NA,NA,NA,NA,NA,NA,NA,NA,NA,NA,NA,NA,NA,NA,NA,NA,NA,NA,NA,NA,NA,NA,NA,NA,NA,NA,NA,NA,NA,NA,NA,NA,NA,NA,NA,NA,NA,NA,NA,NA,NA,NA,NA,NA,NA,NA,NA,NA,NA,NA,NA,NA,NA,NA,NA,NA,NA,NA,NA,NA,NA,NA,NA,NA,NA,NA,NA,NA,NA,NA,NA,NA,NA,NA,NA,NA,NA,NA,NA,NA,NA,NA,NA,NA,NA,NA,NA,NA,NA,NA,NA,NA,NA,NA,NA,NA,NA,NA,NA,NA,NA,NA,NA,NA,NA,NA,NA,NA,NA,NA,NA,NA,NA,NA,NA,NA,NA,NA,NA,NA,NA,NA,NA,NA,NA,NA,NA,NA,NA,NA,NA,NA,NA,NA,NA,NA,NA,NA,NA,NA,NA,NA,NA,NA,NA,NA,NA,NA,NA,NA,NA,NA,NA,NA,NA,NA,NA,NA,NA,NA,NA,NA,NA,NA,NA,NA,NA,NA,NA,NA,NA,NA,NA,NA,NA,NA,NA,NA,NA,NA,NA,NA,NA,NA,NA,NA,NA
0.020460358056266,0.134518532326799,0.228846153846154,"ACTGAGCGTGTGAGGTACCTGGACAGATATTTCTACAACGAGGAGGAGTTTGTTTACTTTGACAGTGATGTTGGTAAATTCATAGCGAAAACAGAGCTTGGGAGACCTAGTGCTGACTACTGGAACAGTAATAAGGACATCATAGAGCAGAAAAAGGCTGAGGTGGAAACATACTGTAAACACAACTATGATGTATTATACAGT","d0561eda0d17a31543c79cecfc2e1484",204,769,4,"MHCII-0000042-C",NA,0.020460358056266,0.228846153846154,NA,NA,NA,NA,NA,NA,NA,NA,NA,NA,NA,NA,NA,0.175340272217774,NA,NA,NA,NA,NA,NA,NA,NA,NA,NA,NA,NA,0.113427345187002,NA,NA,NA,NA,NA,NA,NA,NA,NA,NA,NA,NA,NA,NA,NA,NA,NA,NA,NA,NA,NA,NA,NA,NA,NA,NA,NA,NA,NA,NA,NA,NA,NA,NA,NA,NA,NA,NA,NA,NA,NA,NA,NA,NA,NA,NA,NA,NA,NA,NA,NA,NA,NA,NA,NA,NA,NA,NA,NA,NA,NA,NA,NA,NA,NA,NA,NA,NA,NA,NA,NA,NA,NA,NA,NA,NA,NA,NA,NA,NA,NA,NA,NA,NA,NA,NA,NA,NA,NA,NA,NA,NA,NA,NA,NA,NA,NA,NA,NA,NA,NA,NA,NA,NA,NA,NA,NA,NA,NA,NA,NA,NA,NA,NA,NA,NA,NA,NA,NA,NA,NA,NA,NA,NA,NA,NA,NA,NA,NA,NA,NA,NA,NA,NA,NA,NA,NA,NA,NA,NA,NA,NA,NA,NA,NA,NA,NA,NA,NA,NA,NA,NA,NA,NA,NA,NA,NA,NA,NA,NA,NA,NA,NA,NA,NA,NA,NA,NA,NA,NA,NA,NA,NA,NA,NA,NA,NA,NA,NA,NA,NA,NA,NA,NA,NA,NA,NA,NA,NA,NA,NA,NA,NA,NA,NA,NA,NA,NA,NA,NA,NA,NA,NA,NA,NA,NA,NA,NA,NA,NA,NA,NA,NA,NA,NA,NA,NA,NA,NA,NA,NA,NA,NA,NA,NA,NA,NA,NA,NA,NA,NA,NA,NA,NA,NA,NA
0.0110957004160888,0.174369649944423,0.42512077294686,"ACTGACCATGTTAGATATCTGGAGAGATGGTTCTACAACAAGGAGGAGTTTGTTTACTTTGACAGTGATGTTGGTAAATTCATAGCGAAGACAGAGTTTGGGAGACCTGATGCTGACTACTGGAACAGTAATAAGGACCTCATAGAGCAGAGAAAGGCTGAGGTGGAAACAGTCTGTAAACACAACTATGGTATATGGGAGACA","e3ffbc15468fea7f96f7b75ca7abe086",204,718,7,"MHCII-0000043-C",NA,NA,NA,NA,NA,NA,NA,NA,NA,NA,NA,NA,NA,NA,NA,NA,NA,NA,NA,NA,NA,NA,NA,NA,NA,NA,NA,NA,NA,NA,NA,NA,NA,NA,NA,NA,0.0884244372990354,0.235294117647059,0.273015873015873,0.42512077294686,NA,0.0110957004160888,0.0132669983416252,NA,NA,NA,NA,NA,NA,NA,NA,NA,NA,NA,NA,NA,NA,NA,NA,NA,NA,NA,NA,NA,NA,NA,NA,NA,NA,NA,NA,NA,NA,NA,NA,NA,NA,NA,NA,NA,NA,NA,NA,NA,NA,NA,NA,NA,NA,NA,NA,NA,NA,NA,NA,NA,NA,NA,NA,NA,NA,NA,NA,NA,NA,NA,NA,NA,NA,NA,NA,NA,NA,NA,NA,NA,NA,NA,NA,NA,NA,NA,NA,NA,NA,NA,NA,NA,NA,NA,NA,NA,NA,NA,NA,NA,NA,NA,NA,NA,NA,NA,NA,NA,NA,NA,NA,NA,NA,NA,NA,NA,NA,NA,NA,NA,NA,NA,NA,NA,NA,NA,NA,NA,NA,NA,NA,NA,NA,NA,NA,NA,NA,NA,NA,NA,NA,NA,NA,NA,NA,NA,NA,NA,NA,NA,NA,NA,NA,NA,NA,NA,NA,NA,NA,NA,NA,NA,NA,NA,NA,NA,NA,NA,NA,NA,NA,NA,NA,NA,NA,NA,NA,NA,NA,NA,NA,NA,NA,NA,NA,NA,NA,NA,NA,NA,NA,NA,NA,NA,NA,NA,NA,NA,NA,NA,NA,NA,NA,NA,NA,NA,NA,NA,NA,NA,NA,NA,NA,NA,NA,NA,NA,NA,NA,NA,NA,NA,NA,NA,NA,NA,NA,NA,NA,NA
0.0144694533762058,0.122872459501981,0.217223650385604,"ACTGAGCGTGTGAGGTTTCTGGACAGATATTTCTACAACAAGGAGGAGTTTGTTTACTTTGACAGTGATGTTGGTAAATACATAGCGAAGACAGAGTTTGGGAGACCTAGTGCTGACTACTGGAACAGTAATAAGGACATCATAGAGCGGGCAAAGGCTGCGGTGGAAACATACTGTAAATACAACTATGGTATATGGGAGACA","69cb7aa01252f8b07f77162c44a6a701",204,695,4,"MHCII-0000044-C",NA,NA,NA,NA,NA,NA,NA,NA,0.122663551401869,NA,NA,NA,NA,NA,NA,NA,NA,NA,NA,NA,NA,NA,NA,NA,NA,NA,NA,NA,NA,NA,NA,0.217223650385604,NA,NA,NA,0.137133182844244,0.0144694533762058,NA,NA,NA,NA,NA,NA,NA,NA,NA,NA,NA,NA,NA,NA,NA,NA,NA,NA,NA,NA,NA,NA,NA,NA,NA,NA,NA,NA,NA,NA,NA,NA,NA,NA,NA,NA,NA,NA,NA,NA,NA,NA,NA,NA,NA,NA,NA,NA,NA,NA,NA,NA,NA,NA,NA,NA,NA,NA,NA,NA,NA,NA,NA,NA,NA,NA,NA,NA,NA,NA,NA,NA,NA,NA,NA,NA,NA,NA,NA,NA,NA,NA,NA,NA,NA,NA,NA,NA,NA,NA,NA,NA,NA,NA,NA,NA,NA,NA,NA,NA,NA,NA,NA,NA,NA,NA,NA,NA,NA,NA,NA,NA,NA,NA,NA,NA,NA,NA,NA,NA,NA,NA,NA,NA,NA,NA,NA,NA,NA,NA,NA,NA,NA,NA,NA,NA,NA,NA,NA,NA,NA,NA,NA,NA,NA,NA,NA,NA,NA,NA,NA,NA,NA,NA,NA,NA,NA,NA,NA,NA,NA,NA,NA,NA,NA,NA,NA,NA,NA,NA,NA,NA,NA,NA,NA,NA,NA,NA,NA,NA,NA,NA,NA,NA,NA,NA,NA,NA,NA,NA,NA,NA,NA,NA,NA,NA,NA,NA,NA,NA,NA,NA,NA,NA,NA,NA,NA,NA,NA,NA,NA,NA,NA,NA,NA,NA,NA,NA,NA,NA,NA,NA,NA,NA,NA,NA,NA,NA,NA
0.395333765392093,0.395333765392093,0.395333765392093,"ACTGAGCGTGTGAGGCTTCTGCAGAGATATTTCTACAACAAGGAGGAGGATGTTTACTTTGACAGTGATGTTGGTAAATTCATAGCAAAGACAGAGCTTGGGAGACCTGATGCTGACAGCTGGAACAGTAATAAGGACTTCATAGAGCAGATGAAGGCTGCGGTGGAAACATTCTGTAAACACAACTATGGTATATTACACAGT","33da2b0cd7cbf81d8f307f1c4c98980d",204,613,2,"MHCII-0000045-C",NA,NA,NA,NA,NA,NA,NA,NA,NA,NA,NA,NA,NA,NA,NA,NA,NA,NA,NA,NA,NA,NA,NA,NA,NA,NA,NA,NA,NA,NA,NA,NA,NA,NA,NA,NA,NA,NA,NA,NA,NA,NA,NA,NA,NA,NA,NA,NA,NA,NA,NA,NA,NA,NA,NA,NA,NA,NA,NA,NA,NA,NA,NA,NA,NA,NA,NA,NA,NA,NA,NA,NA,NA,NA,NA,NA,NA,NA,NA,NA,NA,NA,NA,NA,NA,NA,NA,NA,NA,NA,NA,NA,NA,NA,NA,NA,NA,NA,NA,NA,NA,NA,NA,NA,NA,NA,NA,NA,NA,NA,NA,NA,NA,NA,NA,NA,NA,NA,NA,NA,NA,NA,NA,NA,NA,NA,NA,NA,NA,NA,NA,NA,NA,NA,NA,NA,NA,NA,NA,NA,NA,NA,NA,NA,NA,NA,NA,0.395333765392093,NA,NA,NA,NA,NA,NA,NA,NA,NA,NA,NA,NA,NA,NA,NA,NA,NA,NA,NA,NA,NA,NA,NA,NA,NA,NA,NA,NA,NA,NA,NA,NA,NA,NA,NA,NA,NA,NA,NA,NA,NA,NA,NA,NA,NA,NA,NA,NA,NA,NA,NA,NA,NA,NA,NA,NA,NA,NA,NA,NA,NA,NA,NA,NA,NA,NA,NA,NA,NA,NA,NA,NA,NA,NA,NA,NA,NA,NA,NA,NA,NA,NA,NA,NA,NA,NA,NA,NA,NA,NA,NA,NA,NA,NA,NA,NA,NA,NA,NA,NA,NA,NA,NA,NA,NA,NA,NA,NA,NA,NA,NA,NA,NA,NA,NA,NA,NA,NA
0.12379421221865,0.219791771501461,0.295238095238095,"ACTGAGCATGTGAGGTATCTGCAGAGATGTTTCTACAACAAGGAGGAGGTTCTTTACTTTGACAGTGATGTCGGTAAATTCATAGCAAAGACAGAGCTTGGGAGACCTGAGGCTGACAGCTGGAACAGTAATAAGGAATACATAAAGCAGAAAAAGGCTGAGGTGGAAACAGGCTGTAAACATGACTATGATGTATTACACAGT","b6e999d47cc749a980a63891e1fa80d2",204,542,5,"MHCII-0000046-C",NA,NA,NA,NA,NA,NA,NA,NA,NA,NA,NA,NA,NA,NA,NA,NA,NA,NA,NA,NA,NA,NA,NA,NA,NA,NA,NA,NA,NA,NA,NA,NA,NA,NA,NA,NA,0.12379421221865,0.201680672268908,0.295238095238095,0.258454106280193,NA,NA,NA,NA,NA,NA,NA,NA,NA,NA,NA,NA,NA,NA,NA,NA,NA,NA,NA,NA,NA,NA,NA,NA,NA,NA,NA,NA,NA,NA,NA,NA,NA,NA,NA,NA,NA,NA,NA,NA,NA,NA,NA,NA,NA,NA,NA,NA,NA,NA,NA,NA,NA,NA,NA,NA,NA,NA,NA,NA,NA,NA,NA,NA,NA,NA,NA,NA,NA,NA,NA,NA,NA,NA,NA,NA,NA,NA,NA,NA,NA,NA,NA,NA,NA,NA,NA,NA,NA,NA,NA,NA,NA,NA,NA,NA,NA,NA,NA,NA,NA,NA,NA,NA,NA,NA,NA,NA,NA,NA,NA,NA,NA,NA,NA,NA,NA,NA,NA,NA,NA,NA,NA,NA,NA,NA,NA,NA,NA,NA,NA,NA,NA,NA,NA,NA,NA,NA,NA,NA,NA,NA,NA,NA,NA,NA,NA,NA,NA,NA,NA,NA,NA,NA,NA,NA,NA,NA,NA,NA,NA,NA,NA,NA,NA,NA,NA,NA,NA,NA,NA,NA,NA,NA,NA,NA,NA,NA,NA,NA,NA,NA,NA,NA,NA,NA,NA,NA,NA,NA,NA,NA,NA,NA,NA,NA,NA,NA,NA,NA,NA,NA,NA,NA,NA,NA,NA,NA,NA,NA,NA,NA,NA,NA,NA,NA,NA,NA,NA,NA,NA,NA,NA,NA,NA,NA
0.0540915395284327,0.11704357889003,0.168032786885246,"ACTGAGCGTGTGAGGTTTCTGCAGAGATATTTCTACAACAAGGAGGAGGATGTTTACTTTGACAGTGATGTCGGTAAATTCATAGCAAAGACAGAGTTTGGGAGACCTGAGGCTGACAGCTGGAACAGTAATAAGGACATCATAGAGCAGATGAAGGCTCAGGTGGAAACATTCTGTAAAATCAACTATGATGTATTCCACAGT","1602fe9b8ebfc8e6929e4de62f179170",204,490,4,"MHCII-0000047-C",NA,NA,NA,NA,NA,NA,NA,NA,NA,NA,NA,NA,NA,NA,NA,NA,NA,NA,NA,NA,NA,NA,NA,NA,NA,NA,NA,NA,NA,NA,NA,NA,NA,NA,NA,NA,NA,NA,NA,NA,NA,0.0540915395284327,NA,NA,NA,NA,NA,NA,NA,NA,NA,NA,NA,NA,NA,NA,NA,NA,NA,NA,NA,NA,NA,NA,NA,NA,NA,NA,NA,0.12900641025641,NA,NA,NA,NA,NA,NA,NA,NA,NA,NA,NA,NA,NA,NA,NA,NA,NA,NA,NA,NA,NA,NA,NA,NA,NA,NA,NA,NA,NA,NA,NA,NA,NA,NA,NA,NA,NA,NA,NA,NA,NA,NA,NA,NA,NA,NA,NA,NA,NA,NA,NA,NA,NA,NA,NA,NA,NA,NA,NA,NA,NA,NA,NA,NA,NA,NA,NA,NA,NA,NA,NA,NA,NA,NA,NA,NA,NA,NA,NA,NA,NA,NA,NA,NA,NA,NA,NA,NA,NA,NA,NA,NA,NA,NA,NA,NA,NA,NA,NA,NA,NA,NA,NA,NA,NA,NA,NA,NA,NA,NA,NA,NA,NA,NA,NA,NA,NA,NA,NA,NA,NA,NA,NA,NA,NA,NA,NA,NA,NA,NA,NA,NA,NA,NA,0.168032786885246,NA,NA,NA,NA,NA,NA,NA,NA,NA,NA,NA,NA,NA,NA,NA,NA,NA,NA,NA,NA,NA,NA,NA,NA,NA,NA,NA,NA,NA,NA,NA,NA,NA,NA,NA,NA,NA,NA,NA,NA,NA,NA,NA,NA,NA,NA,NA,NA,NA,NA,NA,NA,NA,NA,NA,NA,NA,NA,NA,NA,NA
0.0116086235489221,0.125884776500542,0.201690821256039,"ACTGAGCATGTGAGGCTTCTGGTGAGATATTTCTACAACAAGGAGGAGGATGTTTACTTTGACAGTGATGTTGGTAAATTCATAGCGAAGACAGAGAATGGGAGACCTGATGCTGACTACTGGAACAGTAATAAGGACATCATAGAGCGGGCAAAGGCTGCGGTGGAAACATACTGTAAACATGACTATGATGTATTCCACAGT","3dca8cee8290df092862d3f5a361e65e",204,468,7,"MHCII-0000048-C",NA,NA,NA,NA,NA,NA,NA,NA,NA,0.0165289256198347,NA,NA,NA,NA,NA,NA,NA,NA,NA,NA,NA,NA,NA,NA,NA,NA,NA,NA,NA,NA,NA,NA,NA,NA,NA,NA,0.197749196141479,0.156302521008403,0.171428571428571,0.201690821256039,NA,NA,0.0116086235489221,NA,NA,NA,NA,NA,NA,NA,NA,NA,NA,NA,NA,NA,NA,NA,NA,NA,NA,NA,NA,NA,NA,NA,NA,NA,NA,NA,NA,NA,NA,NA,NA,NA,NA,NA,NA,NA,NA,NA,NA,NA,NA,NA,NA,NA,NA,NA,NA,NA,NA,NA,NA,NA,NA,NA,NA,NA,NA,NA,NA,NA,NA,NA,NA,NA,NA,NA,NA,NA,NA,NA,NA,NA,NA,NA,NA,NA,NA,NA,NA,NA,NA,NA,NA,NA,NA,NA,NA,NA,NA,NA,NA,NA,NA,NA,NA,NA,NA,NA,NA,NA,NA,NA,NA,NA,NA,NA,NA,NA,NA,NA,NA,NA,NA,NA,NA,NA,NA,NA,NA,NA,NA,NA,NA,NA,NA,NA,NA,NA,NA,NA,NA,NA,NA,NA,NA,NA,NA,NA,NA,NA,NA,NA,NA,NA,NA,NA,NA,NA,NA,NA,NA,NA,NA,NA,NA,NA,NA,NA,NA,NA,NA,NA,NA,NA,NA,NA,NA,NA,NA,NA,NA,NA,NA,NA,NA,NA,NA,NA,NA,NA,NA,NA,NA,NA,NA,NA,NA,NA,NA,NA,NA,NA,NA,NA,NA,NA,NA,NA,NA,NA,NA,NA,NA,NA,NA,NA,NA,NA,NA,NA,NA,NA,NA,NA,NA,NA,NA,NA,NA,NA,NA,NA
0.591916558018253,0.591916558018253,0.591916558018253,"ACTGAGCGTGTGAGGCTTCTGCAGAGATATTTCTACAACAAGGAGGAGGATGTTTACTTTGACAGTGATGTTGGTAAATTCATAGCAAAGACAGAGTTTGGGAGACCTGAGGCTGACAGCTGGAACAGTAATAAGGACATCATAGAGCAGATGAAGGCTCAGGTGGAAACATTCTGTAAACACAACTATGGTGTAATACACAGT","30bdf08681481919aa1b1468cb8ec032",204,454,1,"MHCII-0000049-C",NA,NA,NA,NA,NA,NA,NA,NA,NA,NA,NA,NA,NA,NA,NA,NA,NA,NA,NA,NA,NA,NA,NA,NA,NA,NA,NA,NA,NA,NA,NA,NA,NA,NA,NA,NA,NA,NA,NA,NA,NA,NA,NA,NA,NA,NA,NA,NA,NA,NA,NA,NA,NA,NA,NA,NA,NA,NA,NA,NA,NA,NA,NA,NA,NA,NA,NA,NA,NA,NA,NA,NA,NA,NA,NA,NA,NA,NA,NA,NA,NA,NA,NA,NA,NA,NA,NA,NA,NA,NA,NA,NA,NA,NA,NA,NA,NA,NA,NA,NA,NA,NA,NA,NA,NA,NA,NA,NA,NA,NA,NA,NA,NA,NA,NA,NA,NA,NA,NA,NA,NA,NA,NA,NA,NA,NA,NA,NA,NA,NA,NA,NA,NA,NA,NA,NA,NA,NA,NA,NA,NA,NA,NA,NA,NA,NA,NA,NA,NA,NA,NA,NA,NA,NA,NA,NA,NA,NA,NA,NA,NA,NA,NA,NA,NA,NA,NA,NA,NA,NA,NA,NA,NA,NA,NA,NA,NA,NA,NA,NA,NA,NA,NA,NA,NA,NA,NA,NA,NA,NA,NA,NA,NA,NA,NA,NA,NA,NA,NA,NA,NA,NA,NA,NA,NA,NA,NA,NA,NA,NA,NA,NA,NA,NA,NA,NA,NA,NA,NA,NA,NA,NA,NA,NA,NA,NA,NA,NA,NA,NA,NA,NA,NA,NA,NA,NA,NA,NA,NA,NA,NA,NA,NA,NA,NA,NA,NA,NA,NA,NA,NA,NA,NA,NA,NA,NA,NA,NA,NA,NA,NA,NA,0.591916558018253,NA,NA,NA
0.119331742243437,0.119331742243437,0.119331742243437,"ACTGAGCGTGTGAGGTTTCTGGAGAGATGGTTCTACAACAAGGAGGAGGTTGTTTACTTTGATAGTGATGTCGGTAAATTCATAGCAAAGACAGAGCTTGGGAGACCTGATGCTGACTACTGGAACAGTAATAAGGACATCATAGAGAGGAAAAAGGCTGAGGTGGAAACATTCTGTAAAAACAACTATGATGTAATACACAGT","081d5b66bc829b4da0d4c885e652dfdf",204,400,1,"MHCII-0000050-C",NA,NA,NA,NA,NA,NA,NA,NA,NA,NA,NA,NA,NA,NA,NA,NA,NA,NA,NA,NA,NA,NA,NA,NA,NA,NA,NA,NA,NA,NA,NA,NA,NA,NA,NA,NA,NA,NA,NA,NA,NA,NA,NA,NA,NA,NA,NA,NA,NA,NA,NA,NA,NA,NA,NA,NA,NA,NA,NA,NA,NA,NA,NA,NA,NA,NA,NA,NA,NA,NA,NA,NA,NA,NA,NA,NA,NA,NA,NA,NA,NA,NA,NA,NA,NA,NA,NA,NA,NA,NA,NA,NA,NA,NA,NA,NA,NA,NA,NA,NA,NA,NA,NA,NA,NA,NA,NA,NA,NA,NA,NA,NA,NA,NA,NA,NA,NA,NA,NA,NA,NA,NA,NA,NA,NA,NA,NA,NA,NA,NA,NA,NA,NA,NA,NA,NA,NA,NA,NA,NA,NA,NA,NA,NA,NA,NA,NA,NA,NA,NA,NA,NA,NA,NA,NA,NA,NA,NA,NA,NA,NA,NA,NA,NA,NA,NA,NA,0.119331742243437,NA,NA,NA,NA,NA,NA,NA,NA,NA,NA,NA,NA,NA,NA,NA,NA,NA,NA,NA,NA,NA,NA,NA,NA,NA,NA,NA,NA,NA,NA,NA,NA,NA,NA,NA,NA,NA,NA,NA,NA,NA,NA,NA,NA,NA,NA,NA,NA,NA,NA,NA,NA,NA,NA,NA,NA,NA,NA,NA,NA,NA,NA,NA,NA,NA,NA,NA,NA,NA,NA,NA,NA,NA,NA,NA,NA,NA,NA,NA,NA,NA,NA,NA,NA,NA,NA,NA,NA,NA,NA,NA,NA,NA,NA,NA,NA,NA,NA
0.258300132802125,0.258300132802125,0.258300132802125,"ACTGAGCGTGTGAGGTTTCTGGAGAGATGGTTCTACAACAAGGAGGAGGTTGTTTACTTTGATAGTGATGTCGGTAAATTCATAGCAAAGACAGAGCTTGGGAGACCTGATGCTGACTACTGGAACAGTAATAAGGACATCATAGAGGATGCAAAGGCTGAGGTGGAAACATTCTGTAAAAACAACTATGATGTAATACACAGT","b0332ed04af271dd05d5e73528af5b88",204,389,1,"MHCII-0000051-C",NA,NA,NA,NA,NA,NA,NA,NA,NA,NA,NA,NA,NA,NA,NA,NA,NA,NA,NA,NA,NA,NA,NA,NA,NA,NA,NA,NA,NA,NA,NA,NA,NA,NA,NA,NA,NA,NA,NA,NA,NA,NA,NA,NA,NA,NA,NA,NA,NA,NA,NA,NA,NA,NA,NA,NA,NA,NA,NA,NA,NA,NA,NA,NA,NA,NA,NA,NA,NA,NA,NA,NA,NA,NA,NA,NA,NA,NA,NA,NA,NA,NA,NA,NA,NA,NA,NA,NA,NA,NA,NA,NA,NA,NA,NA,NA,NA,NA,NA,NA,NA,NA,NA,NA,NA,NA,NA,NA,NA,NA,NA,NA,NA,NA,NA,NA,NA,NA,NA,NA,NA,NA,NA,NA,NA,NA,NA,NA,NA,NA,NA,NA,NA,NA,NA,NA,NA,NA,NA,NA,NA,NA,NA,NA,NA,NA,NA,NA,NA,NA,NA,NA,NA,NA,NA,NA,NA,NA,NA,NA,NA,NA,NA,NA,NA,NA,NA,NA,NA,NA,NA,NA,NA,NA,NA,NA,NA,NA,0.258300132802125,NA,NA,NA,NA,NA,NA,NA,NA,NA,NA,NA,NA,NA,NA,NA,NA,NA,NA,NA,NA,NA,NA,NA,NA,NA,NA,NA,NA,NA,NA,NA,NA,NA,NA,NA,NA,NA,NA,NA,NA,NA,NA,NA,NA,NA,NA,NA,NA,NA,NA,NA,NA,NA,NA,NA,NA,NA,NA,NA,NA,NA,NA,NA,NA,NA,NA,NA,NA,NA,NA,NA,NA,NA,NA,NA,NA,NA,NA,NA,NA,NA,NA,NA,NA,NA,NA,NA
0.221752265861027,0.221752265861027,0.221752265861027,"ACTGAGCGTGTGAGGTTTCTGGACAGATGGTTCTACAACAAGGAGGAGGATGTTTACTTTGACAGTGATGTTGGTAAATACATAGCGAAGACAGAGAATGGGAGACCTGATGCTGACTACTGGAACAGTGATAAGGACATCATAGAGCAGAAAAAGGCTGCGGTGGAAACATTCTGTAAATACAACTATGGTATATTACACAGT","351225749bcdb2dcd6d8903477c0c12a",204,367,1,"MHCII-0000052-C",NA,NA,NA,NA,NA,NA,NA,NA,NA,NA,NA,NA,NA,NA,NA,NA,NA,NA,NA,NA,NA,NA,NA,NA,NA,NA,NA,NA,NA,NA,NA,NA,NA,NA,NA,NA,NA,NA,NA,NA,NA,NA,NA,NA,NA,NA,NA,NA,NA,NA,NA,NA,NA,NA,NA,NA,NA,NA,NA,NA,NA,NA,NA,NA,NA,NA,NA,NA,NA,NA,NA,NA,NA,NA,NA,NA,NA,NA,NA,NA,NA,NA,NA,NA,NA,NA,NA,NA,NA,NA,NA,NA,NA,NA,NA,NA,NA,0.221752265861027,NA,NA,NA,NA,NA,NA,NA,NA,NA,NA,NA,NA,NA,NA,NA,NA,NA,NA,NA,NA,NA,NA,NA,NA,NA,NA,NA,NA,NA,NA,NA,NA,NA,NA,NA,NA,NA,NA,NA,NA,NA,NA,NA,NA,NA,NA,NA,NA,NA,NA,NA,NA,NA,NA,NA,NA,NA,NA,NA,NA,NA,NA,NA,NA,NA,NA,NA,NA,NA,NA,NA,NA,NA,NA,NA,NA,NA,NA,NA,NA,NA,NA,NA,NA,NA,NA,NA,NA,NA,NA,NA,NA,NA,NA,NA,NA,NA,NA,NA,NA,NA,NA,NA,NA,NA,NA,NA,NA,NA,NA,NA,NA,NA,NA,NA,NA,NA,NA,NA,NA,NA,NA,NA,NA,NA,NA,NA,NA,NA,NA,NA,NA,NA,NA,NA,NA,NA,NA,NA,NA,NA,NA,NA,NA,NA,NA,NA,NA,NA,NA,NA,NA,NA,NA,NA,NA,NA,NA,NA,NA,NA,NA,NA,NA,NA,NA,NA,NA
0.109599117322545,0.109599117322545,0.109599117322545,"ACTGAGCGTGTGAGGCTTCTGCAGAGATATTTCTACAACAAGGAGGAGGATGTTTACTTTGACAGTGATGTTGGTAAATTCATAGCAAAGACAGAGTTTGGGAGACCTGAGGCTGACAGCTGGAACAGTAATAAGGACATCATAGAGCAGATGAAGGCTCAGGTGGAAACAGTCTGTAAACACAACTATGGTGTAATACACAGT","5772582c2c1549533d89ec87346ec086",204,298,1,"MHCII-0000053-C",NA,NA,NA,NA,NA,NA,NA,NA,NA,NA,NA,NA,NA,NA,NA,NA,NA,NA,NA,NA,NA,NA,NA,NA,NA,NA,NA,NA,NA,NA,NA,NA,NA,NA,NA,NA,NA,NA,NA,NA,NA,NA,NA,NA,NA,NA,NA,NA,NA,NA,NA,NA,NA,NA,NA,NA,NA,NA,NA,NA,NA,NA,NA,NA,NA,NA,NA,NA,NA,NA,NA,NA,NA,NA,NA,NA,NA,NA,NA,NA,NA,NA,NA,NA,NA,NA,NA,NA,NA,NA,NA,NA,NA,NA,NA,NA,NA,NA,NA,NA,NA,NA,NA,NA,NA,NA,NA,NA,NA,NA,NA,NA,NA,NA,NA,NA,NA,NA,NA,NA,NA,NA,NA,NA,NA,NA,NA,NA,NA,NA,NA,NA,NA,NA,NA,NA,NA,NA,NA,NA,NA,NA,NA,NA,NA,NA,NA,NA,NA,NA,NA,NA,NA,NA,NA,NA,NA,NA,NA,NA,NA,NA,NA,NA,NA,NA,NA,NA,NA,NA,NA,NA,NA,NA,NA,NA,NA,NA,NA,NA,NA,NA,NA,NA,NA,NA,NA,NA,NA,NA,NA,NA,NA,NA,NA,NA,NA,NA,NA,NA,NA,NA,NA,NA,NA,NA,NA,NA,NA,NA,NA,0.109599117322545,NA,NA,NA,NA,NA,NA,NA,NA,NA,NA,NA,NA,NA,NA,NA,NA,NA,NA,NA,NA,NA,NA,NA,NA,NA,NA,NA,NA,NA,NA,NA,NA,NA,NA,NA,NA,NA,NA,NA,NA,NA,NA,NA,NA,NA,NA,NA,NA,NA,NA,NA,NA,NA,NA
0.324200913242009,0.324200913242009,0.324200913242009,"ACTGAGCGTGTGAGGTACCTGCAGAGACATTTCTACAACAAGGAGGAGGTTGTTTACTTTGACAGTGATGTCGGTAAATTCATAGCAAAGACAGAGCTTGGGAGACCTGATGCTGACTACTGGAACAGTGATAAGGACTTCATAGAGCAGAAAAGGGCTGCGGTGGAAACATACTGTAAACACAACTATGGTGTAATACACAGT","26268f3ada9c11070ee597564ad71b87",204,213,1,"MHCII-0000054-C",NA,NA,NA,NA,NA,NA,NA,NA,NA,NA,NA,NA,NA,NA,NA,NA,NA,NA,NA,NA,NA,NA,NA,NA,NA,NA,NA,NA,NA,NA,NA,NA,NA,NA,NA,NA,NA,NA,NA,NA,NA,NA,NA,NA,NA,NA,NA,NA,NA,NA,NA,NA,NA,NA,NA,NA,NA,NA,NA,NA,NA,NA,NA,NA,NA,NA,NA,NA,NA,NA,NA,NA,NA,NA,NA,NA,NA,NA,NA,NA,NA,NA,NA,0.324200913242009,NA,NA,NA,NA,NA,NA,NA,NA,NA,NA,NA,NA,NA,NA,NA,NA,NA,NA,NA,NA,NA,NA,NA,NA,NA,NA,NA,NA,NA,NA,NA,NA,NA,NA,NA,NA,NA,NA,NA,NA,NA,NA,NA,NA,NA,NA,NA,NA,NA,NA,NA,NA,NA,NA,NA,NA,NA,NA,NA,NA,NA,NA,NA,NA,NA,NA,NA,NA,NA,NA,NA,NA,NA,NA,NA,NA,NA,NA,NA,NA,NA,NA,NA,NA,NA,NA,NA,NA,NA,NA,NA,NA,NA,NA,NA,NA,NA,NA,NA,NA,NA,NA,NA,NA,NA,NA,NA,NA,NA,NA,NA,NA,NA,NA,NA,NA,NA,NA,NA,NA,NA,NA,NA,NA,NA,NA,NA,NA,NA,NA,NA,NA,NA,NA,NA,NA,NA,NA,NA,NA,NA,NA,NA,NA,NA,NA,NA,NA,NA,NA,NA,NA,NA,NA,NA,NA,NA,NA,NA,NA,NA,NA,NA,NA,NA,NA,NA,NA,NA,NA,NA,NA,NA,NA,NA,NA,NA,NA,NA,NA,NA,NA
0.0991085474567383,0.0991085474567383,0.0991085474567383,"ACTGAGCGTGTGAGGTTTCTGCAGAGATATTTCTACAACAAGGAGGAGGATGTTTACTTTGACAGTGATGTCGGTAAATTCATAGCAAAGACAGAGAATGGGAGACCTGATGCTGACAGCTGGAACAGTAATAAGGACTTCATAGAGCAGATGAAGGCTGCGGTGGAAACATTTTGTAAACACAACTATGATATAATACACAGT","46e30cc0916dd02b3249e3ecb418e87c",204,189,1,"MHCII-0000055-C",NA,NA,NA,NA,NA,NA,NA,NA,NA,NA,NA,NA,NA,NA,NA,NA,NA,NA,NA,NA,NA,NA,NA,NA,NA,NA,NA,NA,NA,NA,NA,NA,NA,NA,NA,NA,NA,NA,NA,NA,NA,NA,NA,NA,NA,NA,NA,NA,NA,NA,NA,NA,NA,NA,NA,NA,NA,NA,NA,NA,NA,NA,NA,NA,NA,NA,NA,NA,NA,NA,NA,NA,NA,NA,NA,NA,NA,NA,NA,NA,NA,NA,NA,NA,NA,NA,NA,NA,NA,NA,NA,NA,NA,NA,NA,NA,NA,NA,NA,NA,NA,NA,NA,NA,NA,NA,NA,NA,NA,NA,NA,NA,NA,NA,NA,NA,NA,NA,NA,NA,NA,NA,NA,NA,NA,NA,NA,NA,NA,NA,NA,NA,NA,NA,NA,NA,NA,NA,NA,NA,NA,NA,NA,NA,NA,NA,NA,NA,NA,NA,NA,NA,NA,NA,NA,NA,NA,NA,NA,NA,NA,NA,NA,NA,NA,NA,NA,NA,NA,NA,NA,NA,NA,NA,NA,NA,NA,NA,NA,NA,NA,NA,NA,NA,NA,0.0991085474567383,NA,NA,NA,NA,NA,NA,NA,NA,NA,NA,NA,NA,NA,NA,NA,NA,NA,NA,NA,NA,NA,NA,NA,NA,NA,NA,NA,NA,NA,NA,NA,NA,NA,NA,NA,NA,NA,NA,NA,NA,NA,NA,NA,NA,NA,NA,NA,NA,NA,NA,NA,NA,NA,NA,NA,NA,NA,NA,NA,NA,NA,NA,NA,NA,NA,NA,NA,NA,NA,NA,NA,NA,NA,NA,NA,NA,NA,NA,NA,NA
0.342925659472422,0.342925659472422,0.342925659472422,"ACTGACCATGTTAGATATCTGGAGAGATGGTTCTACAACAAGGAGGAGTTTGTTTACTTTGACAGTGATGTTGGTAAATTCATAGCAAAGACAGAGTTTGGGAGACCTGATGCTGACTACTGGAACAGTAATAAGGACATCATAGAGAGGAAAAAGGCTGCGGTGGAAACATACTGTAAATACAACTATGGTATATGGGAGACA","cc25a4d78ef94f723434b4e38de4baaa",204,143,1,"MHCII-0000056-C",NA,NA,NA,NA,NA,NA,NA,NA,NA,NA,NA,NA,NA,NA,NA,NA,NA,NA,NA,NA,NA,NA,NA,NA,0.342925659472422,NA,NA,NA,NA,NA,NA,NA,NA,NA,NA,NA,NA,NA,NA,NA,NA,NA,NA,NA,NA,NA,NA,NA,NA,NA,NA,NA,NA,NA,NA,NA,NA,NA,NA,NA,NA,NA,NA,NA,NA,NA,NA,NA,NA,NA,NA,NA,NA,NA,NA,NA,NA,NA,NA,NA,NA,NA,NA,NA,NA,NA,NA,NA,NA,NA,NA,NA,NA,NA,NA,NA,NA,NA,NA,NA,NA,NA,NA,NA,NA,NA,NA,NA,NA,NA,NA,NA,NA,NA,NA,NA,NA,NA,NA,NA,NA,NA,NA,NA,NA,NA,NA,NA,NA,NA,NA,NA,NA,NA,NA,NA,NA,NA,NA,NA,NA,NA,NA,NA,NA,NA,NA,NA,NA,NA,NA,NA,NA,NA,NA,NA,NA,NA,NA,NA,NA,NA,NA,NA,NA,NA,NA,NA,NA,NA,NA,NA,NA,NA,NA,NA,NA,NA,NA,NA,NA,NA,NA,NA,NA,NA,NA,NA,NA,NA,NA,NA,NA,NA,NA,NA,NA,NA,NA,NA,NA,NA,NA,NA,NA,NA,NA,NA,NA,NA,NA,NA,NA,NA,NA,NA,NA,NA,NA,NA,NA,NA,NA,NA,NA,NA,NA,NA,NA,NA,NA,NA,NA,NA,NA,NA,NA,NA,NA,NA,NA,NA,NA,NA,NA,NA,NA,NA,NA,NA,NA,NA,NA,NA,NA,NA,NA,NA,NA,NA,NA,NA,NA,NA,NA,NA
0.124117053481332,0.124117053481332,0.124117053481332,"ACTGAGCGTGTGAGGCTTCTGCAGAGATATTTCTACAACAAGGAGGAGGATGTTTACTTTGACAGTGATGTCGGTAAATTCATAGCAAAGACAGAGTTTGGGAGACCTGAGGCTGACAGCTGGAACAGTAATAAGGACATCATAGAGCAGATGAAGGCTCAGGTGGAAACAGTCTGTAAAATCAACTATGATGTATTCCACAGT","e612184fff37b9ea23d09d7202fe41b7",204,125,2,"MHCII-0000057-C",NA,NA,NA,NA,NA,NA,NA,NA,NA,NA,NA,NA,NA,NA,NA,NA,NA,NA,NA,NA,NA,NA,NA,NA,NA,NA,NA,NA,NA,NA,NA,NA,NA,NA,NA,NA,NA,NA,NA,NA,NA,NA,NA,NA,NA,NA,NA,NA,NA,NA,NA,NA,NA,NA,NA,NA,NA,NA,NA,0.124117053481332,NA,NA,NA,NA,NA,NA,NA,NA,NA,NA,NA,NA,NA,NA,NA,NA,NA,NA,NA,NA,NA,NA,NA,NA,NA,NA,NA,NA,NA,NA,NA,NA,NA,NA,NA,NA,NA,NA,NA,NA,NA,NA,NA,NA,NA,NA,NA,NA,NA,NA,NA,NA,NA,NA,NA,NA,NA,NA,NA,NA,NA,NA,NA,NA,NA,NA,NA,NA,NA,NA,NA,NA,NA,NA,NA,NA,NA,NA,NA,NA,NA,NA,NA,NA,NA,NA,NA,NA,NA,NA,NA,NA,NA,NA,NA,NA,NA,NA,NA,NA,NA,NA,NA,NA,NA,NA,NA,NA,NA,NA,NA,NA,NA,NA,NA,NA,NA,NA,NA,NA,NA,NA,NA,NA,NA,NA,NA,NA,NA,NA,NA,NA,NA,NA,NA,NA,NA,NA,NA,NA,NA,NA,NA,NA,NA,NA,NA,NA,NA,NA,NA,NA,NA,NA,NA,NA,NA,NA,NA,NA,NA,NA,NA,NA,NA,NA,NA,NA,NA,NA,NA,NA,NA,NA,NA,NA,NA,NA,NA,NA,NA,NA,NA,NA,NA,NA,NA,NA,NA,NA,NA,NA,NA,NA,NA,NA,NA,NA,NA,NA,NA,NA,NA,NA,NA,NA
0.152733118971061,0.152733118971061,0.152733118971061,"ACTGAGCGTGTGAGGTTTCTGGAGAGATATTTCTACAACGAGGAGGACTTTGTTTACTTTGACAGTGATGTTGGTAAATTCATAGCAAAGACAGAGTTTGGGAGACCTGATGCTGACTACTGGAACAGTGATAAGGACATCATAGAGCAGAGAAAGGCTAGGGTGGAAACATTCTGTAAATATAACTATGGTGGATTACACAGT","f1b92bfed14c3c16beae90cc0257a7ae",204,95,1,"MHCII-0000058-C",NA,NA,NA,NA,NA,NA,NA,NA,NA,NA,NA,NA,NA,NA,NA,NA,NA,NA,NA,NA,NA,NA,NA,NA,NA,NA,NA,NA,NA,NA,NA,NA,NA,NA,NA,NA,0.152733118971061,NA,NA,NA,NA,NA,NA,NA,NA,NA,NA,NA,NA,NA,NA,NA,NA,NA,NA,NA,NA,NA,NA,NA,NA,NA,NA,NA,NA,NA,NA,NA,NA,NA,NA,NA,NA,NA,NA,NA,NA,NA,NA,NA,NA,NA,NA,NA,NA,NA,NA,NA,NA,NA,NA,NA,NA,NA,NA,NA,NA,NA,NA,NA,NA,NA,NA,NA,NA,NA,NA,NA,NA,NA,NA,NA,NA,NA,NA,NA,NA,NA,NA,NA,NA,NA,NA,NA,NA,NA,NA,NA,NA,NA,NA,NA,NA,NA,NA,NA,NA,NA,NA,NA,NA,NA,NA,NA,NA,NA,NA,NA,NA,NA,NA,NA,NA,NA,NA,NA,NA,NA,NA,NA,NA,NA,NA,NA,NA,NA,NA,NA,NA,NA,NA,NA,NA,NA,NA,NA,NA,NA,NA,NA,NA,NA,NA,NA,NA,NA,NA,NA,NA,NA,NA,NA,NA,NA,NA,NA,NA,NA,NA,NA,NA,NA,NA,NA,NA,NA,NA,NA,NA,NA,NA,NA,NA,NA,NA,NA,NA,NA,NA,NA,NA,NA,NA,NA,NA,NA,NA,NA,NA,NA,NA,NA,NA,NA,NA,NA,NA,NA,NA,NA,NA,NA,NA,NA,NA,NA,NA,NA,NA,NA,NA,NA,NA,NA,NA,NA,NA,NA,NA,NA,NA,NA,NA,NA,NA,NA
0.057161629434954,0.057161629434954,0.057161629434954,"ACTGAGCGTGTGAGGTTTCTGGAGAGACATTTCTACAACAAGGAGGAGTTTGTTTACTTTGACAGTGATGTCGGTAAATACACAGCGAAGACAGAGTTTGGGAGACCTGATGCTGACTACTGGAACAGTAATAAGGACCTCATAGAGCAGAAAAAGGCTAGGGTGGAAACATACTGTAAACACAACTATGATGTATTCCACAGT","3940bd78b0282efb07a75c01161ad332",204,87,1,"MHCII-0000059-C",NA,NA,NA,NA,NA,NA,NA,NA,NA,NA,NA,NA,NA,NA,NA,NA,NA,NA,NA,NA,NA,NA,NA,NA,NA,NA,NA,NA,NA,NA,NA,NA,NA,NA,NA,NA,NA,NA,NA,NA,NA,NA,NA,NA,NA,NA,NA,NA,NA,NA,NA,NA,NA,NA,NA,NA,NA,NA,NA,NA,NA,NA,NA,NA,NA,NA,NA,NA,NA,NA,NA,NA,NA,NA,NA,NA,NA,NA,NA,NA,NA,NA,NA,NA,NA,NA,NA,NA,NA,NA,NA,NA,NA,NA,NA,NA,NA,NA,NA,NA,NA,NA,NA,NA,NA,NA,NA,NA,NA,NA,NA,NA,NA,NA,NA,NA,NA,NA,NA,NA,NA,NA,NA,NA,NA,NA,NA,NA,NA,NA,NA,NA,NA,NA,NA,NA,NA,NA,NA,NA,NA,NA,NA,NA,NA,NA,NA,NA,NA,NA,NA,NA,NA,NA,NA,NA,NA,NA,NA,NA,NA,NA,NA,NA,NA,NA,NA,NA,NA,NA,NA,NA,NA,NA,NA,NA,NA,NA,NA,NA,NA,NA,NA,NA,NA,NA,NA,NA,NA,NA,NA,NA,NA,NA,NA,NA,0.057161629434954,NA,NA,NA,NA,NA,NA,NA,NA,NA,NA,NA,NA,NA,NA,NA,NA,NA,NA,NA,NA,NA,NA,NA,NA,NA,NA,NA,NA,NA,NA,NA,NA,NA,NA,NA,NA,NA,NA,NA,NA,NA,NA,NA,NA,NA,NA,NA,NA,NA,NA,NA,NA,NA,NA,NA,NA,NA,NA,NA,NA,NA,NA,NA,NA,NA,NA,NA,NA,NA
0.136678200692042,0.136678200692042,0.136678200692042,"ACTGAGCGTGTGAGGTACCTGCAGAGACATTTCTACAACAAGGAGGAGGTTGTTTACTTTGACAGTGATGTCGGTAAATTCATAGCAAAGACAGAGCTTGGGAGACCTGATGCTGACTACTGGAACAGTAATAAGGACTTCATAGAGCAGAAAAGGGCTGCGGTGGAAACATTTTGTAAACACAACTATGGTGTAATACACAGT","919505465396ca578740d81839d2ec97",204,79,1,"MHCII-0000060-C",NA,NA,NA,NA,NA,NA,NA,NA,NA,NA,NA,NA,NA,NA,NA,0.136678200692042,NA,NA,NA,NA,NA,NA,NA,NA,NA,NA,NA,NA,NA,NA,NA,NA,NA,NA,NA,NA,NA,NA,NA,NA,NA,NA,NA,NA,NA,NA,NA,NA,NA,NA,NA,NA,NA,NA,NA,NA,NA,NA,NA,NA,NA,NA,NA,NA,NA,NA,NA,NA,NA,NA,NA,NA,NA,NA,NA,NA,NA,NA,NA,NA,NA,NA,NA,NA,NA,NA,NA,NA,NA,NA,NA,NA,NA,NA,NA,NA,NA,NA,NA,NA,NA,NA,NA,NA,NA,NA,NA,NA,NA,NA,NA,NA,NA,NA,NA,NA,NA,NA,NA,NA,NA,NA,NA,NA,NA,NA,NA,NA,NA,NA,NA,NA,NA,NA,NA,NA,NA,NA,NA,NA,NA,NA,NA,NA,NA,NA,NA,NA,NA,NA,NA,NA,NA,NA,NA,NA,NA,NA,NA,NA,NA,NA,NA,NA,NA,NA,NA,NA,NA,NA,NA,NA,NA,NA,NA,NA,NA,NA,NA,NA,NA,NA,NA,NA,NA,NA,NA,NA,NA,NA,NA,NA,NA,NA,NA,NA,NA,NA,NA,NA,NA,NA,NA,NA,NA,NA,NA,NA,NA,NA,NA,NA,NA,NA,NA,NA,NA,NA,NA,NA,NA,NA,NA,NA,NA,NA,NA,NA,NA,NA,NA,NA,NA,NA,NA,NA,NA,NA,NA,NA,NA,NA,NA,NA,NA,NA,NA,NA,NA,NA,NA,NA,NA,NA,NA,NA,NA,NA,NA,NA,NA,NA,NA,NA,NA,NA
0.0656799259944496,0.0656799259944496,0.0656799259944496,"ACTGAGCGTGTGAGGCTTCTGCAGAGATATTTCTACAACAAGGAGGAGGATGTTTACTTTGACAGTGATGTCGGTAAATTCATAGCAAAGACAGAGTTTGGGAGACCTGAGGCTGACAGCTGGAACAGTAATAAGGACATCATAGAGCAGATGAAGGCTCAGGTGGAAACAGTCTGTAAACACAACTATGATGTATTCCACAGT","49dcf4a07c825bc0223b2874232ec665",204,73,2,"MHCII-0000061-C",NA,NA,NA,NA,NA,NA,NA,NA,NA,NA,NA,NA,NA,NA,NA,NA,NA,NA,NA,NA,NA,NA,NA,NA,NA,NA,NA,NA,NA,NA,NA,NA,NA,NA,NA,NA,NA,NA,NA,NA,NA,NA,NA,NA,NA,NA,NA,NA,0.0656799259944496,NA,NA,NA,NA,NA,NA,NA,NA,NA,NA,NA,NA,NA,NA,NA,NA,NA,NA,NA,NA,NA,NA,NA,NA,NA,NA,NA,NA,NA,NA,NA,NA,NA,NA,NA,NA,NA,NA,NA,NA,NA,NA,NA,NA,NA,NA,NA,NA,NA,NA,NA,NA,NA,NA,NA,NA,NA,NA,NA,NA,NA,NA,NA,NA,NA,NA,NA,NA,NA,NA,NA,NA,NA,NA,NA,NA,NA,NA,NA,NA,NA,NA,NA,NA,NA,NA,NA,NA,NA,NA,NA,NA,NA,NA,NA,NA,NA,NA,NA,NA,NA,NA,NA,NA,NA,NA,NA,NA,NA,NA,NA,NA,NA,NA,NA,NA,NA,NA,NA,NA,NA,NA,NA,NA,NA,NA,NA,NA,NA,NA,NA,NA,NA,NA,NA,NA,NA,NA,NA,NA,NA,NA,NA,NA,NA,NA,NA,NA,NA,NA,NA,NA,NA,NA,NA,NA,NA,NA,NA,NA,NA,NA,NA,NA,NA,NA,NA,NA,NA,NA,NA,NA,NA,NA,NA,NA,NA,NA,NA,NA,NA,NA,NA,NA,NA,NA,NA,NA,NA,NA,NA,NA,NA,NA,NA,NA,NA,NA,NA,NA,NA,NA,NA,NA,NA,NA,NA,NA,NA,NA,NA,NA,NA,NA,NA,NA,NA
0.0824324324324324,0.0824324324324324,0.0824324324324324,"ACTGAGCATGTAAGGTACCTGGACAGATATTTCTACAACAAGGAGGAGTTTGTTTACTTTGACAGTGATGTTGGTAAATACATAGCAAAGACAGAGTTTGGGAGACCTAGTGCTGACTACTGGAACAGTAATAAGGACATCATAGAGGATCAAAAGGCTTCGGTGGAAACAGTCTGTAAACACAACTATGATGTATTCCACAGT","553894ee792aaf5528b12eac0074bfd4",204,61,1,"MHCII-0000062-C",NA,NA,NA,NA,NA,NA,NA,NA,NA,NA,NA,NA,NA,NA,NA,NA,NA,NA,NA,NA,NA,NA,NA,NA,NA,NA,NA,NA,NA,NA,NA,NA,NA,NA,NA,NA,NA,NA,NA,NA,NA,NA,NA,NA,NA,NA,NA,NA,NA,NA,NA,NA,NA,NA,NA,NA,NA,NA,NA,NA,NA,NA,NA,NA,NA,NA,NA,NA,NA,NA,NA,NA,NA,NA,NA,NA,NA,NA,NA,NA,NA,NA,NA,NA,NA,NA,NA,NA,NA,NA,NA,NA,NA,NA,NA,NA,NA,NA,NA,NA,NA,NA,NA,NA,NA,NA,NA,NA,NA,NA,NA,NA,NA,NA,NA,NA,NA,NA,NA,NA,NA,NA,NA,NA,NA,NA,NA,NA,NA,NA,NA,NA,NA,NA,NA,NA,NA,NA,NA,NA,NA,NA,NA,NA,NA,NA,NA,NA,NA,NA,NA,NA,NA,NA,0.0824324324324324,NA,NA,NA,NA,NA,NA,NA,NA,NA,NA,NA,NA,NA,NA,NA,NA,NA,NA,NA,NA,NA,NA,NA,NA,NA,NA,NA,NA,NA,NA,NA,NA,NA,NA,NA,NA,NA,NA,NA,NA,NA,NA,NA,NA,NA,NA,NA,NA,NA,NA,NA,NA,NA,NA,NA,NA,NA,NA,NA,NA,NA,NA,NA,NA,NA,NA,NA,NA,NA,NA,NA,NA,NA,NA,NA,NA,NA,NA,NA,NA,NA,NA,NA,NA,NA,NA,NA,NA,NA,NA,NA,NA,NA,NA,NA,NA,NA,NA,NA,NA,NA,NA,NA,NA,NA,NA,NA,NA,NA,NA,NA
0.010958904109589,0.010958904109589,0.010958904109589,"ACTGAGCGTGTGAGGTATCTGGAGAGATGGTTCTACAACAAGGAGGAGGTTCTTTACTTTGACAGTGATGTTGGTAAATACATAGCGAAGACAGAGCTTTGGAGACCTGATGCTGACTACTGGAACAGTAATAAGGACCTCATAGAGCAGAGAAAGGCTCAGGTGGAAACATTCTGTAAAAACAACTATGATATAATACACAGT","981f009116940bcb6ea63c320db376a4",204,36,1,"MHCII-0000064-C",NA,NA,NA,NA,NA,NA,NA,NA,NA,NA,NA,NA,NA,NA,NA,NA,NA,NA,NA,NA,NA,NA,NA,NA,NA,NA,NA,NA,NA,NA,NA,NA,NA,NA,NA,NA,NA,NA,NA,NA,NA,NA,NA,NA,NA,NA,NA,NA,NA,NA,NA,NA,NA,NA,NA,NA,NA,NA,NA,NA,NA,NA,NA,NA,NA,NA,NA,NA,NA,NA,NA,NA,NA,NA,NA,NA,NA,NA,NA,NA,NA,NA,NA,NA,NA,NA,NA,NA,NA,NA,NA,NA,NA,NA,NA,NA,NA,NA,NA,NA,NA,NA,NA,NA,NA,NA,NA,NA,NA,NA,NA,NA,NA,NA,NA,0.010958904109589,NA,NA,NA,NA,NA,NA,NA,NA,NA,NA,NA,NA,NA,NA,NA,NA,NA,NA,NA,NA,NA,NA,NA,NA,NA,NA,NA,NA,NA,NA,NA,NA,NA,NA,NA,NA,NA,NA,NA,NA,NA,NA,NA,NA,NA,NA,NA,NA,NA,NA,NA,NA,NA,NA,NA,NA,NA,NA,NA,NA,NA,NA,NA,NA,NA,NA,NA,NA,NA,NA,NA,NA,NA,NA,NA,NA,NA,NA,NA,NA,NA,NA,NA,NA,NA,NA,NA,NA,NA,NA,NA,NA,NA,NA,NA,NA,NA,NA,NA,NA,NA,NA,NA,NA,NA,NA,NA,NA,NA,NA,NA,NA,NA,NA,NA,NA,NA,NA,NA,NA,NA,NA,NA,NA,NA,NA,NA,NA,NA,NA,NA,NA,NA,NA,NA,NA,NA,NA,NA,NA,NA,NA,NA,NA,NA,NA,NA,NA,NA,NA
0.104761904761905,0.104761904761905,0.104761904761905,"ACTGAGCGTGTGAGGCTTCTGCAGAGATATTTCTACAACAAGGAGGAGATTGTTTACTTTGACAGTGATGTTGGTAAATTCATAGCAAAGACAGAGCTTGGGAGACCTGATGCTGACAGCTGGAACAGTAATAAGGACTTCATAGAGCAGATGAAGGCTCAGGTGGAAACATTCTGTAAACACAACTATGGTATATTACACAGT","87554711ec86e9f7113b2dc4d57d5fbe",204,33,1,"MHCII-0000065-C",NA,NA,NA,NA,NA,NA,NA,NA,NA,NA,NA,NA,NA,NA,NA,NA,NA,NA,NA,NA,NA,NA,NA,NA,NA,NA,NA,NA,NA,NA,NA,NA,NA,NA,NA,NA,NA,NA,0.104761904761905,NA,NA,NA,NA,NA,NA,NA,NA,NA,NA,NA,NA,NA,NA,NA,NA,NA,NA,NA,NA,NA,NA,NA,NA,NA,NA,NA,NA,NA,NA,NA,NA,NA,NA,NA,NA,NA,NA,NA,NA,NA,NA,NA,NA,NA,NA,NA,NA,NA,NA,NA,NA,NA,NA,NA,NA,NA,NA,NA,NA,NA,NA,NA,NA,NA,NA,NA,NA,NA,NA,NA,NA,NA,NA,NA,NA,NA,NA,NA,NA,NA,NA,NA,NA,NA,NA,NA,NA,NA,NA,NA,NA,NA,NA,NA,NA,NA,NA,NA,NA,NA,NA,NA,NA,NA,NA,NA,NA,NA,NA,NA,NA,NA,NA,NA,NA,NA,NA,NA,NA,NA,NA,NA,NA,NA,NA,NA,NA,NA,NA,NA,NA,NA,NA,NA,NA,NA,NA,NA,NA,NA,NA,NA,NA,NA,NA,NA,NA,NA,NA,NA,NA,NA,NA,NA,NA,NA,NA,NA,NA,NA,NA,NA,NA,NA,NA,NA,NA,NA,NA,NA,NA,NA,NA,NA,NA,NA,NA,NA,NA,NA,NA,NA,NA,NA,NA,NA,NA,NA,NA,NA,NA,NA,NA,NA,NA,NA,NA,NA,NA,NA,NA,NA,NA,NA,NA,NA,NA,NA,NA,NA,NA,NA,NA,NA,NA,NA,NA,NA,NA,NA,NA,NA,NA,NA,NA,NA
0.0188679245283019,0.0188679245283019,0.0188679245283019,"ACTGAGCGTGTGAGGCTTCTGCAGAGATATTTCTACAACAAGGAGGAGTTTGTTTACTTTGACAGTGATGTCGGTAAATTCATAGCAAAGACAGAGTTTGGGAGACCTGAGGCTGACAGCTGGAACAGTAATAAGGACATCATAGAGCAGATGAAGGCTCAGGTGGAAACAGTCTGTAAACACAACTATGGTGTAATACACAGT","464ab00ddff90275fb5eccb41ca0c227",204,28,1,"MHCII-0000066-C",NA,NA,NA,NA,NA,NA,NA,NA,NA,NA,NA,NA,NA,NA,NA,NA,NA,NA,NA,NA,NA,NA,NA,NA,NA,NA,NA,NA,NA,NA,NA,NA,NA,NA,NA,NA,NA,NA,NA,NA,NA,NA,NA,NA,NA,NA,NA,NA,NA,NA,NA,NA,NA,0.0188679245283019,NA,NA,NA,NA,NA,NA,NA,NA,NA,NA,NA,NA,NA,NA,NA,NA,NA,NA,NA,NA,NA,NA,NA,NA,NA,NA,NA,NA,NA,NA,NA,NA,NA,NA,NA,NA,NA,NA,NA,NA,NA,NA,NA,NA,NA,NA,NA,NA,NA,NA,NA,NA,NA,NA,NA,NA,NA,NA,NA,NA,NA,NA,NA,NA,NA,NA,NA,NA,NA,NA,NA,NA,NA,NA,NA,NA,NA,NA,NA,NA,NA,NA,NA,NA,NA,NA,NA,NA,NA,NA,NA,NA,NA,NA,NA,NA,NA,NA,NA,NA,NA,NA,NA,NA,NA,NA,NA,NA,NA,NA,NA,NA,NA,NA,NA,NA,NA,NA,NA,NA,NA,NA,NA,NA,NA,NA,NA,NA,NA,NA,NA,NA,NA,NA,NA,NA,NA,NA,NA,NA,NA,NA,NA,NA,NA,NA,NA,NA,NA,NA,NA,NA,NA,NA,NA,NA,NA,NA,NA,NA,NA,NA,NA,NA,NA,NA,NA,NA,NA,NA,NA,NA,NA,NA,NA,NA,NA,NA,NA,NA,NA,NA,NA,NA,NA,NA,NA,NA,NA,NA,NA,NA,NA,NA,NA,NA,NA,NA,NA,NA,NA,NA,NA,NA,NA,NA,NA,NA,NA,NA,NA,NA
0.021656050955414,0.021656050955414,0.021656050955414,"ACTGAGCGTGTGAGGTATCTGGAGAGATGGTTCTACAACAAGGAGGAGGTTCTTTACTTTGACAGTGATGTTGGTAAATACATAGCGAACATAGAGCTTTGGAGACCTGATGCTGACTACTGGAACAGTGATAAGGACTTCATAGAGCAGAAAAAGGCTGAGGTGGAAACATTCTGTAAACACAACTATGATATATTACACAGT","c559f72fb68b5684ad4ff6a457c50613",204,17,1,"MHCII-0000069-C",NA,NA,NA,NA,NA,NA,0.021656050955414,NA,NA,NA,NA,NA,NA,NA,NA,NA,NA,NA,NA,NA,NA,NA,NA,NA,NA,NA,NA,NA,NA,NA,NA,NA,NA,NA,NA,NA,NA,NA,NA,NA,NA,NA,NA,NA,NA,NA,NA,NA,NA,NA,NA,NA,NA,NA,NA,NA,NA,NA,NA,NA,NA,NA,NA,NA,NA,NA,NA,NA,NA,NA,NA,NA,NA,NA,NA,NA,NA,NA,NA,NA,NA,NA,NA,NA,NA,NA,NA,NA,NA,NA,NA,NA,NA,NA,NA,NA,NA,NA,NA,NA,NA,NA,NA,NA,NA,NA,NA,NA,NA,NA,NA,NA,NA,NA,NA,NA,NA,NA,NA,NA,NA,NA,NA,NA,NA,NA,NA,NA,NA,NA,NA,NA,NA,NA,NA,NA,NA,NA,NA,NA,NA,NA,NA,NA,NA,NA,NA,NA,NA,NA,NA,NA,NA,NA,NA,NA,NA,NA,NA,NA,NA,NA,NA,NA,NA,NA,NA,NA,NA,NA,NA,NA,NA,NA,NA,NA,NA,NA,NA,NA,NA,NA,NA,NA,NA,NA,NA,NA,NA,NA,NA,NA,NA,NA,NA,NA,NA,NA,NA,NA,NA,NA,NA,NA,NA,NA,NA,NA,NA,NA,NA,NA,NA,NA,NA,NA,NA,NA,NA,NA,NA,NA,NA,NA,NA,NA,NA,NA,NA,NA,NA,NA,NA,NA,NA,NA,NA,NA,NA,NA,NA,NA,NA,NA,NA,NA,NA,NA,NA,NA,NA,NA,NA,NA,NA,NA,NA,NA,NA,NA,NA,NA,NA,NA,NA,NA
0.011472275334608,0.31488275919765,0.925294888597641,"ACTGAGCGTGTGAGGTTTATGGAGAGATGGTTCTACAACAAGGAGGAGGCTGTTTACTTTGACAGTGATGTTGGTAAATACATAGCGAAGACAGAGCTTGGGAGACCTGAGGCTGACTACTGGAACAGTGATAAGGACCTCATAGAGCAGAGAAAGGCTGAGGTGGAAACATTCTGTAAACACAACTATGATGCAGCTGAACATATT","d7b457394fa4f3b8fb56716c67a886bc",207,32530,75,"MHCII-0000003-C",NA,NA,NA,NA,NA,0.225062344139651,NA,NA,NA,NA,NA,NA,NA,NA,NA,NA,NA,NA,NA,NA,NA,NA,NA,NA,NA,NA,NA,NA,NA,NA,NA,NA,NA,NA,NA,NA,NA,NA,NA,NA,0.371002132196162,NA,NA,NA,NA,NA,NA,NA,NA,NA,0.0123906705539359,0.019893899204244,NA,0.0128032345013477,NA,NA,0.495513459621137,0.500486854917235,0.262718299164768,0.214934409687185,NA,0.548330404217926,0.024906600249066,0.288261515601783,0.907433380084151,0.293487221764221,0.0122137404580153,NA,0.246006389776358,NA,0.0126448893572181,NA,NA,0.0146545708304257,0.011472275334608,NA,0.0118043844856661,0.293800539083558,0.306086956521739,0.153374233128834,NA,0.217139175257732,0.354958294717331,NA,0.0160466812545587,NA,0.297206703910615,NA,NA,NA,0.696307460437076,NA,NA,NA,NA,NA,NA,NA,NA,0.239982766049117,NA,NA,0.55140758873929,NA,NA,NA,NA,NA,NA,NA,NA,NA,NA,NA,NA,0.263318112633181,0.304469273743017,NA,0.627679697351828,NA,NA,NA,NA,0.405412719891746,NA,NA,0.0160277236300628,NA,NA,NA,NA,NA,NA,NA,NA,NA,NA,0.27082526152654,NA,NA,NA,NA,NA,NA,NA,NA,NA,NA,0.459149223497637,NA,NA,NA,NA,NA,NA,NA,NA,NA,NA,NA,NA,0.0231980115990058,NA,NA,NA,NA,NA,NA,NA,NA,NA,NA,NA,NA,NA,NA,NA,0.442307692307692,0.299468791500664,0.42008843967151,NA,NA,NA,NA,NA,NA,NA,NA,NA,0.379942140790743,NA,NA,NA,NA,NA,NA,NA,NA,NA,NA,NA,NA,NA,0.216913158892681,NA,NA,0.361786996410052,0.230994152046784,NA,0.250909090909091,0.364874815905744,0.317396101507907,NA,NA,0.401596993893847,0.600317208564631,NA,0.244375216337833,0.117452985813263,0.207928197456993,0.338931297709924,NA,NA,0.61648177496038,NA,0.752226720647773,NA,NA,NA,NA,0.334527220630372,0.0126582278481013,NA,NA,NA,0.500922509225092,NA,NA,0.442835365853659,0.300859598853868,0.925294888597641,0.0206043956043956,NA,0.0260492040520984,NA,NA,0.302414231257942,0.013262599469496,NA,NA,0.918367346938776,0.45271629778672,NA,NA,NA,NA,NA,NA,0.219767441860465,NA,NA,0.918575063613232,NA,NA,0.421418636995828,NA
0.231756214915798,0.263709907720711,0.295663600525624,"ACTGAGCATGTGAGGTACCTGGAGAGATATTTCTACAACAAGGAGGAGTTTGTTTACTTTGACAGTGATATCGGTAAATTCATAGCGAAGACAGAGTTTGGGAGACCTGATGCTGACTACTGGAACAGTAATAAGGACATCATAGAGCAGAAAAAGGCTGCGGTGGAAACATTCTGTAAATACAACTATGATATAGCTGAACAAATT","910d17f012b900c009b091787e9605f1",207,1028,2,"MHCII-0000039-C",NA,NA,NA,NA,NA,NA,NA,NA,NA,NA,NA,NA,NA,NA,NA,NA,NA,NA,NA,NA,NA,NA,NA,NA,NA,NA,NA,NA,NA,NA,NA,NA,NA,NA,NA,NA,NA,NA,NA,NA,NA,NA,NA,NA,NA,NA,NA,NA,NA,NA,NA,NA,NA,NA,NA,NA,NA,NA,NA,NA,NA,NA,NA,NA,NA,NA,NA,NA,NA,NA,NA,NA,NA,NA,NA,NA,NA,NA,NA,NA,NA,NA,NA,NA,NA,NA,NA,NA,NA,NA,NA,NA,NA,NA,NA,NA,NA,NA,NA,NA,NA,NA,NA,NA,NA,NA,NA,NA,NA,NA,NA,NA,NA,NA,NA,NA,NA,NA,NA,NA,NA,NA,NA,NA,NA,NA,NA,NA,NA,NA,NA,NA,NA,NA,NA,NA,NA,NA,NA,NA,NA,NA,NA,NA,NA,NA,NA,NA,NA,NA,NA,NA,NA,NA,NA,NA,NA,NA,NA,NA,NA,NA,NA,NA,NA,NA,NA,NA,NA,NA,NA,NA,NA,NA,NA,NA,NA,NA,NA,NA,NA,NA,NA,NA,NA,NA,NA,NA,NA,NA,NA,NA,NA,NA,NA,0.231756214915798,0.295663600525624,NA,NA,NA,NA,NA,NA,NA,NA,NA,NA,NA,NA,NA,NA,NA,NA,NA,NA,NA,NA,NA,NA,NA,NA,NA,NA,NA,NA,NA,NA,NA,NA,NA,NA,NA,NA,NA,NA,NA,NA,NA,NA,NA,NA,NA,NA,NA,NA,NA,NA,NA,NA,NA,NA,NA,NA,NA,NA,NA,NA,NA,NA,NA,NA,NA,NA,NA,NA,NA
