SP1,SP2,DISTANCE
bombina,bombina,0
bombina,variegata,15.44
bombina,marmoratus,629.707
bombina,pygmaeus,629.707
bombina,ivanbureschi,629.707
bombina,anatolicus,629.707
bombina,macedonicus,629.707
bombina,cristatus,629.707
bombina,montandoni,629.707001
bombina,vulgaris,629.707001
bombina,glareolus,692.2997
bombina,rutilus,692.2997
bombina,bocagei,692.2998
bombina,guadarramae,692.2998
bombina,virescens,692.2998
bombina,hispanicus,692.2998
bombina,vaucheri,692.2998
bombina,carbonelli,692.2998
bombina,liolepis,692.2998
bombina,astreptophora,692.2994
bombina,helvetica,692.2994
bombina,natrix,692.2994
bombina,colchica,692.2995
bombina,fragilis,692.2995
bombina,orbicularis,692.2995
bombina,trinacris,692.2995
bombina,varius,692.2998
bombina,ruber,692.2998
bombina,nuchalis,692.2998
bombina,salar,898.1456
bombina,trutta,898.1456
bombina,senegalensis,898.1456
bombina,aegyptiaca,898.1456
variegata,bombina,15.44
variegata,variegata,0
variegata,marmoratus,629.707
variegata,pygmaeus,629.707
variegata,ivanbureschi,629.707
variegata,anatolicus,629.707
variegata,macedonicus,629.707
variegata,cristatus,629.707
variegata,montandoni,629.707001
variegata,vulgaris,629.707001
variegata,glareolus,692.2997
variegata,rutilus,692.2997
variegata,bocagei,692.2998
variegata,guadarramae,692.2998
variegata,virescens,692.2998
variegata,hispanicus,692.2998
variegata,vaucheri,692.2998
variegata,carbonelli,692.2998
variegata,liolepis,692.2998
variegata,astreptophora,692.2994
variegata,helvetica,692.2994
variegata,natrix,692.2994
variegata,colchica,692.2995
variegata,fragilis,692.2995
variegata,orbicularis,692.2995
variegata,trinacris,692.2995
variegata,varius,692.2998
variegata,ruber,692.2998
variegata,nuchalis,692.2998
variegata,salar,898.1456
variegata,trutta,898.1456
variegata,senegalensis,898.1456
variegata,aegyptiaca,898.1456
marmoratus,bombina,629.707
marmoratus,variegata,629.707
marmoratus,marmoratus,0
marmoratus,pygmaeus,8.2
marmoratus,ivanbureschi,36.4
marmoratus,anatolicus,36.4
marmoratus,macedonicus,36.4
marmoratus,cristatus,36.4
marmoratus,montandoni,85.590887
marmoratus,vulgaris,85.590887
marmoratus,glareolus,692.2995
marmoratus,rutilus,692.2995
marmoratus,bocagei,692.2996
marmoratus,guadarramae,692.2996
marmoratus,virescens,692.2996
marmoratus,hispanicus,692.2996
marmoratus,vaucheri,692.2996
marmoratus,carbonelli,692.2996
marmoratus,liolepis,692.2996
marmoratus,astreptophora,692.2992
marmoratus,helvetica,692.2992
marmoratus,natrix,692.2992
marmoratus,colchica,692.2993
marmoratus,fragilis,692.2993
marmoratus,orbicularis,692.2993
marmoratus,trinacris,692.2993
marmoratus,varius,692.2996
marmoratus,ruber,692.2996
marmoratus,nuchalis,692.2996
marmoratus,salar,898.1454
marmoratus,trutta,898.1454
marmoratus,senegalensis,898.1454
marmoratus,aegyptiaca,898.1454
pygmaeus,bombina,629.707
pygmaeus,variegata,629.707
pygmaeus,marmoratus,8.2
pygmaeus,pygmaeus,0
pygmaeus,ivanbureschi,36.4
pygmaeus,anatolicus,36.4
pygmaeus,macedonicus,36.4
pygmaeus,cristatus,36.4
pygmaeus,montandoni,85.590887
pygmaeus,vulgaris,85.590887
pygmaeus,glareolus,692.2995
pygmaeus,rutilus,692.2995
pygmaeus,bocagei,692.2996
pygmaeus,guadarramae,692.2996
pygmaeus,virescens,692.2996
pygmaeus,hispanicus,692.2996
pygmaeus,vaucheri,692.2996
pygmaeus,carbonelli,692.2996
pygmaeus,liolepis,692.2996
pygmaeus,astreptophora,692.2992
pygmaeus,helvetica,692.2992
pygmaeus,natrix,692.2992
pygmaeus,colchica,692.2993
pygmaeus,fragilis,692.2993
pygmaeus,orbicularis,692.2993
pygmaeus,trinacris,692.2993
pygmaeus,varius,692.2996
pygmaeus,ruber,692.2996
pygmaeus,nuchalis,692.2996
pygmaeus,salar,898.1454
pygmaeus,trutta,898.1454
pygmaeus,senegalensis,898.1454
pygmaeus,aegyptiaca,898.1454
ivanbureschi,bombina,629.707
ivanbureschi,variegata,629.707
ivanbureschi,marmoratus,36.4
ivanbureschi,pygmaeus,36.4
ivanbureschi,ivanbureschi,0
ivanbureschi,anatolicus,8.62
ivanbureschi,macedonicus,14.56
ivanbureschi,cristatus,14.56
ivanbureschi,montandoni,85.590887
ivanbureschi,vulgaris,85.590887
ivanbureschi,glareolus,692.2995
ivanbureschi,rutilus,692.2995
ivanbureschi,bocagei,692.2996
ivanbureschi,guadarramae,692.2996
ivanbureschi,virescens,692.2996
ivanbureschi,hispanicus,692.2996
ivanbureschi,vaucheri,692.2996
ivanbureschi,carbonelli,692.2996
ivanbureschi,liolepis,692.2996
ivanbureschi,astreptophora,692.2992
ivanbureschi,helvetica,692.2992
ivanbureschi,natrix,692.2992
ivanbureschi,colchica,692.2993
ivanbureschi,fragilis,692.2993
ivanbureschi,orbicularis,692.2993
ivanbureschi,trinacris,692.2993
ivanbureschi,varius,692.2996
ivanbureschi,ruber,692.2996
ivanbureschi,nuchalis,692.2996
ivanbureschi,salar,898.1454
ivanbureschi,trutta,898.1454
ivanbureschi,senegalensis,898.1454
ivanbureschi,aegyptiaca,898.1454
anatolicus,bombina,629.707
anatolicus,variegata,629.707
anatolicus,marmoratus,36.4
anatolicus,pygmaeus,36.4
anatolicus,ivanbureschi,8.62
anatolicus,anatolicus,0
anatolicus,macedonicus,14.56
anatolicus,cristatus,14.56
anatolicus,montandoni,85.590887
anatolicus,vulgaris,85.590887
anatolicus,glareolus,692.2995
anatolicus,rutilus,692.2995
anatolicus,bocagei,692.2996
anatolicus,guadarramae,692.2996
anatolicus,virescens,692.2996
anatolicus,hispanicus,692.2996
anatolicus,vaucheri,692.2996
anatolicus,carbonelli,692.2996
anatolicus,liolepis,692.2996
anatolicus,astreptophora,692.2992
anatolicus,helvetica,692.2992
anatolicus,natrix,692.2992
anatolicus,colchica,692.2993
anatolicus,fragilis,692.2993
anatolicus,orbicularis,692.2993
anatolicus,trinacris,692.2993
anatolicus,varius,692.2996
anatolicus,ruber,692.2996
anatolicus,nuchalis,692.2996
anatolicus,salar,898.1454
anatolicus,trutta,898.1454
anatolicus,senegalensis,898.1454
anatolicus,aegyptiaca,898.1454
macedonicus,bombina,629.707
macedonicus,variegata,629.707
macedonicus,marmoratus,36.4
macedonicus,pygmaeus,36.4
macedonicus,ivanbureschi,14.56
macedonicus,anatolicus,14.56
macedonicus,macedonicus,0
macedonicus,cristatus,10.8
macedonicus,montandoni,85.590887
macedonicus,vulgaris,85.590887
macedonicus,glareolus,692.2995
macedonicus,rutilus,692.2995
macedonicus,bocagei,692.2996
macedonicus,guadarramae,692.2996
macedonicus,virescens,692.2996
macedonicus,hispanicus,692.2996
macedonicus,vaucheri,692.2996
macedonicus,carbonelli,692.2996
macedonicus,liolepis,692.2996
macedonicus,astreptophora,692.2992
macedonicus,helvetica,692.2992
macedonicus,natrix,692.2992
macedonicus,colchica,692.2993
macedonicus,fragilis,692.2993
macedonicus,orbicularis,692.2993
macedonicus,trinacris,692.2993
macedonicus,varius,692.2996
macedonicus,ruber,692.2996
macedonicus,nuchalis,692.2996
macedonicus,salar,898.1454
macedonicus,trutta,898.1454
macedonicus,senegalensis,898.1454
macedonicus,aegyptiaca,898.1454
cristatus,bombina,629.707
cristatus,variegata,629.707
cristatus,marmoratus,36.4
cristatus,pygmaeus,36.4
cristatus,ivanbureschi,14.56
cristatus,anatolicus,14.56
cristatus,macedonicus,10.8
cristatus,cristatus,0
cristatus,montandoni,85.590887
cristatus,vulgaris,85.590887
cristatus,glareolus,692.2995
cristatus,rutilus,692.2995
cristatus,bocagei,692.2996
cristatus,guadarramae,692.2996
cristatus,virescens,692.2996
cristatus,hispanicus,692.2996
cristatus,vaucheri,692.2996
cristatus,carbonelli,692.2996
cristatus,liolepis,692.2996
cristatus,astreptophora,692.2992
cristatus,helvetica,692.2992
cristatus,natrix,692.2992
cristatus,colchica,692.2993
cristatus,fragilis,692.2993
cristatus,orbicularis,692.2993
cristatus,trinacris,692.2993
cristatus,varius,692.2996
cristatus,ruber,692.2996
cristatus,nuchalis,692.2996
cristatus,salar,898.1454
cristatus,trutta,898.1454
cristatus,senegalensis,898.1454
cristatus,aegyptiaca,898.1454
montandoni,bombina,629.707001
montandoni,variegata,629.707001
montandoni,marmoratus,85.590887
montandoni,pygmaeus,85.590887
montandoni,ivanbureschi,85.590887
montandoni,anatolicus,85.590887
montandoni,macedonicus,85.590887
montandoni,cristatus,85.590887
montandoni,montandoni,0
montandoni,vulgaris,7.94
montandoni,glareolus,692.299501
montandoni,rutilus,692.299501
montandoni,bocagei,692.299601
montandoni,guadarramae,692.299601
montandoni,virescens,692.299601
montandoni,hispanicus,692.299601
montandoni,vaucheri,692.299601
montandoni,carbonelli,692.299601
montandoni,liolepis,692.299601
montandoni,astreptophora,692.299201
montandoni,helvetica,692.299201
montandoni,natrix,692.299201
montandoni,colchica,692.299301
montandoni,fragilis,692.299301
montandoni,orbicularis,692.299301
montandoni,trinacris,692.299301
montandoni,varius,692.299601
montandoni,ruber,692.299601
montandoni,nuchalis,692.299601
montandoni,salar,898.145401
montandoni,trutta,898.145401
montandoni,senegalensis,898.145401
montandoni,aegyptiaca,898.145401
vulgaris,bombina,629.707001
vulgaris,variegata,629.707001
vulgaris,marmoratus,85.590887
vulgaris,pygmaeus,85.590887
vulgaris,ivanbureschi,85.590887
vulgaris,anatolicus,85.590887
vulgaris,macedonicus,85.590887
vulgaris,cristatus,85.590887
vulgaris,montandoni,7.94
vulgaris,vulgaris,0
vulgaris,glareolus,692.299501
vulgaris,rutilus,692.299501
vulgaris,bocagei,692.299601
vulgaris,guadarramae,692.299601
vulgaris,virescens,692.299601
vulgaris,hispanicus,692.299601
vulgaris,vaucheri,692.299601
vulgaris,carbonelli,692.299601
vulgaris,liolepis,692.299601
vulgaris,astreptophora,692.299201
vulgaris,helvetica,692.299201
vulgaris,natrix,692.299201
vulgaris,colchica,692.299301
vulgaris,fragilis,692.299301
vulgaris,orbicularis,692.299301
vulgaris,trinacris,692.299301
vulgaris,varius,692.299601
vulgaris,ruber,692.299601
vulgaris,nuchalis,692.299601
vulgaris,salar,898.145401
vulgaris,trutta,898.145401
vulgaris,senegalensis,898.145401
vulgaris,aegyptiaca,898.145401
glareolus,bombina,692.2997
glareolus,variegata,692.2997
glareolus,marmoratus,692.2995
glareolus,pygmaeus,692.2995
glareolus,ivanbureschi,692.2995
glareolus,anatolicus,692.2995
glareolus,macedonicus,692.2995
glareolus,cristatus,692.2995
glareolus,montandoni,692.299501
glareolus,vulgaris,692.299501
glareolus,glareolus,0
glareolus,rutilus,7.2
glareolus,bocagei,633.2801
glareolus,guadarramae,633.2801
glareolus,virescens,633.2801
glareolus,hispanicus,633.2801
glareolus,vaucheri,633.2801
glareolus,carbonelli,633.2801
glareolus,liolepis,633.2801
glareolus,astreptophora,633.2797
glareolus,helvetica,633.2797
glareolus,natrix,633.2797
glareolus,colchica,633.2798
glareolus,fragilis,633.2798
glareolus,orbicularis,633.2798
glareolus,trinacris,633.2798
glareolus,varius,633.2801
glareolus,ruber,633.2801
glareolus,nuchalis,633.2801
glareolus,salar,898.1455
glareolus,trutta,898.1455
glareolus,senegalensis,898.1455
glareolus,aegyptiaca,898.1455
rutilus,bombina,692.2997
rutilus,variegata,692.2997
rutilus,marmoratus,692.2995
rutilus,pygmaeus,692.2995
rutilus,ivanbureschi,692.2995
rutilus,anatolicus,692.2995
rutilus,macedonicus,692.2995
rutilus,cristatus,692.2995
rutilus,montandoni,692.299501
rutilus,vulgaris,692.299501
rutilus,glareolus,7.2
rutilus,rutilus,0
rutilus,bocagei,633.2801
rutilus,guadarramae,633.2801
rutilus,virescens,633.2801
rutilus,hispanicus,633.2801
rutilus,vaucheri,633.2801
rutilus,carbonelli,633.2801
rutilus,liolepis,633.2801
rutilus,astreptophora,633.2797
rutilus,helvetica,633.2797
rutilus,natrix,633.2797
rutilus,colchica,633.2798
rutilus,fragilis,633.2798
rutilus,orbicularis,633.2798
rutilus,trinacris,633.2798
rutilus,varius,633.2801
rutilus,ruber,633.2801
rutilus,nuchalis,633.2801
rutilus,salar,898.1455
rutilus,trutta,898.1455
rutilus,senegalensis,898.1455
rutilus,aegyptiaca,898.1455
bocagei,bombina,692.2998
bocagei,variegata,692.2998
bocagei,marmoratus,692.2996
bocagei,pygmaeus,692.2996
bocagei,ivanbureschi,692.2996
bocagei,anatolicus,692.2996
bocagei,macedonicus,692.2996
bocagei,cristatus,692.2996
bocagei,montandoni,692.299601
bocagei,vulgaris,692.299601
bocagei,glareolus,633.2801
bocagei,rutilus,633.2801
bocagei,bocagei,0
bocagei,guadarramae,7
bocagei,virescens,8
bocagei,hispanicus,9.4
bocagei,vaucheri,9.4
bocagei,carbonelli,10.6
bocagei,liolepis,13.6
bocagei,astreptophora,371.6648
bocagei,helvetica,371.6648
bocagei,natrix,371.6648
bocagei,colchica,371.6649
bocagei,fragilis,371.6649
bocagei,orbicularis,588.8563
bocagei,trinacris,588.8563
bocagei,varius,588.8566
bocagei,ruber,588.8566
bocagei,nuchalis,588.8566
bocagei,salar,898.1456
bocagei,trutta,898.1456
bocagei,senegalensis,898.1456
bocagei,aegyptiaca,898.1456
guadarramae,bombina,692.2998
guadarramae,variegata,692.2998
guadarramae,marmoratus,692.2996
guadarramae,pygmaeus,692.2996
guadarramae,ivanbureschi,692.2996
guadarramae,anatolicus,692.2996
guadarramae,macedonicus,692.2996
guadarramae,cristatus,692.2996
guadarramae,montandoni,692.299601
guadarramae,vulgaris,692.299601
guadarramae,glareolus,633.2801
guadarramae,rutilus,633.2801
guadarramae,bocagei,7
guadarramae,guadarramae,0
guadarramae,virescens,8
guadarramae,hispanicus,9.4
guadarramae,vaucheri,9.4
guadarramae,carbonelli,10.6
guadarramae,liolepis,13.6
guadarramae,astreptophora,371.6648
guadarramae,helvetica,371.6648
guadarramae,natrix,371.6648
guadarramae,colchica,371.6649
guadarramae,fragilis,371.6649
guadarramae,orbicularis,588.8563
guadarramae,trinacris,588.8563
guadarramae,varius,588.8566
guadarramae,ruber,588.8566
guadarramae,nuchalis,588.8566
guadarramae,salar,898.1456
guadarramae,trutta,898.1456
guadarramae,senegalensis,898.1456
guadarramae,aegyptiaca,898.1456
virescens,bombina,692.2998
virescens,variegata,692.2998
virescens,marmoratus,692.2996
virescens,pygmaeus,692.2996
virescens,ivanbureschi,692.2996
virescens,anatolicus,692.2996
virescens,macedonicus,692.2996
virescens,cristatus,692.2996
virescens,montandoni,692.299601
virescens,vulgaris,692.299601
virescens,glareolus,633.2801
virescens,rutilus,633.2801
virescens,bocagei,8
virescens,guadarramae,8
virescens,virescens,0
virescens,hispanicus,9.4
virescens,vaucheri,9.4
virescens,carbonelli,10.6
virescens,liolepis,13.6
virescens,astreptophora,371.6648
virescens,helvetica,371.6648
virescens,natrix,371.6648
virescens,colchica,371.6649
virescens,fragilis,371.6649
virescens,orbicularis,588.8563
virescens,trinacris,588.8563
virescens,varius,588.8566
virescens,ruber,588.8566
virescens,nuchalis,588.8566
virescens,salar,898.1456
virescens,trutta,898.1456
virescens,senegalensis,898.1456
virescens,aegyptiaca,898.1456
hispanicus,bombina,692.2998
hispanicus,variegata,692.2998
hispanicus,marmoratus,692.2996
hispanicus,pygmaeus,692.2996
hispanicus,ivanbureschi,692.2996
hispanicus,anatolicus,692.2996
hispanicus,macedonicus,692.2996
hispanicus,cristatus,692.2996
hispanicus,montandoni,692.299601
hispanicus,vulgaris,692.299601
hispanicus,glareolus,633.2801
hispanicus,rutilus,633.2801
hispanicus,bocagei,9.4
hispanicus,guadarramae,9.4
hispanicus,virescens,9.4
hispanicus,hispanicus,0
hispanicus,vaucheri,8.4
hispanicus,carbonelli,10.6
hispanicus,liolepis,13.6
hispanicus,astreptophora,371.6648
hispanicus,helvetica,371.6648
hispanicus,natrix,371.6648
hispanicus,colchica,371.6649
hispanicus,fragilis,371.6649
hispanicus,orbicularis,588.8563
hispanicus,trinacris,588.8563
hispanicus,varius,588.8566
hispanicus,ruber,588.8566
hispanicus,nuchalis,588.8566
hispanicus,salar,898.1456
hispanicus,trutta,898.1456
hispanicus,senegalensis,898.1456
hispanicus,aegyptiaca,898.1456
vaucheri,bombina,692.2998
vaucheri,variegata,692.2998
vaucheri,marmoratus,692.2996
vaucheri,pygmaeus,692.2996
vaucheri,ivanbureschi,692.2996
vaucheri,anatolicus,692.2996
vaucheri,macedonicus,692.2996
vaucheri,cristatus,692.2996
vaucheri,montandoni,692.299601
vaucheri,vulgaris,692.299601
vaucheri,glareolus,633.2801
vaucheri,rutilus,633.2801
vaucheri,bocagei,9.4
vaucheri,guadarramae,9.4
vaucheri,virescens,9.4
vaucheri,hispanicus,8.4
vaucheri,vaucheri,0
vaucheri,carbonelli,10.6
vaucheri,liolepis,13.6
vaucheri,astreptophora,371.6648
vaucheri,helvetica,371.6648
vaucheri,natrix,371.6648
vaucheri,colchica,371.6649
vaucheri,fragilis,371.6649
vaucheri,orbicularis,588.8563
vaucheri,trinacris,588.8563
vaucheri,varius,588.8566
vaucheri,ruber,588.8566
vaucheri,nuchalis,588.8566
vaucheri,salar,898.1456
vaucheri,trutta,898.1456
vaucheri,senegalensis,898.1456
vaucheri,aegyptiaca,898.1456
carbonelli,bombina,692.2998
carbonelli,variegata,692.2998
carbonelli,marmoratus,692.2996
carbonelli,pygmaeus,692.2996
carbonelli,ivanbureschi,692.2996
carbonelli,anatolicus,692.2996
carbonelli,macedonicus,692.2996
carbonelli,cristatus,692.2996
carbonelli,montandoni,692.299601
carbonelli,vulgaris,692.299601
carbonelli,glareolus,633.2801
carbonelli,rutilus,633.2801
carbonelli,bocagei,10.6
carbonelli,guadarramae,10.6
carbonelli,virescens,10.6
carbonelli,hispanicus,10.6
carbonelli,vaucheri,10.6
carbonelli,carbonelli,0
carbonelli,liolepis,13.6
carbonelli,astreptophora,371.6648
carbonelli,helvetica,371.6648
carbonelli,natrix,371.6648
carbonelli,colchica,371.6649
carbonelli,fragilis,371.6649
carbonelli,orbicularis,588.8563
carbonelli,trinacris,588.8563
carbonelli,varius,588.8566
carbonelli,ruber,588.8566
carbonelli,nuchalis,588.8566
carbonelli,salar,898.1456
carbonelli,trutta,898.1456
carbonelli,senegalensis,898.1456
carbonelli,aegyptiaca,898.1456
liolepis,bombina,692.2998
liolepis,variegata,692.2998
liolepis,marmoratus,692.2996
liolepis,pygmaeus,692.2996
liolepis,ivanbureschi,692.2996
liolepis,anatolicus,692.2996
liolepis,macedonicus,692.2996
liolepis,cristatus,692.2996
liolepis,montandoni,692.299601
liolepis,vulgaris,692.299601
liolepis,glareolus,633.2801
liolepis,rutilus,633.2801
liolepis,bocagei,13.6
liolepis,guadarramae,13.6
liolepis,virescens,13.6
liolepis,hispanicus,13.6
liolepis,vaucheri,13.6
liolepis,carbonelli,13.6
liolepis,liolepis,0
liolepis,astreptophora,371.6648
liolepis,helvetica,371.6648
liolepis,natrix,371.6648
liolepis,colchica,371.6649
liolepis,fragilis,371.6649
liolepis,orbicularis,588.8563
liolepis,trinacris,588.8563
liolepis,varius,588.8566
liolepis,ruber,588.8566
liolepis,nuchalis,588.8566
liolepis,salar,898.1456
liolepis,trutta,898.1456
liolepis,senegalensis,898.1456
liolepis,aegyptiaca,898.1456
astreptophora,bombina,692.2994
astreptophora,variegata,692.2994
astreptophora,marmoratus,692.2992
astreptophora,pygmaeus,692.2992
astreptophora,ivanbureschi,692.2992
astreptophora,anatolicus,692.2992
astreptophora,macedonicus,692.2992
astreptophora,cristatus,692.2992
astreptophora,montandoni,692.299201
astreptophora,vulgaris,692.299201
astreptophora,glareolus,633.2797
astreptophora,rutilus,633.2797
astreptophora,bocagei,371.6648
astreptophora,guadarramae,371.6648
astreptophora,virescens,371.6648
astreptophora,hispanicus,371.6648
astreptophora,vaucheri,371.6648
astreptophora,carbonelli,371.6648
astreptophora,liolepis,371.6648
astreptophora,astreptophora,0
astreptophora,helvetica,21.2
astreptophora,natrix,21.2
astreptophora,colchica,358.6047
astreptophora,fragilis,358.6047
astreptophora,orbicularis,588.8559
astreptophora,trinacris,588.8559
astreptophora,varius,588.8562
astreptophora,ruber,588.8562
astreptophora,nuchalis,588.8562
astreptophora,salar,898.1452
astreptophora,trutta,898.1452
astreptophora,senegalensis,898.1452
astreptophora,aegyptiaca,898.1452
helvetica,bombina,692.2994
helvetica,variegata,692.2994
helvetica,marmoratus,692.2992
helvetica,pygmaeus,692.2992
helvetica,ivanbureschi,692.2992
helvetica,anatolicus,692.2992
helvetica,macedonicus,692.2992
helvetica,cristatus,692.2992
helvetica,montandoni,692.299201
helvetica,vulgaris,692.299201
helvetica,glareolus,633.2797
helvetica,rutilus,633.2797
helvetica,bocagei,371.6648
helvetica,guadarramae,371.6648
helvetica,virescens,371.6648
helvetica,hispanicus,371.6648
helvetica,vaucheri,371.6648
helvetica,carbonelli,371.6648
helvetica,liolepis,371.6648
helvetica,astreptophora,21.2
helvetica,helvetica,0
helvetica,natrix,17.2
helvetica,colchica,358.6047
helvetica,fragilis,358.6047
helvetica,orbicularis,588.8559
helvetica,trinacris,588.8559
helvetica,varius,588.8562
helvetica,ruber,588.8562
helvetica,nuchalis,588.8562
helvetica,salar,898.1452
helvetica,trutta,898.1452
helvetica,senegalensis,898.1452
helvetica,aegyptiaca,898.1452
natrix,bombina,692.2994
natrix,variegata,692.2994
natrix,marmoratus,692.2992
natrix,pygmaeus,692.2992
natrix,ivanbureschi,692.2992
natrix,anatolicus,692.2992
natrix,macedonicus,692.2992
natrix,cristatus,692.2992
natrix,montandoni,692.299201
natrix,vulgaris,692.299201
natrix,glareolus,633.2797
natrix,rutilus,633.2797
natrix,bocagei,371.6648
natrix,guadarramae,371.6648
natrix,virescens,371.6648
natrix,hispanicus,371.6648
natrix,vaucheri,371.6648
natrix,carbonelli,371.6648
natrix,liolepis,371.6648
natrix,astreptophora,21.2
natrix,helvetica,17.2
natrix,natrix,0
natrix,colchica,358.6047
natrix,fragilis,358.6047
natrix,orbicularis,588.8559
natrix,trinacris,588.8559
natrix,varius,588.8562
natrix,ruber,588.8562
natrix,nuchalis,588.8562
natrix,salar,898.1452
natrix,trutta,898.1452
natrix,senegalensis,898.1452
natrix,aegyptiaca,898.1452
colchica,bombina,692.2995
colchica,variegata,692.2995
colchica,marmoratus,692.2993
colchica,pygmaeus,692.2993
colchica,ivanbureschi,692.2993
colchica,anatolicus,692.2993
colchica,macedonicus,692.2993
colchica,cristatus,692.2993
colchica,montandoni,692.299301
colchica,vulgaris,692.299301
colchica,glareolus,633.2798
colchica,rutilus,633.2798
colchica,bocagei,371.6649
colchica,guadarramae,371.6649
colchica,virescens,371.6649
colchica,hispanicus,371.6649
colchica,vaucheri,371.6649
colchica,carbonelli,371.6649
colchica,liolepis,371.6649
colchica,astreptophora,358.6047
colchica,helvetica,358.6047
colchica,natrix,358.6047
colchica,colchica,0
colchica,fragilis,8.2
colchica,orbicularis,588.856
colchica,trinacris,588.856
colchica,varius,588.8563
colchica,ruber,588.8563
colchica,nuchalis,588.8563
colchica,salar,898.1453
colchica,trutta,898.1453
colchica,senegalensis,898.1453
colchica,aegyptiaca,898.1453
fragilis,bombina,692.2995
fragilis,variegata,692.2995
fragilis,marmoratus,692.2993
fragilis,pygmaeus,692.2993
fragilis,ivanbureschi,692.2993
fragilis,anatolicus,692.2993
fragilis,macedonicus,692.2993
fragilis,cristatus,692.2993
fragilis,montandoni,692.299301
fragilis,vulgaris,692.299301
fragilis,glareolus,633.2798
fragilis,rutilus,633.2798
fragilis,bocagei,371.6649
fragilis,guadarramae,371.6649
fragilis,virescens,371.6649
fragilis,hispanicus,371.6649
fragilis,vaucheri,371.6649
fragilis,carbonelli,371.6649
fragilis,liolepis,371.6649
fragilis,astreptophora,358.6047
fragilis,helvetica,358.6047
fragilis,natrix,358.6047
fragilis,colchica,8.2
fragilis,fragilis,0
fragilis,orbicularis,588.856
fragilis,trinacris,588.856
fragilis,varius,588.8563
fragilis,ruber,588.8563
fragilis,nuchalis,588.8563
fragilis,salar,898.1453
fragilis,trutta,898.1453
fragilis,senegalensis,898.1453
fragilis,aegyptiaca,898.1453
orbicularis,bombina,692.2995
orbicularis,variegata,692.2995
orbicularis,marmoratus,692.2993
orbicularis,pygmaeus,692.2993
orbicularis,ivanbureschi,692.2993
orbicularis,anatolicus,692.2993
orbicularis,macedonicus,692.2993
orbicularis,cristatus,692.2993
orbicularis,montandoni,692.299301
orbicularis,vulgaris,692.299301
orbicularis,glareolus,633.2798
orbicularis,rutilus,633.2798
orbicularis,bocagei,588.8563
orbicularis,guadarramae,588.8563
orbicularis,virescens,588.8563
orbicularis,hispanicus,588.8563
orbicularis,vaucheri,588.8563
orbicularis,carbonelli,588.8563
orbicularis,liolepis,588.8563
orbicularis,astreptophora,588.8559
orbicularis,helvetica,588.8559
orbicularis,natrix,588.8559
orbicularis,colchica,588.856
orbicularis,fragilis,588.856
orbicularis,orbicularis,0
orbicularis,trinacris,10
orbicularis,varius,563.4293
orbicularis,ruber,563.4293
orbicularis,nuchalis,563.4293
orbicularis,salar,898.1453
orbicularis,trutta,898.1453
orbicularis,senegalensis,898.1453
orbicularis,aegyptiaca,898.1453
trinacris,bombina,692.2995
trinacris,variegata,692.2995
trinacris,marmoratus,692.2993
trinacris,pygmaeus,692.2993
trinacris,ivanbureschi,692.2993
trinacris,anatolicus,692.2993
trinacris,macedonicus,692.2993
trinacris,cristatus,692.2993
trinacris,montandoni,692.299301
trinacris,vulgaris,692.299301
trinacris,glareolus,633.2798
trinacris,rutilus,633.2798
trinacris,bocagei,588.8563
trinacris,guadarramae,588.8563
trinacris,virescens,588.8563
trinacris,hispanicus,588.8563
trinacris,vaucheri,588.8563
trinacris,carbonelli,588.8563
trinacris,liolepis,588.8563
trinacris,astreptophora,588.8559
trinacris,helvetica,588.8559
trinacris,natrix,588.8559
trinacris,colchica,588.856
trinacris,fragilis,588.856
trinacris,orbicularis,10
trinacris,trinacris,0
trinacris,varius,563.4293
trinacris,ruber,563.4293
trinacris,nuchalis,563.4293
trinacris,salar,898.1453
trinacris,trutta,898.1453
trinacris,senegalensis,898.1453
trinacris,aegyptiaca,898.1453
varius,bombina,692.2998
varius,variegata,692.2998
varius,marmoratus,692.2996
varius,pygmaeus,692.2996
varius,ivanbureschi,692.2996
varius,anatolicus,692.2996
varius,macedonicus,692.2996
varius,cristatus,692.2996
varius,montandoni,692.299601
varius,vulgaris,692.299601
varius,glareolus,633.2801
varius,rutilus,633.2801
varius,bocagei,588.8566
varius,guadarramae,588.8566
varius,virescens,588.8566
varius,hispanicus,588.8566
varius,vaucheri,588.8566
varius,carbonelli,588.8566
varius,liolepis,588.8566
varius,astreptophora,588.8562
varius,helvetica,588.8562
varius,natrix,588.8562
varius,colchica,588.8563
varius,fragilis,588.8563
varius,orbicularis,563.4293
varius,trinacris,563.4293
varius,varius,0
varius,ruber,2.2
varius,nuchalis,2.2
varius,salar,898.1456
varius,trutta,898.1456
varius,senegalensis,898.1456
varius,aegyptiaca,898.1456
ruber,bombina,692.2998
ruber,variegata,692.2998
ruber,marmoratus,692.2996
ruber,pygmaeus,692.2996
ruber,ivanbureschi,692.2996
ruber,anatolicus,692.2996
ruber,macedonicus,692.2996
ruber,cristatus,692.2996
ruber,montandoni,692.299601
ruber,vulgaris,692.299601
ruber,glareolus,633.2801
ruber,rutilus,633.2801
ruber,bocagei,588.8566
ruber,guadarramae,588.8566
ruber,virescens,588.8566
ruber,hispanicus,588.8566
ruber,vaucheri,588.8566
ruber,carbonelli,588.8566
ruber,liolepis,588.8566
ruber,astreptophora,588.8562
ruber,helvetica,588.8562
ruber,natrix,588.8562
ruber,colchica,588.8563
ruber,fragilis,588.8563
ruber,orbicularis,563.4293
ruber,trinacris,563.4293
ruber,varius,2.2
ruber,ruber,0
ruber,nuchalis,0.6
ruber,salar,898.1456
ruber,trutta,898.1456
ruber,senegalensis,898.1456
ruber,aegyptiaca,898.1456
nuchalis,bombina,692.2998
nuchalis,variegata,692.2998
nuchalis,marmoratus,692.2996
nuchalis,pygmaeus,692.2996
nuchalis,ivanbureschi,692.2996
nuchalis,anatolicus,692.2996
nuchalis,macedonicus,692.2996
nuchalis,cristatus,692.2996
nuchalis,montandoni,692.299601
nuchalis,vulgaris,692.299601
nuchalis,glareolus,633.2801
nuchalis,rutilus,633.2801
nuchalis,bocagei,588.8566
nuchalis,guadarramae,588.8566
nuchalis,virescens,588.8566
nuchalis,hispanicus,588.8566
nuchalis,vaucheri,588.8566
nuchalis,carbonelli,588.8566
nuchalis,liolepis,588.8566
nuchalis,astreptophora,588.8562
nuchalis,helvetica,588.8562
nuchalis,natrix,588.8562
nuchalis,colchica,588.8563
nuchalis,fragilis,588.8563
nuchalis,orbicularis,563.4293
nuchalis,trinacris,563.4293
nuchalis,varius,2.2
nuchalis,ruber,0.6
nuchalis,nuchalis,0
nuchalis,salar,898.1456
nuchalis,trutta,898.1456
nuchalis,senegalensis,898.1456
nuchalis,aegyptiaca,898.1456
salar,bombina,898.1456
salar,variegata,898.1456
salar,marmoratus,898.1454
salar,pygmaeus,898.1454
salar,ivanbureschi,898.1454
salar,anatolicus,898.1454
salar,macedonicus,898.1454
salar,cristatus,898.1454
salar,montandoni,898.145401
salar,vulgaris,898.145401
salar,glareolus,898.1455
salar,rutilus,898.1455
salar,bocagei,898.1456
salar,guadarramae,898.1456
salar,virescens,898.1456
salar,hispanicus,898.1456
salar,vaucheri,898.1456
salar,carbonelli,898.1456
salar,liolepis,898.1456
salar,astreptophora,898.1452
salar,helvetica,898.1452
salar,natrix,898.1452
salar,colchica,898.1453
salar,fragilis,898.1453
salar,orbicularis,898.1453
salar,trinacris,898.1453
salar,varius,898.1456
salar,ruber,898.1456
salar,nuchalis,898.1456
salar,salar,0
salar,trutta,16.6
salar,senegalensis,332
salar,aegyptiaca,332
trutta,bombina,898.1456
trutta,variegata,898.1456
trutta,marmoratus,898.1454
trutta,pygmaeus,898.1454
trutta,ivanbureschi,898.1454
trutta,anatolicus,898.1454
trutta,macedonicus,898.1454
trutta,cristatus,898.1454
trutta,montandoni,898.145401
trutta,vulgaris,898.145401
trutta,glareolus,898.1455
trutta,rutilus,898.1455
trutta,bocagei,898.1456
trutta,guadarramae,898.1456
trutta,virescens,898.1456
trutta,hispanicus,898.1456
trutta,vaucheri,898.1456
trutta,carbonelli,898.1456
trutta,liolepis,898.1456
trutta,astreptophora,898.1452
trutta,helvetica,898.1452
trutta,natrix,898.1452
trutta,colchica,898.1453
trutta,fragilis,898.1453
trutta,orbicularis,898.1453
trutta,trinacris,898.1453
trutta,varius,898.1456
trutta,ruber,898.1456
trutta,nuchalis,898.1456
trutta,salar,16.6
trutta,trutta,0
trutta,senegalensis,332
trutta,aegyptiaca,332
senegalensis,bombina,898.1456
senegalensis,variegata,898.1456
senegalensis,marmoratus,898.1454
senegalensis,pygmaeus,898.1454
senegalensis,ivanbureschi,898.1454
senegalensis,anatolicus,898.1454
senegalensis,macedonicus,898.1454
senegalensis,cristatus,898.1454
senegalensis,montandoni,898.145401
senegalensis,vulgaris,898.145401
senegalensis,glareolus,898.1455
senegalensis,rutilus,898.1455
senegalensis,bocagei,898.1456
senegalensis,guadarramae,898.1456
senegalensis,virescens,898.1456
senegalensis,hispanicus,898.1456
senegalensis,vaucheri,898.1456
senegalensis,carbonelli,898.1456
senegalensis,liolepis,898.1456
senegalensis,astreptophora,898.1452
senegalensis,helvetica,898.1452
senegalensis,natrix,898.1452
senegalensis,colchica,898.1453
senegalensis,fragilis,898.1453
senegalensis,orbicularis,898.1453
senegalensis,trinacris,898.1453
senegalensis,varius,898.1456
senegalensis,ruber,898.1456
senegalensis,nuchalis,898.1456
senegalensis,salar,332
senegalensis,trutta,332
senegalensis,senegalensis,0
senegalensis,aegyptiaca,19.2
aegyptiaca,bombina,898.1456
aegyptiaca,variegata,898.1456
aegyptiaca,marmoratus,898.1454
aegyptiaca,pygmaeus,898.1454
aegyptiaca,ivanbureschi,898.1454
aegyptiaca,anatolicus,898.1454
aegyptiaca,macedonicus,898.1454
aegyptiaca,cristatus,898.1454
aegyptiaca,montandoni,898.145401
aegyptiaca,vulgaris,898.145401
aegyptiaca,glareolus,898.1455
aegyptiaca,rutilus,898.1455
aegyptiaca,bocagei,898.1456
aegyptiaca,guadarramae,898.1456
aegyptiaca,virescens,898.1456
aegyptiaca,hispanicus,898.1456
aegyptiaca,vaucheri,898.1456
aegyptiaca,carbonelli,898.1456
aegyptiaca,liolepis,898.1456
aegyptiaca,astreptophora,898.1452
aegyptiaca,helvetica,898.1452
aegyptiaca,natrix,898.1452
aegyptiaca,colchica,898.1453
aegyptiaca,fragilis,898.1453
aegyptiaca,orbicularis,898.1453
aegyptiaca,trinacris,898.1453
aegyptiaca,varius,898.1456
aegyptiaca,ruber,898.1456
aegyptiaca,nuchalis,898.1456
aegyptiaca,salar,332
aegyptiaca,trutta,332
aegyptiaca,senegalensis,19.2
aegyptiaca,aegyptiaca,0
